Fecha,idCerveza,NombreCerveza,Precio,CantidadVendida,Ganancia
01/01/2022,1,Black Heart,8.56,81,693.36
01/01/2022,2,Fools Gold,8.07,95,766.65
01/01/2022,3,Cold Beer B,7.05,58,408.9
01/01/2022,4,Lost Lager,7.23,83,600.09
01/01/2022,5,King Crush,8.29,22,182.38
01/01/2022,6,Wingman Tro,7.55,57,430.35
01/01/2022,7,Grind Stout,7.86,10,78.6
01/01/2022,8,Juice Shack,8.31,93,772.83
01/01/2022,9,Rocky Road,8.4,63,529.2
01/01/2022,10,Wingman,8.34,8,66.72
01/01/2022,11,Arcade Made,8.82,98,864.36
01/01/2022,12,Punk IPA,7.81,13,101.53
01/01/2022,13,Hazy Jane,8.46,84,710.64
01/01/2022,14,Shore Leave,7.74,27,208.98
01/01/2022,15,Simcoe Solo,7.29,48,349.92
01/01/2022,16,Lucky Break,8.37,0,0
02/01/2022,1,Black Heart,8.56,64,547.84
02/01/2022,2,Fools Gold,8.07,42,338.94
02/01/2022,3,Cold Beer B,7.05,66,465.3
02/01/2022,4,Lost Lager,7.23,78,563.94
02/01/2022,5,King Crush,8.29,82,679.78
02/01/2022,6,Wingman Tro,7.55,9,67.95
02/01/2022,7,Grind Stout,7.86,7,55.02
02/01/2022,8,Juice Shack,8.31,84,698.04
02/01/2022,9,Rocky Road,8.4,93,781.2
02/01/2022,10,Wingman,8.34,4,33.36
02/01/2022,11,Arcade Made,8.82,44,388.08
02/01/2022,12,Punk IPA,7.81,31,242.11
02/01/2022,13,Hazy Jane,8.46,63,532.98
02/01/2022,14,Shore Leave,7.74,11,85.14
02/01/2022,15,Simcoe Solo,7.29,74,539.46
02/01/2022,16,Lucky Break,8.37,55,460.35
03/01/2022,1,Black Heart,8.56,39,333.84
03/01/2022,2,Fools Gold,8.07,2,16.14
03/01/2022,3,Cold Beer B,7.05,38,267.9
03/01/2022,4,Lost Lager,7.23,92,665.16
03/01/2022,5,King Crush,8.29,56,464.24
03/01/2022,6,Wingman Tro,7.55,87,656.85
03/01/2022,7,Grind Stout,7.86,84,660.24
03/01/2022,8,Juice Shack,8.31,55,457.05
03/01/2022,9,Rocky Road,8.4,73,613.2
03/01/2022,10,Wingman,8.34,10,83.4
03/01/2022,11,Arcade Made,8.82,44,388.08
03/01/2022,12,Punk IPA,7.81,64,499.84
03/01/2022,13,Hazy Jane,8.46,83,702.18
03/01/2022,14,Shore Leave,7.74,37,286.38
03/01/2022,15,Simcoe Solo,7.29,87,634.23
03/01/2022,16,Lucky Break,8.37,27,225.99
04/01/2022,1,Black Heart,8.56,22,188.32
04/01/2022,2,Fools Gold,8.07,43,347.01
04/01/2022,3,Cold Beer B,7.05,91,641.55
04/01/2022,4,Lost Lager,7.23,36,260.28
04/01/2022,5,King Crush,8.29,94,779.26
04/01/2022,6,Wingman Tro,7.55,18,135.9
04/01/2022,7,Grind Stout,7.86,30,235.8
04/01/2022,8,Juice Shack,8.31,17,141.27
04/01/2022,9,Rocky Road,8.4,27,226.8
04/01/2022,10,Wingman,8.34,77,642.18
04/01/2022,11,Arcade Made,8.82,71,626.22
04/01/2022,12,Punk IPA,7.81,50,390.5
04/01/2022,13,Hazy Jane,8.46,74,626.04
04/01/2022,14,Shore Leave,7.74,97,750.78
04/01/2022,15,Simcoe Solo,7.29,2,14.58
04/01/2022,16,Lucky Break,8.37,98,820.26
05/01/2022,1,Black Heart,8.56,24,205.44
05/01/2022,2,Fools Gold,8.07,73,589.11
05/01/2022,3,Cold Beer B,7.05,31,218.55
05/01/2022,4,Lost Lager,7.23,77,556.71
05/01/2022,5,King Crush,8.29,3,24.87
05/01/2022,6,Wingman Tro,7.55,52,392.6
05/01/2022,7,Grind Stout,7.86,74,581.64
05/01/2022,8,Juice Shack,8.31,86,714.66
05/01/2022,9,Rocky Road,8.4,15,126
05/01/2022,10,Wingman,8.34,82,683.88
05/01/2022,11,Arcade Made,8.82,77,679.14
05/01/2022,12,Punk IPA,7.81,48,374.88
05/01/2022,13,Hazy Jane,8.46,34,287.64
05/01/2022,14,Shore Leave,7.74,8,61.92
05/01/2022,15,Simcoe Solo,7.29,16,116.64
05/01/2022,16,Lucky Break,8.37,16,133.92
06/01/2022,1,Black Heart,8.56,5,42.8
06/01/2022,2,Fools Gold,8.07,39,314.73
06/01/2022,3,Cold Beer B,7.05,22,155.1
06/01/2022,4,Lost Lager,7.23,83,600.09
06/01/2022,5,King Crush,8.29,82,679.78
06/01/2022,6,Wingman Tro,7.55,23,173.65
06/01/2022,7,Grind Stout,7.86,49,385.14
06/01/2022,8,Juice Shack,8.31,37,307.47
06/01/2022,9,Rocky Road,8.4,10,84
06/01/2022,10,Wingman,8.34,65,542.1
06/01/2022,11,Arcade Made,8.82,74,652.68
06/01/2022,12,Punk IPA,7.81,96,749.76
06/01/2022,13,Hazy Jane,8.46,38,321.48
06/01/2022,14,Shore Leave,7.74,20,154.8
06/01/2022,15,Simcoe Solo,7.29,92,670.68
06/01/2022,16,Lucky Break,8.37,72,602.64
07/01/2022,1,Black Heart,8.56,64,547.84
07/01/2022,2,Fools Gold,8.07,71,572.97
07/01/2022,3,Cold Beer B,7.05,16,112.8
07/01/2022,4,Lost Lager,7.23,2,14.46
07/01/2022,5,King Crush,8.29,97,804.13
07/01/2022,6,Wingman Tro,7.55,86,649.3
07/01/2022,7,Grind Stout,7.86,68,534.48
07/01/2022,8,Juice Shack,8.31,41,340.71
07/01/2022,9,Rocky Road,8.4,67,562.8
07/01/2022,10,Wingman,8.34,42,350.28
07/01/2022,11,Arcade Made,8.82,62,546.84
07/01/2022,12,Punk IPA,7.81,40,312.4
07/01/2022,13,Hazy Jane,8.46,36,304.56
07/01/2022,14,Shore Leave,7.74,21,162.54
07/01/2022,15,Simcoe Solo,7.29,89,648.81
07/01/2022,16,Lucky Break,8.37,53,443.61
08/01/2022,1,Black Heart,8.56,27,231.12
08/01/2022,2,Fools Gold,8.07,41,330.87
08/01/2022,3,Cold Beer B,7.05,99,697.95
08/01/2022,4,Lost Lager,7.23,37,267.51
08/01/2022,5,King Crush,8.29,5,41.45
08/01/2022,6,Wingman Tro,7.55,22,166.1
08/01/2022,7,Grind Stout,7.86,82,644.52
08/01/2022,8,Juice Shack,8.31,59,490.29
08/01/2022,9,Rocky Road,8.4,36,302.4
08/01/2022,10,Wingman,8.34,42,350.28
08/01/2022,11,Arcade Made,8.82,91,802.62
08/01/2022,12,Punk IPA,7.81,30,234.3
08/01/2022,13,Hazy Jane,8.46,11,93.06
08/01/2022,14,Shore Leave,7.74,38,294.12
08/01/2022,15,Simcoe Solo,7.29,33,240.57
08/01/2022,16,Lucky Break,8.37,64,535.68
09/01/2022,1,Black Heart,8.56,45,385.2
09/01/2022,2,Fools Gold,8.07,76,613.32
09/01/2022,3,Cold Beer B,7.05,57,401.85
09/01/2022,4,Lost Lager,7.23,57,412.11
09/01/2022,5,King Crush,8.29,53,439.37
09/01/2022,6,Wingman Tro,7.55,73,551.15
09/01/2022,7,Grind Stout,7.86,1,7.86
09/01/2022,8,Juice Shack,8.31,20,166.2
09/01/2022,9,Rocky Road,8.4,10,84
09/01/2022,10,Wingman,8.34,67,558.78
09/01/2022,11,Arcade Made,8.82,31,273.42
09/01/2022,12,Punk IPA,7.81,82,640.42
09/01/2022,13,Hazy Jane,8.46,95,803.7
09/01/2022,14,Shore Leave,7.74,40,309.6
09/01/2022,15,Simcoe Solo,7.29,57,415.53
09/01/2022,16,Lucky Break,8.37,55,460.35
10/01/2022,1,Black Heart,8.56,56,479.36
10/01/2022,2,Fools Gold,8.07,77,621.39
10/01/2022,3,Cold Beer B,7.05,65,458.25
10/01/2022,4,Lost Lager,7.23,1,7.23
10/01/2022,5,King Crush,8.29,45,373.05
10/01/2022,6,Wingman Tro,7.55,96,724.8
10/01/2022,7,Grind Stout,7.86,86,675.96
10/01/2022,8,Juice Shack,8.31,24,199.44
10/01/2022,9,Rocky Road,8.4,42,352.8
10/01/2022,10,Wingman,8.34,18,150.12
10/01/2022,11,Arcade Made,8.82,39,343.98
10/01/2022,12,Punk IPA,7.81,77,601.37
10/01/2022,13,Hazy Jane,8.46,56,473.76
10/01/2022,14,Shore Leave,7.74,100,774
10/01/2022,15,Simcoe Solo,7.29,79,575.91
10/01/2022,16,Lucky Break,8.37,85,711.45
11/01/2022,1,Black Heart,8.56,16,136.96
11/01/2022,2,Fools Gold,8.07,83,669.81
11/01/2022,3,Cold Beer B,7.05,63,444.15
11/01/2022,4,Lost Lager,7.23,66,477.18
11/01/2022,5,King Crush,8.29,63,522.27
11/01/2022,6,Wingman Tro,7.55,70,528.5
11/01/2022,7,Grind Stout,7.86,71,558.06
11/01/2022,8,Juice Shack,8.31,57,473.67
11/01/2022,9,Rocky Road,8.4,83,697.2
11/01/2022,10,Wingman,8.34,98,817.32
11/01/2022,11,Arcade Made,8.82,61,538.02
11/01/2022,12,Punk IPA,7.81,15,117.15
11/01/2022,13,Hazy Jane,8.46,18,152.28
11/01/2022,14,Shore Leave,7.74,60,464.4
11/01/2022,15,Simcoe Solo,7.29,91,663.39
11/01/2022,16,Lucky Break,8.37,17,142.29
12/01/2022,1,Black Heart,8.56,20,171.2
12/01/2022,2,Fools Gold,8.07,25,201.75
12/01/2022,3,Cold Beer B,7.05,58,408.9
12/01/2022,4,Lost Lager,7.23,11,79.53
12/01/2022,5,King Crush,8.29,98,812.42
12/01/2022,6,Wingman Tro,7.55,32,241.6
12/01/2022,7,Grind Stout,7.86,13,102.18
12/01/2022,8,Juice Shack,8.31,30,249.3
12/01/2022,9,Rocky Road,8.4,93,781.2
12/01/2022,10,Wingman,8.34,89,742.26
12/01/2022,11,Arcade Made,8.82,46,405.72
12/01/2022,12,Punk IPA,7.81,81,632.61
12/01/2022,13,Hazy Jane,8.46,30,253.8
12/01/2022,14,Shore Leave,7.74,82,634.68
12/01/2022,15,Simcoe Solo,7.29,94,685.26
12/01/2022,16,Lucky Break,8.37,98,820.26
13/01/2022,1,Black Heart,8.56,60,513.6
13/01/2022,2,Fools Gold,8.07,19,153.33
13/01/2022,3,Cold Beer B,7.05,55,387.75
13/01/2022,4,Lost Lager,7.23,70,506.1
13/01/2022,5,King Crush,8.29,72,596.88
13/01/2022,6,Wingman Tro,7.55,76,573.8
13/01/2022,7,Grind Stout,7.86,43,337.98
13/01/2022,8,Juice Shack,8.31,56,465.36
13/01/2022,9,Rocky Road,8.4,44,369.6
13/01/2022,10,Wingman,8.34,5,41.7
13/01/2022,11,Arcade Made,8.82,18,158.76
13/01/2022,12,Punk IPA,7.81,96,749.76
13/01/2022,13,Hazy Jane,8.46,77,651.42
13/01/2022,14,Shore Leave,7.74,84,650.16
13/01/2022,15,Simcoe Solo,7.29,2,14.58
13/01/2022,16,Lucky Break,8.37,40,334.8
14/01/2022,1,Black Heart,8.56,79,676.24
14/01/2022,2,Fools Gold,8.07,34,274.38
14/01/2022,3,Cold Beer B,7.05,67,472.35
14/01/2022,4,Lost Lager,7.23,77,556.71
14/01/2022,5,King Crush,8.29,36,298.44
14/01/2022,6,Wingman Tro,7.55,38,286.9
14/01/2022,7,Grind Stout,7.86,78,613.08
14/01/2022,8,Juice Shack,8.31,1,8.31
14/01/2022,9,Rocky Road,8.4,35,294
14/01/2022,10,Wingman,8.34,100,834
14/01/2022,11,Arcade Made,8.82,100,882
14/01/2022,12,Punk IPA,7.81,30,234.3
14/01/2022,13,Hazy Jane,8.46,63,532.98
14/01/2022,14,Shore Leave,7.74,55,425.7
14/01/2022,15,Simcoe Solo,7.29,30,218.7
14/01/2022,16,Lucky Break,8.37,65,544.05
15/01/2022,1,Black Heart,8.56,43,368.08
15/01/2022,2,Fools Gold,8.07,70,564.9
15/01/2022,3,Cold Beer B,7.05,7,49.35
15/01/2022,4,Lost Lager,7.23,67,484.41
15/01/2022,5,King Crush,8.29,95,787.55
15/01/2022,6,Wingman Tro,7.55,57,430.35
15/01/2022,7,Grind Stout,7.86,23,180.78
15/01/2022,8,Juice Shack,8.31,82,681.42
15/01/2022,9,Rocky Road,8.4,21,176.4
15/01/2022,10,Wingman,8.34,30,250.2
15/01/2022,11,Arcade Made,8.82,9,79.38
15/01/2022,12,Punk IPA,7.81,65,507.65
15/01/2022,13,Hazy Jane,8.46,43,363.78
15/01/2022,14,Shore Leave,7.74,34,263.16
15/01/2022,15,Simcoe Solo,7.29,59,430.11
15/01/2022,16,Lucky Break,8.37,60,502.2
16/01/2022,1,Black Heart,8.56,80,684.8
16/01/2022,2,Fools Gold,8.07,15,121.05
16/01/2022,3,Cold Beer B,7.05,65,458.25
16/01/2022,4,Lost Lager,7.23,46,332.58
16/01/2022,5,King Crush,8.29,54,447.66
16/01/2022,6,Wingman Tro,7.55,51,385.05
16/01/2022,7,Grind Stout,7.86,12,94.32
16/01/2022,8,Juice Shack,8.31,25,207.75
16/01/2022,9,Rocky Road,8.4,53,445.2
16/01/2022,10,Wingman,8.34,24,200.16
16/01/2022,11,Arcade Made,8.82,65,573.3
16/01/2022,12,Punk IPA,7.81,66,515.46
16/01/2022,13,Hazy Jane,8.46,40,338.4
16/01/2022,14,Shore Leave,7.74,33,255.42
16/01/2022,15,Simcoe Solo,7.29,29,211.41
16/01/2022,16,Lucky Break,8.37,4,33.48
17/01/2022,1,Black Heart,8.56,67,573.52
17/01/2022,2,Fools Gold,8.07,62,500.34
17/01/2022,3,Cold Beer B,7.05,47,331.35
17/01/2022,4,Lost Lager,7.23,75,542.25
17/01/2022,5,King Crush,8.29,90,746.1
17/01/2022,6,Wingman Tro,7.55,33,249.15
17/01/2022,7,Grind Stout,7.86,93,730.98
17/01/2022,8,Juice Shack,8.31,33,274.23
17/01/2022,9,Rocky Road,8.4,20,168
17/01/2022,10,Wingman,8.34,43,358.62
17/01/2022,11,Arcade Made,8.82,79,696.78
17/01/2022,12,Punk IPA,7.81,62,484.22
17/01/2022,13,Hazy Jane,8.46,60,507.6
17/01/2022,14,Shore Leave,7.74,74,572.76
17/01/2022,15,Simcoe Solo,7.29,12,87.48
17/01/2022,16,Lucky Break,8.37,5,41.85
18/01/2022,1,Black Heart,8.56,46,393.76
18/01/2022,2,Fools Gold,8.07,14,112.98
18/01/2022,3,Cold Beer B,7.05,41,289.05
18/01/2022,4,Lost Lager,7.23,68,491.64
18/01/2022,5,King Crush,8.29,1,8.29
18/01/2022,6,Wingman Tro,7.55,58,437.9
18/01/2022,7,Grind Stout,7.86,76,597.36
18/01/2022,8,Juice Shack,8.31,13,108.03
18/01/2022,9,Rocky Road,8.4,60,504
18/01/2022,10,Wingman,8.34,42,350.28
18/01/2022,11,Arcade Made,8.82,0,0
18/01/2022,12,Punk IPA,7.81,40,312.4
18/01/2022,13,Hazy Jane,8.46,53,448.38
18/01/2022,14,Shore Leave,7.74,13,100.62
18/01/2022,15,Simcoe Solo,7.29,9,65.61
18/01/2022,16,Lucky Break,8.37,72,602.64
19/01/2022,1,Black Heart,8.56,96,821.76
19/01/2022,2,Fools Gold,8.07,53,427.71
19/01/2022,3,Cold Beer B,7.05,86,606.3
19/01/2022,4,Lost Lager,7.23,100,723
19/01/2022,5,King Crush,8.29,41,339.89
19/01/2022,6,Wingman Tro,7.55,97,732.35
19/01/2022,7,Grind Stout,7.86,87,683.82
19/01/2022,8,Juice Shack,8.31,23,191.13
19/01/2022,9,Rocky Road,8.4,88,739.2
19/01/2022,10,Wingman,8.34,12,100.08
19/01/2022,11,Arcade Made,8.82,44,388.08
19/01/2022,12,Punk IPA,7.81,49,382.69
19/01/2022,13,Hazy Jane,8.46,25,211.5
19/01/2022,14,Shore Leave,7.74,83,642.42
19/01/2022,15,Simcoe Solo,7.29,38,277.02
19/01/2022,16,Lucky Break,8.37,16,133.92
20/01/2022,1,Black Heart,8.56,9,77.04
20/01/2022,2,Fools Gold,8.07,19,153.33
20/01/2022,3,Cold Beer B,7.05,16,112.8
20/01/2022,4,Lost Lager,7.23,49,354.27
20/01/2022,5,King Crush,8.29,46,381.34
20/01/2022,6,Wingman Tro,7.55,61,460.55
20/01/2022,7,Grind Stout,7.86,87,683.82
20/01/2022,8,Juice Shack,8.31,38,315.78
20/01/2022,9,Rocky Road,8.4,46,386.4
20/01/2022,10,Wingman,8.34,1,8.34
20/01/2022,11,Arcade Made,8.82,84,740.88
20/01/2022,12,Punk IPA,7.81,86,671.66
20/01/2022,13,Hazy Jane,8.46,37,313.02
20/01/2022,14,Shore Leave,7.74,48,371.52
20/01/2022,15,Simcoe Solo,7.29,81,590.49
20/01/2022,16,Lucky Break,8.37,36,301.32
21/01/2022,1,Black Heart,8.56,100,856
21/01/2022,2,Fools Gold,8.07,47,379.29
21/01/2022,3,Cold Beer B,7.05,29,204.45
21/01/2022,4,Lost Lager,7.23,78,563.94
21/01/2022,5,King Crush,8.29,46,381.34
21/01/2022,6,Wingman Tro,7.55,61,460.55
21/01/2022,7,Grind Stout,7.86,45,353.7
21/01/2022,8,Juice Shack,8.31,80,664.8
21/01/2022,9,Rocky Road,8.4,94,789.6
21/01/2022,10,Wingman,8.34,62,517.08
21/01/2022,11,Arcade Made,8.82,69,608.58
21/01/2022,12,Punk IPA,7.81,28,218.68
21/01/2022,13,Hazy Jane,8.46,55,465.3
21/01/2022,14,Shore Leave,7.74,27,208.98
21/01/2022,15,Simcoe Solo,7.29,2,14.58
21/01/2022,16,Lucky Break,8.37,29,242.73
22/01/2022,1,Black Heart,8.56,86,736.16
22/01/2022,2,Fools Gold,8.07,78,629.46
22/01/2022,3,Cold Beer B,7.05,24,169.2
22/01/2022,4,Lost Lager,7.23,95,686.85
22/01/2022,5,King Crush,8.29,36,298.44
22/01/2022,6,Wingman Tro,7.55,62,468.1
22/01/2022,7,Grind Stout,7.86,35,275.1
22/01/2022,8,Juice Shack,8.31,10,83.1
22/01/2022,9,Rocky Road,8.4,31,260.4
22/01/2022,10,Wingman,8.34,35,291.9
22/01/2022,11,Arcade Made,8.82,15,132.3
22/01/2022,12,Punk IPA,7.81,78,609.18
22/01/2022,13,Hazy Jane,8.46,15,126.9
22/01/2022,14,Shore Leave,7.74,49,379.26
22/01/2022,15,Simcoe Solo,7.29,35,255.15
22/01/2022,16,Lucky Break,8.37,68,569.16
23/01/2022,1,Black Heart,8.56,58,496.48
23/01/2022,2,Fools Gold,8.07,62,500.34
23/01/2022,3,Cold Beer B,7.05,73,514.65
23/01/2022,4,Lost Lager,7.23,39,281.97
23/01/2022,5,King Crush,8.29,32,265.28
23/01/2022,6,Wingman Tro,7.55,95,717.25
23/01/2022,7,Grind Stout,7.86,11,86.46
23/01/2022,8,Juice Shack,8.31,12,99.72
23/01/2022,9,Rocky Road,8.4,67,562.8
23/01/2022,10,Wingman,8.34,23,191.82
23/01/2022,11,Arcade Made,8.82,2,17.64
23/01/2022,12,Punk IPA,7.81,64,499.84
23/01/2022,13,Hazy Jane,8.46,8,67.68
23/01/2022,14,Shore Leave,7.74,30,232.2
23/01/2022,15,Simcoe Solo,7.29,43,313.47
23/01/2022,16,Lucky Break,8.37,48,401.76
24/01/2022,1,Black Heart,8.56,20,171.2
24/01/2022,2,Fools Gold,8.07,52,419.64
24/01/2022,3,Cold Beer B,7.05,31,218.55
24/01/2022,4,Lost Lager,7.23,30,216.9
24/01/2022,5,King Crush,8.29,94,779.26
24/01/2022,6,Wingman Tro,7.55,29,218.95
24/01/2022,7,Grind Stout,7.86,84,660.24
24/01/2022,8,Juice Shack,8.31,58,481.98
24/01/2022,9,Rocky Road,8.4,42,352.8
24/01/2022,10,Wingman,8.34,20,166.8
24/01/2022,11,Arcade Made,8.82,28,246.96
24/01/2022,12,Punk IPA,7.81,23,179.63
24/01/2022,13,Hazy Jane,8.46,42,355.32
24/01/2022,14,Shore Leave,7.74,45,348.3
24/01/2022,15,Simcoe Solo,7.29,1,7.29
24/01/2022,16,Lucky Break,8.37,29,242.73
25/01/2022,1,Black Heart,8.56,14,119.84
25/01/2022,2,Fools Gold,8.07,0,0
25/01/2022,3,Cold Beer B,7.05,48,338.4
25/01/2022,4,Lost Lager,7.23,79,571.17
25/01/2022,5,King Crush,8.29,23,190.67
25/01/2022,6,Wingman Tro,7.55,58,437.9
25/01/2022,7,Grind Stout,7.86,90,707.4
25/01/2022,8,Juice Shack,8.31,17,141.27
25/01/2022,9,Rocky Road,8.4,27,226.8
25/01/2022,10,Wingman,8.34,78,650.52
25/01/2022,11,Arcade Made,8.82,10,88.2
25/01/2022,12,Punk IPA,7.81,49,382.69
25/01/2022,13,Hazy Jane,8.46,77,651.42
25/01/2022,14,Shore Leave,7.74,83,642.42
25/01/2022,15,Simcoe Solo,7.29,4,29.16
25/01/2022,16,Lucky Break,8.37,74,619.38
26/01/2022,1,Black Heart,8.56,93,796.08
26/01/2022,2,Fools Gold,8.07,39,314.73
26/01/2022,3,Cold Beer B,7.05,60,423
26/01/2022,4,Lost Lager,7.23,0,0
26/01/2022,5,King Crush,8.29,77,638.33
26/01/2022,6,Wingman Tro,7.55,99,747.45
26/01/2022,7,Grind Stout,7.86,47,369.42
26/01/2022,8,Juice Shack,8.31,6,49.86
26/01/2022,9,Rocky Road,8.4,69,579.6
26/01/2022,10,Wingman,8.34,85,708.9
26/01/2022,11,Arcade Made,8.82,37,326.34
26/01/2022,12,Punk IPA,7.81,12,93.72
26/01/2022,13,Hazy Jane,8.46,59,499.14
26/01/2022,14,Shore Leave,7.74,79,611.46
26/01/2022,15,Simcoe Solo,7.29,81,590.49
26/01/2022,16,Lucky Break,8.37,2,16.74
27/01/2022,1,Black Heart,8.56,31,265.36
27/01/2022,2,Fools Gold,8.07,40,322.8
27/01/2022,3,Cold Beer B,7.05,85,599.25
27/01/2022,4,Lost Lager,7.23,40,289.2
27/01/2022,5,King Crush,8.29,22,182.38
27/01/2022,6,Wingman Tro,7.55,23,173.65
27/01/2022,7,Grind Stout,7.86,80,628.8
27/01/2022,8,Juice Shack,8.31,15,124.65
27/01/2022,9,Rocky Road,8.4,81,680.4
27/01/2022,10,Wingman,8.34,84,700.56
27/01/2022,11,Arcade Made,8.82,35,308.7
27/01/2022,12,Punk IPA,7.81,69,538.89
27/01/2022,13,Hazy Jane,8.46,66,558.36
27/01/2022,14,Shore Leave,7.74,31,239.94
27/01/2022,15,Simcoe Solo,7.29,57,415.53
27/01/2022,16,Lucky Break,8.37,72,602.64
28/01/2022,1,Black Heart,8.56,42,359.52
28/01/2022,2,Fools Gold,8.07,29,234.03
28/01/2022,3,Cold Beer B,7.05,31,218.55
28/01/2022,4,Lost Lager,7.23,67,484.41
28/01/2022,5,King Crush,8.29,26,215.54
28/01/2022,6,Wingman Tro,7.55,1,7.55
28/01/2022,7,Grind Stout,7.86,65,510.9
28/01/2022,8,Juice Shack,8.31,16,132.96
28/01/2022,9,Rocky Road,8.4,65,546
28/01/2022,10,Wingman,8.34,77,642.18
28/01/2022,11,Arcade Made,8.82,72,635.04
28/01/2022,12,Punk IPA,7.81,86,671.66
28/01/2022,13,Hazy Jane,8.46,77,651.42
28/01/2022,14,Shore Leave,7.74,38,294.12
28/01/2022,15,Simcoe Solo,7.29,1,7.29
28/01/2022,16,Lucky Break,8.37,18,150.66
29/01/2022,1,Black Heart,8.56,56,479.36
29/01/2022,2,Fools Gold,8.07,36,290.52
29/01/2022,3,Cold Beer B,7.05,7,49.35
29/01/2022,4,Lost Lager,7.23,21,151.83
29/01/2022,5,King Crush,8.29,27,223.83
29/01/2022,6,Wingman Tro,7.55,56,422.8
29/01/2022,7,Grind Stout,7.86,57,448.02
29/01/2022,8,Juice Shack,8.31,0,0
29/01/2022,9,Rocky Road,8.4,13,109.2
29/01/2022,10,Wingman,8.34,45,375.3
29/01/2022,11,Arcade Made,8.82,93,820.26
29/01/2022,12,Punk IPA,7.81,91,710.71
29/01/2022,13,Hazy Jane,8.46,12,101.52
29/01/2022,14,Shore Leave,7.74,51,394.74
29/01/2022,15,Simcoe Solo,7.29,92,670.68
29/01/2022,16,Lucky Break,8.37,66,552.42
30/01/2022,1,Black Heart,8.56,98,838.88
30/01/2022,2,Fools Gold,8.07,14,112.98
30/01/2022,3,Cold Beer B,7.05,47,331.35
30/01/2022,4,Lost Lager,7.23,63,455.49
30/01/2022,5,King Crush,8.29,24,198.96
30/01/2022,6,Wingman Tro,7.55,22,166.1
30/01/2022,7,Grind Stout,7.86,23,180.78
30/01/2022,8,Juice Shack,8.31,40,332.4
30/01/2022,9,Rocky Road,8.4,13,109.2
30/01/2022,10,Wingman,8.34,91,758.94
30/01/2022,11,Arcade Made,8.82,40,352.8
30/01/2022,12,Punk IPA,7.81,22,171.82
30/01/2022,13,Hazy Jane,8.46,91,769.86
30/01/2022,14,Shore Leave,7.74,56,433.44
30/01/2022,15,Simcoe Solo,7.29,97,707.13
30/01/2022,16,Lucky Break,8.37,91,761.67
31/01/2022,1,Black Heart,8.56,93,796.08
31/01/2022,2,Fools Gold,8.07,86,694.02
31/01/2022,3,Cold Beer B,7.05,4,28.2
31/01/2022,4,Lost Lager,7.23,60,433.8
31/01/2022,5,King Crush,8.29,14,116.06
31/01/2022,6,Wingman Tro,7.55,0,0
31/01/2022,7,Grind Stout,7.86,60,471.6
31/01/2022,8,Juice Shack,8.31,71,590.01
31/01/2022,9,Rocky Road,8.4,41,344.4
31/01/2022,10,Wingman,8.34,92,767.28
31/01/2022,11,Arcade Made,8.82,78,687.96
31/01/2022,12,Punk IPA,7.81,88,687.28
31/01/2022,13,Hazy Jane,8.46,61,516.06
31/01/2022,14,Shore Leave,7.74,6,46.44
31/01/2022,15,Simcoe Solo,7.29,29,211.41
31/01/2022,16,Lucky Break,8.37,21,175.77
01/02/2022,1,Black Heart,8.56,85,727.6
01/02/2022,2,Fools Gold,8.07,4,32.28
01/02/2022,3,Cold Beer B,7.05,25,176.25
01/02/2022,4,Lost Lager,7.23,87,629.01
01/02/2022,5,King Crush,8.29,33,273.57
01/02/2022,6,Wingman Tro,7.55,36,271.8
01/02/2022,7,Grind Stout,7.86,44,345.84
01/02/2022,8,Juice Shack,8.31,36,299.16
01/02/2022,9,Rocky Road,8.4,28,235.2
01/02/2022,10,Wingman,8.34,46,383.64
01/02/2022,11,Arcade Made,8.82,40,352.8
01/02/2022,12,Punk IPA,7.81,99,773.19
01/02/2022,13,Hazy Jane,8.46,95,803.7
01/02/2022,14,Shore Leave,7.74,11,85.14
01/02/2022,15,Simcoe Solo,7.29,73,532.17
01/02/2022,16,Lucky Break,8.37,39,326.43
02/02/2022,1,Black Heart,8.56,50,428
02/02/2022,2,Fools Gold,8.07,79,637.53
02/02/2022,3,Cold Beer B,7.05,73,514.65
02/02/2022,4,Lost Lager,7.23,48,347.04
02/02/2022,5,King Crush,8.29,71,588.59
02/02/2022,6,Wingman Tro,7.55,62,468.1
02/02/2022,7,Grind Stout,7.86,40,314.4
02/02/2022,8,Juice Shack,8.31,21,174.51
02/02/2022,9,Rocky Road,8.4,99,831.6
02/02/2022,10,Wingman,8.34,43,358.62
02/02/2022,11,Arcade Made,8.82,87,767.34
02/02/2022,12,Punk IPA,7.81,31,242.11
02/02/2022,13,Hazy Jane,8.46,7,59.22
02/02/2022,14,Shore Leave,7.74,15,116.1
02/02/2022,15,Simcoe Solo,7.29,19,138.51
02/02/2022,16,Lucky Break,8.37,72,602.64
03/02/2022,1,Black Heart,8.56,56,479.36
03/02/2022,2,Fools Gold,8.07,68,548.76
03/02/2022,3,Cold Beer B,7.05,97,683.85
03/02/2022,4,Lost Lager,7.23,61,441.03
03/02/2022,5,King Crush,8.29,14,116.06
03/02/2022,6,Wingman Tro,7.55,18,135.9
03/02/2022,7,Grind Stout,7.86,35,275.1
03/02/2022,8,Juice Shack,8.31,69,573.39
03/02/2022,9,Rocky Road,8.4,32,268.8
03/02/2022,10,Wingman,8.34,44,366.96
03/02/2022,11,Arcade Made,8.82,58,511.56
03/02/2022,12,Punk IPA,7.81,56,437.36
03/02/2022,13,Hazy Jane,8.46,40,338.4
03/02/2022,14,Shore Leave,7.74,3,23.22
03/02/2022,15,Simcoe Solo,7.29,40,291.6
03/02/2022,16,Lucky Break,8.37,98,820.26
04/02/2022,1,Black Heart,8.56,37,316.72
04/02/2022,2,Fools Gold,8.07,75,605.25
04/02/2022,3,Cold Beer B,7.05,1,7.05
04/02/2022,4,Lost Lager,7.23,54,390.42
04/02/2022,5,King Crush,8.29,16,132.64
04/02/2022,6,Wingman Tro,7.55,45,339.75
04/02/2022,7,Grind Stout,7.86,2,15.72
04/02/2022,8,Juice Shack,8.31,27,224.37
04/02/2022,9,Rocky Road,8.4,24,201.6
04/02/2022,10,Wingman,8.34,41,341.94
04/02/2022,11,Arcade Made,8.82,25,220.5
04/02/2022,12,Punk IPA,7.81,26,203.06
04/02/2022,13,Hazy Jane,8.46,18,152.28
04/02/2022,14,Shore Leave,7.74,17,131.58
04/02/2022,15,Simcoe Solo,7.29,36,262.44
04/02/2022,16,Lucky Break,8.37,29,242.73
05/02/2022,1,Black Heart,8.56,0,0
05/02/2022,2,Fools Gold,8.07,99,798.93
05/02/2022,3,Cold Beer B,7.05,2,14.1
05/02/2022,4,Lost Lager,7.23,46,332.58
05/02/2022,5,King Crush,8.29,36,298.44
05/02/2022,6,Wingman Tro,7.55,28,211.4
05/02/2022,7,Grind Stout,7.86,69,542.34
05/02/2022,8,Juice Shack,8.31,58,481.98
05/02/2022,9,Rocky Road,8.4,34,285.6
05/02/2022,10,Wingman,8.34,27,225.18
05/02/2022,11,Arcade Made,8.82,81,714.42
05/02/2022,12,Punk IPA,7.81,33,257.73
05/02/2022,13,Hazy Jane,8.46,44,372.24
05/02/2022,14,Shore Leave,7.74,36,278.64
05/02/2022,15,Simcoe Solo,7.29,54,393.66
05/02/2022,16,Lucky Break,8.37,34,284.58
06/02/2022,1,Black Heart,8.56,82,701.92
06/02/2022,2,Fools Gold,8.07,98,790.86
06/02/2022,3,Cold Beer B,7.05,90,634.5
06/02/2022,4,Lost Lager,7.23,11,79.53
06/02/2022,5,King Crush,8.29,80,663.2
06/02/2022,6,Wingman Tro,7.55,54,407.7
06/02/2022,7,Grind Stout,7.86,4,31.44
06/02/2022,8,Juice Shack,8.31,66,548.46
06/02/2022,9,Rocky Road,8.4,12,100.8
06/02/2022,10,Wingman,8.34,59,492.06
06/02/2022,11,Arcade Made,8.82,79,696.78
06/02/2022,12,Punk IPA,7.81,47,367.07
06/02/2022,13,Hazy Jane,8.46,0,0
06/02/2022,14,Shore Leave,7.74,23,178.02
06/02/2022,15,Simcoe Solo,7.29,43,313.47
06/02/2022,16,Lucky Break,8.37,71,594.27
07/02/2022,1,Black Heart,8.56,94,804.64
07/02/2022,2,Fools Gold,8.07,95,766.65
07/02/2022,3,Cold Beer B,7.05,22,155.1
07/02/2022,4,Lost Lager,7.23,96,694.08
07/02/2022,5,King Crush,8.29,26,215.54
07/02/2022,6,Wingman Tro,7.55,38,286.9
07/02/2022,7,Grind Stout,7.86,81,636.66
07/02/2022,8,Juice Shack,8.31,25,207.75
07/02/2022,9,Rocky Road,8.4,87,730.8
07/02/2022,10,Wingman,8.34,11,91.74
07/02/2022,11,Arcade Made,8.82,21,185.22
07/02/2022,12,Punk IPA,7.81,56,437.36
07/02/2022,13,Hazy Jane,8.46,2,16.92
07/02/2022,14,Shore Leave,7.74,61,472.14
07/02/2022,15,Simcoe Solo,7.29,97,707.13
07/02/2022,16,Lucky Break,8.37,3,25.11
08/02/2022,1,Black Heart,8.56,76,650.56
08/02/2022,2,Fools Gold,8.07,58,468.06
08/02/2022,3,Cold Beer B,7.05,28,197.4
08/02/2022,4,Lost Lager,7.23,95,686.85
08/02/2022,5,King Crush,8.29,12,99.48
08/02/2022,6,Wingman Tro,7.55,48,362.4
08/02/2022,7,Grind Stout,7.86,33,259.38
08/02/2022,8,Juice Shack,8.31,74,614.94
08/02/2022,9,Rocky Road,8.4,56,470.4
08/02/2022,10,Wingman,8.34,82,683.88
08/02/2022,11,Arcade Made,8.82,24,211.68
08/02/2022,12,Punk IPA,7.81,15,117.15
08/02/2022,13,Hazy Jane,8.46,64,541.44
08/02/2022,14,Shore Leave,7.74,42,325.08
08/02/2022,15,Simcoe Solo,7.29,33,240.57
08/02/2022,16,Lucky Break,8.37,62,518.94
09/02/2022,1,Black Heart,8.56,77,659.12
09/02/2022,2,Fools Gold,8.07,2,16.14
09/02/2022,3,Cold Beer B,7.05,83,585.15
09/02/2022,4,Lost Lager,7.23,7,50.61
09/02/2022,5,King Crush,8.29,17,140.93
09/02/2022,6,Wingman Tro,7.55,54,407.7
09/02/2022,7,Grind Stout,7.86,40,314.4
09/02/2022,8,Juice Shack,8.31,17,141.27
09/02/2022,9,Rocky Road,8.4,18,151.2
09/02/2022,10,Wingman,8.34,76,633.84
09/02/2022,11,Arcade Made,8.82,16,141.12
09/02/2022,12,Punk IPA,7.81,16,124.96
09/02/2022,13,Hazy Jane,8.46,97,820.62
09/02/2022,14,Shore Leave,7.74,67,518.58
09/02/2022,15,Simcoe Solo,7.29,88,641.52
09/02/2022,16,Lucky Break,8.37,68,569.16
10/02/2022,1,Black Heart,8.56,28,239.68
10/02/2022,2,Fools Gold,8.07,61,492.27
10/02/2022,3,Cold Beer B,7.05,15,105.75
10/02/2022,4,Lost Lager,7.23,66,477.18
10/02/2022,5,King Crush,8.29,88,729.52
10/02/2022,6,Wingman Tro,7.55,92,694.6
10/02/2022,7,Grind Stout,7.86,91,715.26
10/02/2022,8,Juice Shack,8.31,45,373.95
10/02/2022,9,Rocky Road,8.4,82,688.8
10/02/2022,10,Wingman,8.34,60,500.4
10/02/2022,11,Arcade Made,8.82,48,423.36
10/02/2022,12,Punk IPA,7.81,17,132.77
10/02/2022,13,Hazy Jane,8.46,70,592.2
10/02/2022,14,Shore Leave,7.74,4,30.96
10/02/2022,15,Simcoe Solo,7.29,69,503.01
10/02/2022,16,Lucky Break,8.37,16,133.92
11/02/2022,1,Black Heart,8.56,56,479.36
11/02/2022,2,Fools Gold,8.07,46,371.22
11/02/2022,3,Cold Beer B,7.05,76,535.8
11/02/2022,4,Lost Lager,7.23,8,57.84
11/02/2022,5,King Crush,8.29,79,654.91
11/02/2022,6,Wingman Tro,7.55,63,475.65
11/02/2022,7,Grind Stout,7.86,41,322.26
11/02/2022,8,Juice Shack,8.31,70,581.7
11/02/2022,9,Rocky Road,8.4,83,697.2
11/02/2022,10,Wingman,8.34,57,475.38
11/02/2022,11,Arcade Made,8.82,76,670.32
11/02/2022,12,Punk IPA,7.81,68,531.08
11/02/2022,13,Hazy Jane,8.46,53,448.38
11/02/2022,14,Shore Leave,7.74,10,77.4
11/02/2022,15,Simcoe Solo,7.29,87,634.23
11/02/2022,16,Lucky Break,8.37,36,301.32
12/02/2022,1,Black Heart,8.56,63,539.28
12/02/2022,2,Fools Gold,8.07,76,613.32
12/02/2022,3,Cold Beer B,7.05,41,289.05
12/02/2022,4,Lost Lager,7.23,100,723
12/02/2022,5,King Crush,8.29,5,41.45
12/02/2022,6,Wingman Tro,7.55,92,694.6
12/02/2022,7,Grind Stout,7.86,83,652.38
12/02/2022,8,Juice Shack,8.31,22,182.82
12/02/2022,9,Rocky Road,8.4,9,75.6
12/02/2022,10,Wingman,8.34,65,542.1
12/02/2022,11,Arcade Made,8.82,92,811.44
12/02/2022,12,Punk IPA,7.81,78,609.18
12/02/2022,13,Hazy Jane,8.46,65,549.9
12/02/2022,14,Shore Leave,7.74,11,85.14
12/02/2022,15,Simcoe Solo,7.29,15,109.35
12/02/2022,16,Lucky Break,8.37,15,125.55
13/02/2022,1,Black Heart,8.56,12,102.72
13/02/2022,2,Fools Gold,8.07,34,274.38
13/02/2022,3,Cold Beer B,7.05,96,676.8
13/02/2022,4,Lost Lager,7.23,67,484.41
13/02/2022,5,King Crush,8.29,96,795.84
13/02/2022,6,Wingman Tro,7.55,82,619.1
13/02/2022,7,Grind Stout,7.86,47,369.42
13/02/2022,8,Juice Shack,8.31,90,747.9
13/02/2022,9,Rocky Road,8.4,16,134.4
13/02/2022,10,Wingman,8.34,85,708.9
13/02/2022,11,Arcade Made,8.82,93,820.26
13/02/2022,12,Punk IPA,7.81,18,140.58
13/02/2022,13,Hazy Jane,8.46,5,42.3
13/02/2022,14,Shore Leave,7.74,43,332.82
13/02/2022,15,Simcoe Solo,7.29,0,0
13/02/2022,16,Lucky Break,8.37,68,569.16
14/02/2022,1,Black Heart,8.56,41,350.96
14/02/2022,2,Fools Gold,8.07,1,8.07
14/02/2022,3,Cold Beer B,7.05,55,387.75
14/02/2022,4,Lost Lager,7.23,45,325.35
14/02/2022,5,King Crush,8.29,53,439.37
14/02/2022,6,Wingman Tro,7.55,53,400.15
14/02/2022,7,Grind Stout,7.86,28,220.08
14/02/2022,8,Juice Shack,8.31,15,124.65
14/02/2022,9,Rocky Road,8.4,5,42
14/02/2022,10,Wingman,8.34,100,834
14/02/2022,11,Arcade Made,8.82,53,467.46
14/02/2022,12,Punk IPA,7.81,68,531.08
14/02/2022,13,Hazy Jane,8.46,43,363.78
14/02/2022,14,Shore Leave,7.74,10,77.4
14/02/2022,15,Simcoe Solo,7.29,15,109.35
14/02/2022,16,Lucky Break,8.37,49,410.13
15/02/2022,1,Black Heart,8.56,13,111.28
15/02/2022,2,Fools Gold,8.07,25,201.75
15/02/2022,3,Cold Beer B,7.05,27,190.35
15/02/2022,4,Lost Lager,7.23,20,144.6
15/02/2022,5,King Crush,8.29,31,256.99
15/02/2022,6,Wingman Tro,7.55,91,687.05
15/02/2022,7,Grind Stout,7.86,36,282.96
15/02/2022,8,Juice Shack,8.31,99,822.69
15/02/2022,9,Rocky Road,8.4,29,243.6
15/02/2022,10,Wingman,8.34,15,125.1
15/02/2022,11,Arcade Made,8.82,35,308.7
15/02/2022,12,Punk IPA,7.81,23,179.63
15/02/2022,13,Hazy Jane,8.46,1,8.46
15/02/2022,14,Shore Leave,7.74,3,23.22
15/02/2022,15,Simcoe Solo,7.29,61,444.69
15/02/2022,16,Lucky Break,8.37,77,644.49
16/02/2022,1,Black Heart,8.56,37,316.72
16/02/2022,2,Fools Gold,8.07,56,451.92
16/02/2022,3,Cold Beer B,7.05,47,331.35
16/02/2022,4,Lost Lager,7.23,19,137.37
16/02/2022,5,King Crush,8.29,62,513.98
16/02/2022,6,Wingman Tro,7.55,93,702.15
16/02/2022,7,Grind Stout,7.86,61,479.46
16/02/2022,8,Juice Shack,8.31,67,556.77
16/02/2022,9,Rocky Road,8.4,22,184.8
16/02/2022,10,Wingman,8.34,38,316.92
16/02/2022,11,Arcade Made,8.82,27,238.14
16/02/2022,12,Punk IPA,7.81,40,312.4
16/02/2022,13,Hazy Jane,8.46,18,152.28
16/02/2022,14,Shore Leave,7.74,93,719.82
16/02/2022,15,Simcoe Solo,7.29,43,313.47
16/02/2022,16,Lucky Break,8.37,50,418.5
17/02/2022,1,Black Heart,8.56,41,350.96
17/02/2022,2,Fools Gold,8.07,88,710.16
17/02/2022,3,Cold Beer B,7.05,62,437.1
17/02/2022,4,Lost Lager,7.23,13,93.99
17/02/2022,5,King Crush,8.29,78,646.62
17/02/2022,6,Wingman Tro,7.55,47,354.85
17/02/2022,7,Grind Stout,7.86,87,683.82
17/02/2022,8,Juice Shack,8.31,76,631.56
17/02/2022,9,Rocky Road,8.4,26,218.4
17/02/2022,10,Wingman,8.34,36,300.24
17/02/2022,11,Arcade Made,8.82,82,723.24
17/02/2022,12,Punk IPA,7.81,97,757.57
17/02/2022,13,Hazy Jane,8.46,27,228.42
17/02/2022,14,Shore Leave,7.74,100,774
17/02/2022,15,Simcoe Solo,7.29,36,262.44
17/02/2022,16,Lucky Break,8.37,83,694.71
18/02/2022,1,Black Heart,8.56,90,770.4
18/02/2022,2,Fools Gold,8.07,64,516.48
18/02/2022,3,Cold Beer B,7.05,47,331.35
18/02/2022,4,Lost Lager,7.23,49,354.27
18/02/2022,5,King Crush,8.29,97,804.13
18/02/2022,6,Wingman Tro,7.55,87,656.85
18/02/2022,7,Grind Stout,7.86,82,644.52
18/02/2022,8,Juice Shack,8.31,82,681.42
18/02/2022,9,Rocky Road,8.4,20,168
18/02/2022,10,Wingman,8.34,13,108.42
18/02/2022,11,Arcade Made,8.82,62,546.84
18/02/2022,12,Punk IPA,7.81,100,781
18/02/2022,13,Hazy Jane,8.46,96,812.16
18/02/2022,14,Shore Leave,7.74,79,611.46
18/02/2022,15,Simcoe Solo,7.29,69,503.01
18/02/2022,16,Lucky Break,8.37,40,334.8
19/02/2022,1,Black Heart,8.56,12,102.72
19/02/2022,2,Fools Gold,8.07,5,40.35
19/02/2022,3,Cold Beer B,7.05,16,112.8
19/02/2022,4,Lost Lager,7.23,41,296.43
19/02/2022,5,King Crush,8.29,28,232.12
19/02/2022,6,Wingman Tro,7.55,61,460.55
19/02/2022,7,Grind Stout,7.86,63,495.18
19/02/2022,8,Juice Shack,8.31,47,390.57
19/02/2022,9,Rocky Road,8.4,83,697.2
19/02/2022,10,Wingman,8.34,63,525.42
19/02/2022,11,Arcade Made,8.82,59,520.38
19/02/2022,12,Punk IPA,7.81,50,390.5
19/02/2022,13,Hazy Jane,8.46,54,456.84
19/02/2022,14,Shore Leave,7.74,39,301.86
19/02/2022,15,Simcoe Solo,7.29,78,568.62
19/02/2022,16,Lucky Break,8.37,69,577.53
20/02/2022,1,Black Heart,8.56,22,188.32
20/02/2022,2,Fools Gold,8.07,23,185.61
20/02/2022,3,Cold Beer B,7.05,84,592.2
20/02/2022,4,Lost Lager,7.23,45,325.35
20/02/2022,5,King Crush,8.29,97,804.13
20/02/2022,6,Wingman Tro,7.55,3,22.65
20/02/2022,7,Grind Stout,7.86,93,730.98
20/02/2022,8,Juice Shack,8.31,16,132.96
20/02/2022,9,Rocky Road,8.4,29,243.6
20/02/2022,10,Wingman,8.34,11,91.74
20/02/2022,11,Arcade Made,8.82,82,723.24
20/02/2022,12,Punk IPA,7.81,13,101.53
20/02/2022,13,Hazy Jane,8.46,62,524.52
20/02/2022,14,Shore Leave,7.74,93,719.82
20/02/2022,15,Simcoe Solo,7.29,42,306.18
20/02/2022,16,Lucky Break,8.37,73,611.01
21/02/2022,1,Black Heart,8.56,67,573.52
21/02/2022,2,Fools Gold,8.07,66,532.62
21/02/2022,3,Cold Beer B,7.05,5,35.25
21/02/2022,4,Lost Lager,7.23,15,108.45
21/02/2022,5,King Crush,8.29,13,107.77
21/02/2022,6,Wingman Tro,7.55,95,717.25
21/02/2022,7,Grind Stout,7.86,0,0
21/02/2022,8,Juice Shack,8.31,62,515.22
21/02/2022,9,Rocky Road,8.4,89,747.6
21/02/2022,10,Wingman,8.34,4,33.36
21/02/2022,11,Arcade Made,8.82,65,573.3
21/02/2022,12,Punk IPA,7.81,13,101.53
21/02/2022,13,Hazy Jane,8.46,7,59.22
21/02/2022,14,Shore Leave,7.74,64,495.36
21/02/2022,15,Simcoe Solo,7.29,83,605.07
21/02/2022,16,Lucky Break,8.37,0,0
22/02/2022,1,Black Heart,8.56,53,453.68
22/02/2022,2,Fools Gold,8.07,59,476.13
22/02/2022,3,Cold Beer B,7.05,6,42.3
22/02/2022,4,Lost Lager,7.23,73,527.79
22/02/2022,5,King Crush,8.29,45,373.05
22/02/2022,6,Wingman Tro,7.55,52,392.6
22/02/2022,7,Grind Stout,7.86,86,675.96
22/02/2022,8,Juice Shack,8.31,69,573.39
22/02/2022,9,Rocky Road,8.4,49,411.6
22/02/2022,10,Wingman,8.34,89,742.26
22/02/2022,11,Arcade Made,8.82,42,370.44
22/02/2022,12,Punk IPA,7.81,45,351.45
22/02/2022,13,Hazy Jane,8.46,8,67.68
22/02/2022,14,Shore Leave,7.74,87,673.38
22/02/2022,15,Simcoe Solo,7.29,81,590.49
22/02/2022,16,Lucky Break,8.37,89,744.93
23/02/2022,1,Black Heart,8.56,66,564.96
23/02/2022,2,Fools Gold,8.07,72,581.04
23/02/2022,3,Cold Beer B,7.05,76,535.8
23/02/2022,4,Lost Lager,7.23,39,281.97
23/02/2022,5,King Crush,8.29,21,174.09
23/02/2022,6,Wingman Tro,7.55,0,0
23/02/2022,7,Grind Stout,7.86,46,361.56
23/02/2022,8,Juice Shack,8.31,99,822.69
23/02/2022,9,Rocky Road,8.4,72,604.8
23/02/2022,10,Wingman,8.34,9,75.06
23/02/2022,11,Arcade Made,8.82,56,493.92
23/02/2022,12,Punk IPA,7.81,78,609.18
23/02/2022,13,Hazy Jane,8.46,17,143.82
23/02/2022,14,Shore Leave,7.74,48,371.52
23/02/2022,15,Simcoe Solo,7.29,31,225.99
23/02/2022,16,Lucky Break,8.37,84,703.08
24/02/2022,1,Black Heart,8.56,46,393.76
24/02/2022,2,Fools Gold,8.07,48,387.36
24/02/2022,3,Cold Beer B,7.05,23,162.15
24/02/2022,4,Lost Lager,7.23,35,253.05
24/02/2022,5,King Crush,8.29,7,58.03
24/02/2022,6,Wingman Tro,7.55,99,747.45
24/02/2022,7,Grind Stout,7.86,87,683.82
24/02/2022,8,Juice Shack,8.31,65,540.15
24/02/2022,9,Rocky Road,8.4,19,159.6
24/02/2022,10,Wingman,8.34,27,225.18
24/02/2022,11,Arcade Made,8.82,92,811.44
24/02/2022,12,Punk IPA,7.81,82,640.42
24/02/2022,13,Hazy Jane,8.46,87,736.02
24/02/2022,14,Shore Leave,7.74,75,580.5
24/02/2022,15,Simcoe Solo,7.29,6,43.74
24/02/2022,16,Lucky Break,8.37,64,535.68
25/02/2022,1,Black Heart,8.56,67,573.52
25/02/2022,2,Fools Gold,8.07,86,694.02
25/02/2022,3,Cold Beer B,7.05,10,70.5
25/02/2022,4,Lost Lager,7.23,35,253.05
25/02/2022,5,King Crush,8.29,36,298.44
25/02/2022,6,Wingman Tro,7.55,81,611.55
25/02/2022,7,Grind Stout,7.86,70,550.2
25/02/2022,8,Juice Shack,8.31,7,58.17
25/02/2022,9,Rocky Road,8.4,3,25.2
25/02/2022,10,Wingman,8.34,66,550.44
25/02/2022,11,Arcade Made,8.82,68,599.76
25/02/2022,12,Punk IPA,7.81,60,468.6
25/02/2022,13,Hazy Jane,8.46,49,414.54
25/02/2022,14,Shore Leave,7.74,64,495.36
25/02/2022,15,Simcoe Solo,7.29,53,386.37
25/02/2022,16,Lucky Break,8.37,12,100.44
26/02/2022,1,Black Heart,8.56,91,778.96
26/02/2022,2,Fools Gold,8.07,79,637.53
26/02/2022,3,Cold Beer B,7.05,57,401.85
26/02/2022,4,Lost Lager,7.23,65,469.95
26/02/2022,5,King Crush,8.29,96,795.84
26/02/2022,6,Wingman Tro,7.55,44,332.2
26/02/2022,7,Grind Stout,7.86,33,259.38
26/02/2022,8,Juice Shack,8.31,40,332.4
26/02/2022,9,Rocky Road,8.4,73,613.2
26/02/2022,10,Wingman,8.34,24,200.16
26/02/2022,11,Arcade Made,8.82,55,485.1
26/02/2022,12,Punk IPA,7.81,69,538.89
26/02/2022,13,Hazy Jane,8.46,40,338.4
26/02/2022,14,Shore Leave,7.74,55,425.7
26/02/2022,15,Simcoe Solo,7.29,4,29.16
26/02/2022,16,Lucky Break,8.37,84,703.08
27/02/2022,1,Black Heart,8.56,96,821.76
27/02/2022,2,Fools Gold,8.07,29,234.03
27/02/2022,3,Cold Beer B,7.05,2,14.1
27/02/2022,4,Lost Lager,7.23,36,260.28
27/02/2022,5,King Crush,8.29,16,132.64
27/02/2022,6,Wingman Tro,7.55,5,37.75
27/02/2022,7,Grind Stout,7.86,50,393
27/02/2022,8,Juice Shack,8.31,93,772.83
27/02/2022,9,Rocky Road,8.4,64,537.6
27/02/2022,10,Wingman,8.34,35,291.9
27/02/2022,11,Arcade Made,8.82,2,17.64
27/02/2022,12,Punk IPA,7.81,34,265.54
27/02/2022,13,Hazy Jane,8.46,48,406.08
27/02/2022,14,Shore Leave,7.74,85,657.9
27/02/2022,15,Simcoe Solo,7.29,94,685.26
27/02/2022,16,Lucky Break,8.37,65,544.05
28/02/2022,1,Black Heart,8.56,69,590.64
28/02/2022,2,Fools Gold,8.07,60,484.2
28/02/2022,3,Cold Beer B,7.05,24,169.2
28/02/2022,4,Lost Lager,7.23,63,455.49
28/02/2022,5,King Crush,8.29,71,588.59
28/02/2022,6,Wingman Tro,7.55,28,211.4
28/02/2022,7,Grind Stout,7.86,24,188.64
28/02/2022,8,Juice Shack,8.31,55,457.05
28/02/2022,9,Rocky Road,8.4,67,562.8
28/02/2022,10,Wingman,8.34,26,216.84
28/02/2022,11,Arcade Made,8.82,7,61.74
28/02/2022,12,Punk IPA,7.81,11,85.91
28/02/2022,13,Hazy Jane,8.46,88,744.48
28/02/2022,14,Shore Leave,7.74,5,38.7
28/02/2022,15,Simcoe Solo,7.29,41,298.89
28/02/2022,16,Lucky Break,8.37,70,585.9
01/03/2022,1,Black Heart,8.56,68,582.08
01/03/2022,2,Fools Gold,8.07,58,468.06
01/03/2022,3,Cold Beer B,7.05,70,493.5
01/03/2022,4,Lost Lager,7.23,91,657.93
01/03/2022,5,King Crush,8.29,16,132.64
01/03/2022,6,Wingman Tro,7.55,80,604
01/03/2022,7,Grind Stout,7.86,30,235.8
01/03/2022,8,Juice Shack,8.31,67,556.77
01/03/2022,9,Rocky Road,8.4,28,235.2
01/03/2022,10,Wingman,8.34,2,16.68
01/03/2022,11,Arcade Made,8.82,59,520.38
01/03/2022,12,Punk IPA,7.81,5,39.05
01/03/2022,13,Hazy Jane,8.46,5,42.3
01/03/2022,14,Shore Leave,7.74,71,549.54
01/03/2022,15,Simcoe Solo,7.29,67,488.43
01/03/2022,16,Lucky Break,8.37,91,761.67
02/03/2022,1,Black Heart,8.56,78,667.68
02/03/2022,2,Fools Gold,8.07,1,8.07
02/03/2022,3,Cold Beer B,7.05,41,289.05
02/03/2022,4,Lost Lager,7.23,0,0
02/03/2022,5,King Crush,8.29,48,397.92
02/03/2022,6,Wingman Tro,7.55,14,105.7
02/03/2022,7,Grind Stout,7.86,95,746.7
02/03/2022,8,Juice Shack,8.31,66,548.46
02/03/2022,9,Rocky Road,8.4,86,722.4
02/03/2022,10,Wingman,8.34,41,341.94
02/03/2022,11,Arcade Made,8.82,28,246.96
02/03/2022,12,Punk IPA,7.81,83,648.23
02/03/2022,13,Hazy Jane,8.46,54,456.84
02/03/2022,14,Shore Leave,7.74,55,425.7
02/03/2022,15,Simcoe Solo,7.29,69,503.01
02/03/2022,16,Lucky Break,8.37,89,744.93
03/03/2022,1,Black Heart,8.56,3,25.68
03/03/2022,2,Fools Gold,8.07,29,234.03
03/03/2022,3,Cold Beer B,7.05,22,155.1
03/03/2022,4,Lost Lager,7.23,36,260.28
03/03/2022,5,King Crush,8.29,78,646.62
03/03/2022,6,Wingman Tro,7.55,32,241.6
03/03/2022,7,Grind Stout,7.86,8,62.88
03/03/2022,8,Juice Shack,8.31,71,590.01
03/03/2022,9,Rocky Road,8.4,65,546
03/03/2022,10,Wingman,8.34,63,525.42
03/03/2022,11,Arcade Made,8.82,4,35.28
03/03/2022,12,Punk IPA,7.81,22,171.82
03/03/2022,13,Hazy Jane,8.46,11,93.06
03/03/2022,14,Shore Leave,7.74,74,572.76
03/03/2022,15,Simcoe Solo,7.29,93,677.97
03/03/2022,16,Lucky Break,8.37,4,33.48
04/03/2022,1,Black Heart,8.56,88,753.28
04/03/2022,2,Fools Gold,8.07,3,24.21
04/03/2022,3,Cold Beer B,7.05,50,352.5
04/03/2022,4,Lost Lager,7.23,18,130.14
04/03/2022,5,King Crush,8.29,8,66.32
04/03/2022,6,Wingman Tro,7.55,21,158.55
04/03/2022,7,Grind Stout,7.86,55,432.3
04/03/2022,8,Juice Shack,8.31,83,689.73
04/03/2022,9,Rocky Road,8.4,73,613.2
04/03/2022,10,Wingman,8.34,4,33.36
04/03/2022,11,Arcade Made,8.82,91,802.62
04/03/2022,12,Punk IPA,7.81,19,148.39
04/03/2022,13,Hazy Jane,8.46,14,118.44
04/03/2022,14,Shore Leave,7.74,66,510.84
04/03/2022,15,Simcoe Solo,7.29,36,262.44
04/03/2022,16,Lucky Break,8.37,78,652.86
05/03/2022,1,Black Heart,8.56,46,393.76
05/03/2022,2,Fools Gold,8.07,95,766.65
05/03/2022,3,Cold Beer B,7.05,1,7.05
05/03/2022,4,Lost Lager,7.23,20,144.6
05/03/2022,5,King Crush,8.29,78,646.62
05/03/2022,6,Wingman Tro,7.55,9,67.95
05/03/2022,7,Grind Stout,7.86,91,715.26
05/03/2022,8,Juice Shack,8.31,100,831
05/03/2022,9,Rocky Road,8.4,51,428.4
05/03/2022,10,Wingman,8.34,76,633.84
05/03/2022,11,Arcade Made,8.82,93,820.26
05/03/2022,12,Punk IPA,7.81,0,0
05/03/2022,13,Hazy Jane,8.46,15,126.9
05/03/2022,14,Shore Leave,7.74,71,549.54
05/03/2022,15,Simcoe Solo,7.29,93,677.97
05/03/2022,16,Lucky Break,8.37,50,418.5
06/03/2022,1,Black Heart,8.56,98,838.88
06/03/2022,2,Fools Gold,8.07,48,387.36
06/03/2022,3,Cold Beer B,7.05,71,500.55
06/03/2022,4,Lost Lager,7.23,25,180.75
06/03/2022,5,King Crush,8.29,69,572.01
06/03/2022,6,Wingman Tro,7.55,3,22.65
06/03/2022,7,Grind Stout,7.86,47,369.42
06/03/2022,8,Juice Shack,8.31,13,108.03
06/03/2022,9,Rocky Road,8.4,51,428.4
06/03/2022,10,Wingman,8.34,7,58.38
06/03/2022,11,Arcade Made,8.82,18,158.76
06/03/2022,12,Punk IPA,7.81,8,62.48
06/03/2022,13,Hazy Jane,8.46,71,600.66
06/03/2022,14,Shore Leave,7.74,91,704.34
06/03/2022,15,Simcoe Solo,7.29,62,451.98
06/03/2022,16,Lucky Break,8.37,67,560.79
07/03/2022,1,Black Heart,8.56,23,196.88
07/03/2022,2,Fools Gold,8.07,47,379.29
07/03/2022,3,Cold Beer B,7.05,51,359.55
07/03/2022,4,Lost Lager,7.23,22,159.06
07/03/2022,5,King Crush,8.29,27,223.83
07/03/2022,6,Wingman Tro,7.55,53,400.15
07/03/2022,7,Grind Stout,7.86,69,542.34
07/03/2022,8,Juice Shack,8.31,36,299.16
07/03/2022,9,Rocky Road,8.4,25,210
07/03/2022,10,Wingman,8.34,88,733.92
07/03/2022,11,Arcade Made,8.82,35,308.7
07/03/2022,12,Punk IPA,7.81,2,15.62
07/03/2022,13,Hazy Jane,8.46,23,194.58
07/03/2022,14,Shore Leave,7.74,96,743.04
07/03/2022,15,Simcoe Solo,7.29,34,247.86
07/03/2022,16,Lucky Break,8.37,40,334.8
08/03/2022,1,Black Heart,8.56,11,94.16
08/03/2022,2,Fools Gold,8.07,75,605.25
08/03/2022,3,Cold Beer B,7.05,25,176.25
08/03/2022,4,Lost Lager,7.23,47,339.81
08/03/2022,5,King Crush,8.29,86,712.94
08/03/2022,6,Wingman Tro,7.55,30,226.5
08/03/2022,7,Grind Stout,7.86,58,455.88
08/03/2022,8,Juice Shack,8.31,23,191.13
08/03/2022,9,Rocky Road,8.4,85,714
08/03/2022,10,Wingman,8.34,59,492.06
08/03/2022,11,Arcade Made,8.82,10,88.2
08/03/2022,12,Punk IPA,7.81,35,273.35
08/03/2022,13,Hazy Jane,8.46,87,736.02
08/03/2022,14,Shore Leave,7.74,39,301.86
08/03/2022,15,Simcoe Solo,7.29,59,430.11
08/03/2022,16,Lucky Break,8.37,34,284.58
09/03/2022,1,Black Heart,8.56,13,111.28
09/03/2022,2,Fools Gold,8.07,11,88.77
09/03/2022,3,Cold Beer B,7.05,38,267.9
09/03/2022,4,Lost Lager,7.23,73,527.79
09/03/2022,5,King Crush,8.29,0,0
09/03/2022,6,Wingman Tro,7.55,44,332.2
09/03/2022,7,Grind Stout,7.86,79,620.94
09/03/2022,8,Juice Shack,8.31,92,764.52
09/03/2022,9,Rocky Road,8.4,24,201.6
09/03/2022,10,Wingman,8.34,74,617.16
09/03/2022,11,Arcade Made,8.82,4,35.28
09/03/2022,12,Punk IPA,7.81,39,304.59
09/03/2022,13,Hazy Jane,8.46,36,304.56
09/03/2022,14,Shore Leave,7.74,87,673.38
09/03/2022,15,Simcoe Solo,7.29,100,729
09/03/2022,16,Lucky Break,8.37,94,786.78
10/03/2022,1,Black Heart,8.56,25,214
10/03/2022,2,Fools Gold,8.07,60,484.2
10/03/2022,3,Cold Beer B,7.05,48,338.4
10/03/2022,4,Lost Lager,7.23,32,231.36
10/03/2022,5,King Crush,8.29,23,190.67
10/03/2022,6,Wingman Tro,7.55,53,400.15
10/03/2022,7,Grind Stout,7.86,83,652.38
10/03/2022,8,Juice Shack,8.31,99,822.69
10/03/2022,9,Rocky Road,8.4,52,436.8
10/03/2022,10,Wingman,8.34,96,800.64
10/03/2022,11,Arcade Made,8.82,68,599.76
10/03/2022,12,Punk IPA,7.81,35,273.35
10/03/2022,13,Hazy Jane,8.46,46,389.16
10/03/2022,14,Shore Leave,7.74,23,178.02
10/03/2022,15,Simcoe Solo,7.29,52,379.08
10/03/2022,16,Lucky Break,8.37,92,770.04
11/03/2022,1,Black Heart,8.56,49,419.44
11/03/2022,2,Fools Gold,8.07,95,766.65
11/03/2022,3,Cold Beer B,7.05,32,225.6
11/03/2022,4,Lost Lager,7.23,99,715.77
11/03/2022,5,King Crush,8.29,43,356.47
11/03/2022,6,Wingman Tro,7.55,80,604
11/03/2022,7,Grind Stout,7.86,33,259.38
11/03/2022,8,Juice Shack,8.31,57,473.67
11/03/2022,9,Rocky Road,8.4,28,235.2
11/03/2022,10,Wingman,8.34,36,300.24
11/03/2022,11,Arcade Made,8.82,51,449.82
11/03/2022,12,Punk IPA,7.81,81,632.61
11/03/2022,13,Hazy Jane,8.46,99,837.54
11/03/2022,14,Shore Leave,7.74,58,448.92
11/03/2022,15,Simcoe Solo,7.29,86,626.94
11/03/2022,16,Lucky Break,8.37,20,167.4
12/03/2022,1,Black Heart,8.56,67,573.52
12/03/2022,2,Fools Gold,8.07,50,403.5
12/03/2022,3,Cold Beer B,7.05,93,655.65
12/03/2022,4,Lost Lager,7.23,17,122.91
12/03/2022,5,King Crush,8.29,80,663.2
12/03/2022,6,Wingman Tro,7.55,3,22.65
12/03/2022,7,Grind Stout,7.86,60,471.6
12/03/2022,8,Juice Shack,8.31,70,581.7
12/03/2022,9,Rocky Road,8.4,57,478.8
12/03/2022,10,Wingman,8.34,15,125.1
12/03/2022,11,Arcade Made,8.82,43,379.26
12/03/2022,12,Punk IPA,7.81,12,93.72
12/03/2022,13,Hazy Jane,8.46,30,253.8
12/03/2022,14,Shore Leave,7.74,53,410.22
12/03/2022,15,Simcoe Solo,7.29,88,641.52
12/03/2022,16,Lucky Break,8.37,8,66.96
13/03/2022,1,Black Heart,8.56,76,650.56
13/03/2022,2,Fools Gold,8.07,2,16.14
13/03/2022,3,Cold Beer B,7.05,86,606.3
13/03/2022,4,Lost Lager,7.23,57,412.11
13/03/2022,5,King Crush,8.29,83,688.07
13/03/2022,6,Wingman Tro,7.55,26,196.3
13/03/2022,7,Grind Stout,7.86,19,149.34
13/03/2022,8,Juice Shack,8.31,96,797.76
13/03/2022,9,Rocky Road,8.4,27,226.8
13/03/2022,10,Wingman,8.34,17,141.78
13/03/2022,11,Arcade Made,8.82,18,158.76
13/03/2022,12,Punk IPA,7.81,26,203.06
13/03/2022,13,Hazy Jane,8.46,89,752.94
13/03/2022,14,Shore Leave,7.74,73,565.02
13/03/2022,15,Simcoe Solo,7.29,45,328.05
13/03/2022,16,Lucky Break,8.37,83,694.71
14/03/2022,1,Black Heart,8.56,78,667.68
14/03/2022,2,Fools Gold,8.07,45,363.15
14/03/2022,3,Cold Beer B,7.05,62,437.1
14/03/2022,4,Lost Lager,7.23,80,578.4
14/03/2022,5,King Crush,8.29,17,140.93
14/03/2022,6,Wingman Tro,7.55,60,453
14/03/2022,7,Grind Stout,7.86,51,400.86
14/03/2022,8,Juice Shack,8.31,58,481.98
14/03/2022,9,Rocky Road,8.4,45,378
14/03/2022,10,Wingman,8.34,95,792.3
14/03/2022,11,Arcade Made,8.82,61,538.02
14/03/2022,12,Punk IPA,7.81,95,741.95
14/03/2022,13,Hazy Jane,8.46,31,262.26
14/03/2022,14,Shore Leave,7.74,86,665.64
14/03/2022,15,Simcoe Solo,7.29,63,459.27
14/03/2022,16,Lucky Break,8.37,96,803.52
15/03/2022,1,Black Heart,8.56,86,736.16
15/03/2022,2,Fools Gold,8.07,27,217.89
15/03/2022,3,Cold Beer B,7.05,15,105.75
15/03/2022,4,Lost Lager,7.23,57,412.11
15/03/2022,5,King Crush,8.29,16,132.64
15/03/2022,6,Wingman Tro,7.55,72,543.6
15/03/2022,7,Grind Stout,7.86,94,738.84
15/03/2022,8,Juice Shack,8.31,85,706.35
15/03/2022,9,Rocky Road,8.4,92,772.8
15/03/2022,10,Wingman,8.34,9,75.06
15/03/2022,11,Arcade Made,8.82,62,546.84
15/03/2022,12,Punk IPA,7.81,39,304.59
15/03/2022,13,Hazy Jane,8.46,67,566.82
15/03/2022,14,Shore Leave,7.74,18,139.32
15/03/2022,15,Simcoe Solo,7.29,94,685.26
15/03/2022,16,Lucky Break,8.37,88,736.56
16/03/2022,1,Black Heart,8.56,42,359.52
16/03/2022,2,Fools Gold,8.07,7,56.49
16/03/2022,3,Cold Beer B,7.05,57,401.85
16/03/2022,4,Lost Lager,7.23,33,238.59
16/03/2022,5,King Crush,8.29,58,480.82
16/03/2022,6,Wingman Tro,7.55,62,468.1
16/03/2022,7,Grind Stout,7.86,98,770.28
16/03/2022,8,Juice Shack,8.31,64,531.84
16/03/2022,9,Rocky Road,8.4,25,210
16/03/2022,10,Wingman,8.34,96,800.64
16/03/2022,11,Arcade Made,8.82,58,511.56
16/03/2022,12,Punk IPA,7.81,48,374.88
16/03/2022,13,Hazy Jane,8.46,52,439.92
16/03/2022,14,Shore Leave,7.74,23,178.02
16/03/2022,15,Simcoe Solo,7.29,22,160.38
16/03/2022,16,Lucky Break,8.37,73,611.01
17/03/2022,1,Black Heart,8.56,70,599.2
17/03/2022,2,Fools Gold,8.07,53,427.71
17/03/2022,3,Cold Beer B,7.05,52,366.6
17/03/2022,4,Lost Lager,7.23,60,433.8
17/03/2022,5,King Crush,8.29,93,770.97
17/03/2022,6,Wingman Tro,7.55,59,445.45
17/03/2022,7,Grind Stout,7.86,65,510.9
17/03/2022,8,Juice Shack,8.31,25,207.75
17/03/2022,9,Rocky Road,8.4,98,823.2
17/03/2022,10,Wingman,8.34,56,467.04
17/03/2022,11,Arcade Made,8.82,15,132.3
17/03/2022,12,Punk IPA,7.81,12,93.72
17/03/2022,13,Hazy Jane,8.46,98,829.08
17/03/2022,14,Shore Leave,7.74,15,116.1
17/03/2022,15,Simcoe Solo,7.29,58,422.82
17/03/2022,16,Lucky Break,8.37,21,175.77
18/03/2022,1,Black Heart,8.56,86,736.16
18/03/2022,2,Fools Gold,8.07,23,185.61
18/03/2022,3,Cold Beer B,7.05,54,380.7
18/03/2022,4,Lost Lager,7.23,30,216.9
18/03/2022,5,King Crush,8.29,23,190.67
18/03/2022,6,Wingman Tro,7.55,31,234.05
18/03/2022,7,Grind Stout,7.86,1,7.86
18/03/2022,8,Juice Shack,8.31,33,274.23
18/03/2022,9,Rocky Road,8.4,53,445.2
18/03/2022,10,Wingman,8.34,1,8.34
18/03/2022,11,Arcade Made,8.82,38,335.16
18/03/2022,12,Punk IPA,7.81,32,249.92
18/03/2022,13,Hazy Jane,8.46,6,50.76
18/03/2022,14,Shore Leave,7.74,11,85.14
18/03/2022,15,Simcoe Solo,7.29,31,225.99
18/03/2022,16,Lucky Break,8.37,40,334.8
19/03/2022,1,Black Heart,8.56,8,68.48
19/03/2022,2,Fools Gold,8.07,10,80.7
19/03/2022,3,Cold Beer B,7.05,61,430.05
19/03/2022,4,Lost Lager,7.23,91,657.93
19/03/2022,5,King Crush,8.29,94,779.26
19/03/2022,6,Wingman Tro,7.55,13,98.15
19/03/2022,7,Grind Stout,7.86,20,157.2
19/03/2022,8,Juice Shack,8.31,32,265.92
19/03/2022,9,Rocky Road,8.4,86,722.4
19/03/2022,10,Wingman,8.34,86,717.24
19/03/2022,11,Arcade Made,8.82,95,837.9
19/03/2022,12,Punk IPA,7.81,54,421.74
19/03/2022,13,Hazy Jane,8.46,62,524.52
19/03/2022,14,Shore Leave,7.74,25,193.5
19/03/2022,15,Simcoe Solo,7.29,20,145.8
19/03/2022,16,Lucky Break,8.37,48,401.76
20/03/2022,1,Black Heart,8.56,50,428
20/03/2022,2,Fools Gold,8.07,48,387.36
20/03/2022,3,Cold Beer B,7.05,24,169.2
20/03/2022,4,Lost Lager,7.23,38,274.74
20/03/2022,5,King Crush,8.29,88,729.52
20/03/2022,6,Wingman Tro,7.55,96,724.8
20/03/2022,7,Grind Stout,7.86,69,542.34
20/03/2022,8,Juice Shack,8.31,8,66.48
20/03/2022,9,Rocky Road,8.4,14,117.6
20/03/2022,10,Wingman,8.34,99,825.66
20/03/2022,11,Arcade Made,8.82,72,635.04
20/03/2022,12,Punk IPA,7.81,58,452.98
20/03/2022,13,Hazy Jane,8.46,43,363.78
20/03/2022,14,Shore Leave,7.74,13,100.62
20/03/2022,15,Simcoe Solo,7.29,65,473.85
20/03/2022,16,Lucky Break,8.37,56,468.72
21/03/2022,1,Black Heart,8.56,65,556.4
21/03/2022,2,Fools Gold,8.07,80,645.6
21/03/2022,3,Cold Beer B,7.05,67,472.35
21/03/2022,4,Lost Lager,7.23,79,571.17
21/03/2022,5,King Crush,8.29,5,41.45
21/03/2022,6,Wingman Tro,7.55,27,203.85
21/03/2022,7,Grind Stout,7.86,14,110.04
21/03/2022,8,Juice Shack,8.31,49,407.19
21/03/2022,9,Rocky Road,8.4,76,638.4
21/03/2022,10,Wingman,8.34,11,91.74
21/03/2022,11,Arcade Made,8.82,39,343.98
21/03/2022,12,Punk IPA,7.81,63,492.03
21/03/2022,13,Hazy Jane,8.46,29,245.34
21/03/2022,14,Shore Leave,7.74,48,371.52
21/03/2022,15,Simcoe Solo,7.29,97,707.13
21/03/2022,16,Lucky Break,8.37,7,58.59
22/03/2022,1,Black Heart,8.56,90,770.4
22/03/2022,2,Fools Gold,8.07,56,451.92
22/03/2022,3,Cold Beer B,7.05,62,437.1
22/03/2022,4,Lost Lager,7.23,58,419.34
22/03/2022,5,King Crush,8.29,11,91.19
22/03/2022,6,Wingman Tro,7.55,17,128.35
22/03/2022,7,Grind Stout,7.86,46,361.56
22/03/2022,8,Juice Shack,8.31,38,315.78
22/03/2022,9,Rocky Road,8.4,26,218.4
22/03/2022,10,Wingman,8.34,93,775.62
22/03/2022,11,Arcade Made,8.82,84,740.88
22/03/2022,12,Punk IPA,7.81,90,702.9
22/03/2022,13,Hazy Jane,8.46,45,380.7
22/03/2022,14,Shore Leave,7.74,50,387
22/03/2022,15,Simcoe Solo,7.29,17,123.93
22/03/2022,16,Lucky Break,8.37,25,209.25
23/03/2022,1,Black Heart,8.56,29,248.24
23/03/2022,2,Fools Gold,8.07,46,371.22
23/03/2022,3,Cold Beer B,7.05,48,338.4
23/03/2022,4,Lost Lager,7.23,82,592.86
23/03/2022,5,King Crush,8.29,43,356.47
23/03/2022,6,Wingman Tro,7.55,46,347.3
23/03/2022,7,Grind Stout,7.86,34,267.24
23/03/2022,8,Juice Shack,8.31,17,141.27
23/03/2022,9,Rocky Road,8.4,79,663.6
23/03/2022,10,Wingman,8.34,13,108.42
23/03/2022,11,Arcade Made,8.82,44,388.08
23/03/2022,12,Punk IPA,7.81,74,577.94
23/03/2022,13,Hazy Jane,8.46,18,152.28
23/03/2022,14,Shore Leave,7.74,67,518.58
23/03/2022,15,Simcoe Solo,7.29,31,225.99
23/03/2022,16,Lucky Break,8.37,48,401.76
24/03/2022,1,Black Heart,8.56,86,736.16
24/03/2022,2,Fools Gold,8.07,80,645.6
24/03/2022,3,Cold Beer B,7.05,30,211.5
24/03/2022,4,Lost Lager,7.23,83,600.09
24/03/2022,5,King Crush,8.29,42,348.18
24/03/2022,6,Wingman Tro,7.55,60,453
24/03/2022,7,Grind Stout,7.86,43,337.98
24/03/2022,8,Juice Shack,8.31,41,340.71
24/03/2022,9,Rocky Road,8.4,23,193.2
24/03/2022,10,Wingman,8.34,82,683.88
24/03/2022,11,Arcade Made,8.82,26,229.32
24/03/2022,12,Punk IPA,7.81,77,601.37
24/03/2022,13,Hazy Jane,8.46,90,761.4
24/03/2022,14,Shore Leave,7.74,33,255.42
24/03/2022,15,Simcoe Solo,7.29,21,153.09
24/03/2022,16,Lucky Break,8.37,86,719.82
25/03/2022,1,Black Heart,8.56,60,513.6
25/03/2022,2,Fools Gold,8.07,51,411.57
25/03/2022,3,Cold Beer B,7.05,59,415.95
25/03/2022,4,Lost Lager,7.23,53,383.19
25/03/2022,5,King Crush,8.29,32,265.28
25/03/2022,6,Wingman Tro,7.55,19,143.45
25/03/2022,7,Grind Stout,7.86,11,86.46
25/03/2022,8,Juice Shack,8.31,100,831
25/03/2022,9,Rocky Road,8.4,78,655.2
25/03/2022,10,Wingman,8.34,50,417
25/03/2022,11,Arcade Made,8.82,15,132.3
25/03/2022,12,Punk IPA,7.81,85,663.85
25/03/2022,13,Hazy Jane,8.46,72,609.12
25/03/2022,14,Shore Leave,7.74,7,54.18
25/03/2022,15,Simcoe Solo,7.29,80,583.2
25/03/2022,16,Lucky Break,8.37,20,167.4
26/03/2022,1,Black Heart,8.56,32,273.92
26/03/2022,2,Fools Gold,8.07,93,750.51
26/03/2022,3,Cold Beer B,7.05,46,324.3
26/03/2022,4,Lost Lager,7.23,31,224.13
26/03/2022,5,King Crush,8.29,10,82.9
26/03/2022,6,Wingman Tro,7.55,44,332.2
26/03/2022,7,Grind Stout,7.86,13,102.18
26/03/2022,8,Juice Shack,8.31,71,590.01
26/03/2022,9,Rocky Road,8.4,14,117.6
26/03/2022,10,Wingman,8.34,5,41.7
26/03/2022,11,Arcade Made,8.82,18,158.76
26/03/2022,12,Punk IPA,7.81,8,62.48
26/03/2022,13,Hazy Jane,8.46,49,414.54
26/03/2022,14,Shore Leave,7.74,37,286.38
26/03/2022,15,Simcoe Solo,7.29,95,692.55
26/03/2022,16,Lucky Break,8.37,80,669.6
27/03/2022,1,Black Heart,8.56,40,342.4
27/03/2022,2,Fools Gold,8.07,73,589.11
27/03/2022,3,Cold Beer B,7.05,87,613.35
27/03/2022,4,Lost Lager,7.23,64,462.72
27/03/2022,5,King Crush,8.29,43,356.47
27/03/2022,6,Wingman Tro,7.55,8,60.4
27/03/2022,7,Grind Stout,7.86,40,314.4
27/03/2022,8,Juice Shack,8.31,79,656.49
27/03/2022,9,Rocky Road,8.4,70,588
27/03/2022,10,Wingman,8.34,97,808.98
27/03/2022,11,Arcade Made,8.82,51,449.82
27/03/2022,12,Punk IPA,7.81,2,15.62
27/03/2022,13,Hazy Jane,8.46,19,160.74
27/03/2022,14,Shore Leave,7.74,52,402.48
27/03/2022,15,Simcoe Solo,7.29,6,43.74
27/03/2022,16,Lucky Break,8.37,5,41.85
28/03/2022,1,Black Heart,8.56,65,556.4
28/03/2022,2,Fools Gold,8.07,41,330.87
28/03/2022,3,Cold Beer B,7.05,24,169.2
28/03/2022,4,Lost Lager,7.23,80,578.4
28/03/2022,5,King Crush,8.29,3,24.87
28/03/2022,6,Wingman Tro,7.55,64,483.2
28/03/2022,7,Grind Stout,7.86,31,243.66
28/03/2022,8,Juice Shack,8.31,1,8.31
28/03/2022,9,Rocky Road,8.4,5,42
28/03/2022,10,Wingman,8.34,82,683.88
28/03/2022,11,Arcade Made,8.82,50,441
28/03/2022,12,Punk IPA,7.81,5,39.05
28/03/2022,13,Hazy Jane,8.46,1,8.46
28/03/2022,14,Shore Leave,7.74,50,387
28/03/2022,15,Simcoe Solo,7.29,0,0
28/03/2022,16,Lucky Break,8.37,1,8.37
29/03/2022,1,Black Heart,8.56,48,410.88
29/03/2022,2,Fools Gold,8.07,50,403.5
29/03/2022,3,Cold Beer B,7.05,34,239.7
29/03/2022,4,Lost Lager,7.23,44,318.12
29/03/2022,5,King Crush,8.29,83,688.07
29/03/2022,6,Wingman Tro,7.55,17,128.35
29/03/2022,7,Grind Stout,7.86,86,675.96
29/03/2022,8,Juice Shack,8.31,80,664.8
29/03/2022,9,Rocky Road,8.4,54,453.6
29/03/2022,10,Wingman,8.34,89,742.26
29/03/2022,11,Arcade Made,8.82,16,141.12
29/03/2022,12,Punk IPA,7.81,0,0
29/03/2022,13,Hazy Jane,8.46,78,659.88
29/03/2022,14,Shore Leave,7.74,69,534.06
29/03/2022,15,Simcoe Solo,7.29,65,473.85
29/03/2022,16,Lucky Break,8.37,36,301.32
30/03/2022,1,Black Heart,8.56,52,445.12
30/03/2022,2,Fools Gold,8.07,94,758.58
30/03/2022,3,Cold Beer B,7.05,78,549.9
30/03/2022,4,Lost Lager,7.23,44,318.12
30/03/2022,5,King Crush,8.29,58,480.82
30/03/2022,6,Wingman Tro,7.55,99,747.45
30/03/2022,7,Grind Stout,7.86,15,117.9
30/03/2022,8,Juice Shack,8.31,83,689.73
30/03/2022,9,Rocky Road,8.4,11,92.4
30/03/2022,10,Wingman,8.34,15,125.1
30/03/2022,11,Arcade Made,8.82,68,599.76
30/03/2022,12,Punk IPA,7.81,87,679.47
30/03/2022,13,Hazy Jane,8.46,22,186.12
30/03/2022,14,Shore Leave,7.74,43,332.82
30/03/2022,15,Simcoe Solo,7.29,93,677.97
30/03/2022,16,Lucky Break,8.37,41,343.17
31/03/2022,1,Black Heart,8.56,69,590.64
31/03/2022,2,Fools Gold,8.07,46,371.22
31/03/2022,3,Cold Beer B,7.05,11,77.55
31/03/2022,4,Lost Lager,7.23,56,404.88
31/03/2022,5,King Crush,8.29,52,431.08
31/03/2022,6,Wingman Tro,7.55,41,309.55
31/03/2022,7,Grind Stout,7.86,19,149.34
31/03/2022,8,Juice Shack,8.31,15,124.65
31/03/2022,9,Rocky Road,8.4,91,764.4
31/03/2022,10,Wingman,8.34,57,475.38
31/03/2022,11,Arcade Made,8.82,39,343.98
31/03/2022,12,Punk IPA,7.81,63,492.03
31/03/2022,13,Hazy Jane,8.46,76,642.96
31/03/2022,14,Shore Leave,7.74,16,123.84
31/03/2022,15,Simcoe Solo,7.29,2,14.58
31/03/2022,16,Lucky Break,8.37,36,301.32
01/04/2022,1,Black Heart,8.56,34,291.04
01/04/2022,2,Fools Gold,8.07,48,387.36
01/04/2022,3,Cold Beer B,7.05,32,225.6
01/04/2022,4,Lost Lager,7.23,88,636.24
01/04/2022,5,King Crush,8.29,10,82.9
01/04/2022,6,Wingman Tro,7.55,73,551.15
01/04/2022,7,Grind Stout,7.86,35,275.1
01/04/2022,8,Juice Shack,8.31,20,166.2
01/04/2022,9,Rocky Road,8.4,43,361.2
01/04/2022,10,Wingman,8.34,81,675.54
01/04/2022,11,Arcade Made,8.82,93,820.26
01/04/2022,12,Punk IPA,7.81,62,484.22
01/04/2022,13,Hazy Jane,8.46,71,600.66
01/04/2022,14,Shore Leave,7.74,9,69.66
01/04/2022,15,Simcoe Solo,7.29,6,43.74
01/04/2022,16,Lucky Break,8.37,15,125.55
02/04/2022,1,Black Heart,8.56,83,710.48
02/04/2022,2,Fools Gold,8.07,19,153.33
02/04/2022,3,Cold Beer B,7.05,6,42.3
02/04/2022,4,Lost Lager,7.23,50,361.5
02/04/2022,5,King Crush,8.29,98,812.42
02/04/2022,6,Wingman Tro,7.55,22,166.1
02/04/2022,7,Grind Stout,7.86,49,385.14
02/04/2022,8,Juice Shack,8.31,45,373.95
02/04/2022,9,Rocky Road,8.4,16,134.4
02/04/2022,10,Wingman,8.34,13,108.42
02/04/2022,11,Arcade Made,8.82,37,326.34
02/04/2022,12,Punk IPA,7.81,77,601.37
02/04/2022,13,Hazy Jane,8.46,85,719.1
02/04/2022,14,Shore Leave,7.74,31,239.94
02/04/2022,15,Simcoe Solo,7.29,57,415.53
02/04/2022,16,Lucky Break,8.37,79,661.23
03/04/2022,1,Black Heart,8.56,66,564.96
03/04/2022,2,Fools Gold,8.07,57,459.99
03/04/2022,3,Cold Beer B,7.05,64,451.2
03/04/2022,4,Lost Lager,7.23,75,542.25
03/04/2022,5,King Crush,8.29,64,530.56
03/04/2022,6,Wingman Tro,7.55,15,113.25
03/04/2022,7,Grind Stout,7.86,87,683.82
03/04/2022,8,Juice Shack,8.31,10,83.1
03/04/2022,9,Rocky Road,8.4,8,67.2
03/04/2022,10,Wingman,8.34,26,216.84
03/04/2022,11,Arcade Made,8.82,58,511.56
03/04/2022,12,Punk IPA,7.81,62,484.22
03/04/2022,13,Hazy Jane,8.46,33,279.18
03/04/2022,14,Shore Leave,7.74,33,255.42
03/04/2022,15,Simcoe Solo,7.29,36,262.44
03/04/2022,16,Lucky Break,8.37,31,259.47
04/04/2022,1,Black Heart,8.56,71,607.76
04/04/2022,2,Fools Gold,8.07,35,282.45
04/04/2022,3,Cold Beer B,7.05,71,500.55
04/04/2022,4,Lost Lager,7.23,64,462.72
04/04/2022,5,King Crush,8.29,0,0
04/04/2022,6,Wingman Tro,7.55,74,558.7
04/04/2022,7,Grind Stout,7.86,86,675.96
04/04/2022,8,Juice Shack,8.31,58,481.98
04/04/2022,9,Rocky Road,8.4,63,529.2
04/04/2022,10,Wingman,8.34,80,667.2
04/04/2022,11,Arcade Made,8.82,80,705.6
04/04/2022,12,Punk IPA,7.81,74,577.94
04/04/2022,13,Hazy Jane,8.46,96,812.16
04/04/2022,14,Shore Leave,7.74,61,472.14
04/04/2022,15,Simcoe Solo,7.29,88,641.52
04/04/2022,16,Lucky Break,8.37,40,334.8
05/04/2022,1,Black Heart,8.56,46,393.76
05/04/2022,2,Fools Gold,8.07,32,258.24
05/04/2022,3,Cold Beer B,7.05,21,148.05
05/04/2022,4,Lost Lager,7.23,7,50.61
05/04/2022,5,King Crush,8.29,51,422.79
05/04/2022,6,Wingman Tro,7.55,93,702.15
05/04/2022,7,Grind Stout,7.86,3,23.58
05/04/2022,8,Juice Shack,8.31,92,764.52
05/04/2022,9,Rocky Road,8.4,78,655.2
05/04/2022,10,Wingman,8.34,75,625.5
05/04/2022,11,Arcade Made,8.82,48,423.36
05/04/2022,12,Punk IPA,7.81,80,624.8
05/04/2022,13,Hazy Jane,8.46,72,609.12
05/04/2022,14,Shore Leave,7.74,42,325.08
05/04/2022,15,Simcoe Solo,7.29,51,371.79
05/04/2022,16,Lucky Break,8.37,91,761.67
06/04/2022,1,Black Heart,8.56,4,34.24
06/04/2022,2,Fools Gold,8.07,21,169.47
06/04/2022,3,Cold Beer B,7.05,66,465.3
06/04/2022,4,Lost Lager,7.23,54,390.42
06/04/2022,5,King Crush,8.29,7,58.03
06/04/2022,6,Wingman Tro,7.55,68,513.4
06/04/2022,7,Grind Stout,7.86,33,259.38
06/04/2022,8,Juice Shack,8.31,22,182.82
06/04/2022,9,Rocky Road,8.4,47,394.8
06/04/2022,10,Wingman,8.34,31,258.54
06/04/2022,11,Arcade Made,8.82,98,864.36
06/04/2022,12,Punk IPA,7.81,73,570.13
06/04/2022,13,Hazy Jane,8.46,33,279.18
06/04/2022,14,Shore Leave,7.74,63,487.62
06/04/2022,15,Simcoe Solo,7.29,65,473.85
06/04/2022,16,Lucky Break,8.37,60,502.2
07/04/2022,1,Black Heart,8.56,11,94.16
07/04/2022,2,Fools Gold,8.07,89,718.23
07/04/2022,3,Cold Beer B,7.05,25,176.25
07/04/2022,4,Lost Lager,7.23,45,325.35
07/04/2022,5,King Crush,8.29,86,712.94
07/04/2022,6,Wingman Tro,7.55,5,37.75
07/04/2022,7,Grind Stout,7.86,98,770.28
07/04/2022,8,Juice Shack,8.31,3,24.93
07/04/2022,9,Rocky Road,8.4,68,571.2
07/04/2022,10,Wingman,8.34,34,283.56
07/04/2022,11,Arcade Made,8.82,78,687.96
07/04/2022,12,Punk IPA,7.81,76,593.56
07/04/2022,13,Hazy Jane,8.46,24,203.04
07/04/2022,14,Shore Leave,7.74,68,526.32
07/04/2022,15,Simcoe Solo,7.29,62,451.98
07/04/2022,16,Lucky Break,8.37,99,828.63
08/04/2022,1,Black Heart,8.56,13,111.28
08/04/2022,2,Fools Gold,8.07,9,72.63
08/04/2022,3,Cold Beer B,7.05,39,274.95
08/04/2022,4,Lost Lager,7.23,51,368.73
08/04/2022,5,King Crush,8.29,11,91.19
08/04/2022,6,Wingman Tro,7.55,89,671.95
08/04/2022,7,Grind Stout,7.86,99,778.14
08/04/2022,8,Juice Shack,8.31,44,365.64
08/04/2022,9,Rocky Road,8.4,41,344.4
08/04/2022,10,Wingman,8.34,29,241.86
08/04/2022,11,Arcade Made,8.82,23,202.86
08/04/2022,12,Punk IPA,7.81,61,476.41
08/04/2022,13,Hazy Jane,8.46,19,160.74
08/04/2022,14,Shore Leave,7.74,54,417.96
08/04/2022,15,Simcoe Solo,7.29,46,335.34
08/04/2022,16,Lucky Break,8.37,63,527.31
09/04/2022,1,Black Heart,8.56,20,171.2
09/04/2022,2,Fools Gold,8.07,58,468.06
09/04/2022,3,Cold Beer B,7.05,77,542.85
09/04/2022,4,Lost Lager,7.23,57,412.11
09/04/2022,5,King Crush,8.29,22,182.38
09/04/2022,6,Wingman Tro,7.55,57,430.35
09/04/2022,7,Grind Stout,7.86,68,534.48
09/04/2022,8,Juice Shack,8.31,65,540.15
09/04/2022,9,Rocky Road,8.4,53,445.2
09/04/2022,10,Wingman,8.34,82,683.88
09/04/2022,11,Arcade Made,8.82,54,476.28
09/04/2022,12,Punk IPA,7.81,99,773.19
09/04/2022,13,Hazy Jane,8.46,63,532.98
09/04/2022,14,Shore Leave,7.74,57,441.18
09/04/2022,15,Simcoe Solo,7.29,48,349.92
09/04/2022,16,Lucky Break,8.37,29,242.73
10/04/2022,1,Black Heart,8.56,59,505.04
10/04/2022,2,Fools Gold,8.07,24,193.68
10/04/2022,3,Cold Beer B,7.05,4,28.2
10/04/2022,4,Lost Lager,7.23,73,527.79
10/04/2022,5,King Crush,8.29,98,812.42
10/04/2022,6,Wingman Tro,7.55,25,188.75
10/04/2022,7,Grind Stout,7.86,13,102.18
10/04/2022,8,Juice Shack,8.31,9,74.79
10/04/2022,9,Rocky Road,8.4,96,806.4
10/04/2022,10,Wingman,8.34,10,83.4
10/04/2022,11,Arcade Made,8.82,87,767.34
10/04/2022,12,Punk IPA,7.81,30,234.3
10/04/2022,13,Hazy Jane,8.46,32,270.72
10/04/2022,14,Shore Leave,7.74,38,294.12
10/04/2022,15,Simcoe Solo,7.29,76,554.04
10/04/2022,16,Lucky Break,8.37,15,125.55
11/04/2022,1,Black Heart,8.56,80,684.8
11/04/2022,2,Fools Gold,8.07,40,322.8
11/04/2022,3,Cold Beer B,7.05,16,112.8
11/04/2022,4,Lost Lager,7.23,14,101.22
11/04/2022,5,King Crush,8.29,36,298.44
11/04/2022,6,Wingman Tro,7.55,1,7.55
11/04/2022,7,Grind Stout,7.86,57,448.02
11/04/2022,8,Juice Shack,8.31,78,648.18
11/04/2022,9,Rocky Road,8.4,78,655.2
11/04/2022,10,Wingman,8.34,15,125.1
11/04/2022,11,Arcade Made,8.82,80,705.6
11/04/2022,12,Punk IPA,7.81,66,515.46
11/04/2022,13,Hazy Jane,8.46,31,262.26
11/04/2022,14,Shore Leave,7.74,53,410.22
11/04/2022,15,Simcoe Solo,7.29,34,247.86
11/04/2022,16,Lucky Break,8.37,79,661.23
12/04/2022,1,Black Heart,8.56,13,111.28
12/04/2022,2,Fools Gold,8.07,44,355.08
12/04/2022,3,Cold Beer B,7.05,90,634.5
12/04/2022,4,Lost Lager,7.23,44,318.12
12/04/2022,5,King Crush,8.29,71,588.59
12/04/2022,6,Wingman Tro,7.55,98,739.9
12/04/2022,7,Grind Stout,7.86,94,738.84
12/04/2022,8,Juice Shack,8.31,10,83.1
12/04/2022,9,Rocky Road,8.4,65,546
12/04/2022,10,Wingman,8.34,78,650.52
12/04/2022,11,Arcade Made,8.82,41,361.62
12/04/2022,12,Punk IPA,7.81,38,296.78
12/04/2022,13,Hazy Jane,8.46,10,84.6
12/04/2022,14,Shore Leave,7.74,50,387
12/04/2022,15,Simcoe Solo,7.29,94,685.26
12/04/2022,16,Lucky Break,8.37,72,602.64
13/04/2022,1,Black Heart,8.56,57,487.92
13/04/2022,2,Fools Gold,8.07,34,274.38
13/04/2022,3,Cold Beer B,7.05,40,282
13/04/2022,4,Lost Lager,7.23,84,607.32
13/04/2022,5,King Crush,8.29,34,281.86
13/04/2022,6,Wingman Tro,7.55,8,60.4
13/04/2022,7,Grind Stout,7.86,81,636.66
13/04/2022,8,Juice Shack,8.31,46,382.26
13/04/2022,9,Rocky Road,8.4,87,730.8
13/04/2022,10,Wingman,8.34,22,183.48
13/04/2022,11,Arcade Made,8.82,34,299.88
13/04/2022,12,Punk IPA,7.81,2,15.62
13/04/2022,13,Hazy Jane,8.46,63,532.98
13/04/2022,14,Shore Leave,7.74,22,170.28
13/04/2022,15,Simcoe Solo,7.29,2,14.58
13/04/2022,16,Lucky Break,8.37,73,611.01
14/04/2022,1,Black Heart,8.56,75,642
14/04/2022,2,Fools Gold,8.07,81,653.67
14/04/2022,3,Cold Beer B,7.05,31,218.55
14/04/2022,4,Lost Lager,7.23,19,137.37
14/04/2022,5,King Crush,8.29,21,174.09
14/04/2022,6,Wingman Tro,7.55,93,702.15
14/04/2022,7,Grind Stout,7.86,28,220.08
14/04/2022,8,Juice Shack,8.31,89,739.59
14/04/2022,9,Rocky Road,8.4,13,109.2
14/04/2022,10,Wingman,8.34,35,291.9
14/04/2022,11,Arcade Made,8.82,45,396.9
14/04/2022,12,Punk IPA,7.81,0,0
14/04/2022,13,Hazy Jane,8.46,9,76.14
14/04/2022,14,Shore Leave,7.74,12,92.88
14/04/2022,15,Simcoe Solo,7.29,91,663.39
14/04/2022,16,Lucky Break,8.37,55,460.35
15/04/2022,1,Black Heart,8.56,21,179.76
15/04/2022,2,Fools Gold,8.07,6,48.42
15/04/2022,3,Cold Beer B,7.05,44,310.2
15/04/2022,4,Lost Lager,7.23,17,122.91
15/04/2022,5,King Crush,8.29,58,480.82
15/04/2022,6,Wingman Tro,7.55,21,158.55
15/04/2022,7,Grind Stout,7.86,29,227.94
15/04/2022,8,Juice Shack,8.31,16,132.96
15/04/2022,9,Rocky Road,8.4,2,16.8
15/04/2022,10,Wingman,8.34,31,258.54
15/04/2022,11,Arcade Made,8.82,19,167.58
15/04/2022,12,Punk IPA,7.81,91,710.71
15/04/2022,13,Hazy Jane,8.46,94,795.24
15/04/2022,14,Shore Leave,7.74,69,534.06
15/04/2022,15,Simcoe Solo,7.29,96,699.84
15/04/2022,16,Lucky Break,8.37,66,552.42
16/04/2022,1,Black Heart,8.56,42,359.52
16/04/2022,2,Fools Gold,8.07,78,629.46
16/04/2022,3,Cold Beer B,7.05,13,91.65
16/04/2022,4,Lost Lager,7.23,70,506.1
16/04/2022,5,King Crush,8.29,10,82.9
16/04/2022,6,Wingman Tro,7.55,45,339.75
16/04/2022,7,Grind Stout,7.86,34,267.24
16/04/2022,8,Juice Shack,8.31,24,199.44
16/04/2022,9,Rocky Road,8.4,24,201.6
16/04/2022,10,Wingman,8.34,2,16.68
16/04/2022,11,Arcade Made,8.82,46,405.72
16/04/2022,12,Punk IPA,7.81,13,101.53
16/04/2022,13,Hazy Jane,8.46,59,499.14
16/04/2022,14,Shore Leave,7.74,31,239.94
16/04/2022,15,Simcoe Solo,7.29,25,182.25
16/04/2022,16,Lucky Break,8.37,89,744.93
17/04/2022,1,Black Heart,8.56,39,333.84
17/04/2022,2,Fools Gold,8.07,94,758.58
17/04/2022,3,Cold Beer B,7.05,32,225.6
17/04/2022,4,Lost Lager,7.23,85,614.55
17/04/2022,5,King Crush,8.29,27,223.83
17/04/2022,6,Wingman Tro,7.55,6,45.3
17/04/2022,7,Grind Stout,7.86,4,31.44
17/04/2022,8,Juice Shack,8.31,4,33.24
17/04/2022,9,Rocky Road,8.4,19,159.6
17/04/2022,10,Wingman,8.34,40,333.6
17/04/2022,11,Arcade Made,8.82,80,705.6
17/04/2022,12,Punk IPA,7.81,50,390.5
17/04/2022,13,Hazy Jane,8.46,76,642.96
17/04/2022,14,Shore Leave,7.74,44,340.56
17/04/2022,15,Simcoe Solo,7.29,57,415.53
17/04/2022,16,Lucky Break,8.37,3,25.11
18/04/2022,1,Black Heart,8.56,55,470.8
18/04/2022,2,Fools Gold,8.07,0,0
18/04/2022,3,Cold Beer B,7.05,41,289.05
18/04/2022,4,Lost Lager,7.23,92,665.16
18/04/2022,5,King Crush,8.29,66,547.14
18/04/2022,6,Wingman Tro,7.55,69,520.95
18/04/2022,7,Grind Stout,7.86,57,448.02
18/04/2022,8,Juice Shack,8.31,82,681.42
18/04/2022,9,Rocky Road,8.4,42,352.8
18/04/2022,10,Wingman,8.34,55,458.7
18/04/2022,11,Arcade Made,8.82,67,590.94
18/04/2022,12,Punk IPA,7.81,100,781
18/04/2022,13,Hazy Jane,8.46,62,524.52
18/04/2022,14,Shore Leave,7.74,93,719.82
18/04/2022,15,Simcoe Solo,7.29,76,554.04
18/04/2022,16,Lucky Break,8.37,0,0
19/04/2022,1,Black Heart,8.56,7,59.92
19/04/2022,2,Fools Gold,8.07,80,645.6
19/04/2022,3,Cold Beer B,7.05,23,162.15
19/04/2022,4,Lost Lager,7.23,78,563.94
19/04/2022,5,King Crush,8.29,94,779.26
19/04/2022,6,Wingman Tro,7.55,33,249.15
19/04/2022,7,Grind Stout,7.86,78,613.08
19/04/2022,8,Juice Shack,8.31,25,207.75
19/04/2022,9,Rocky Road,8.4,70,588
19/04/2022,10,Wingman,8.34,4,33.36
19/04/2022,11,Arcade Made,8.82,7,61.74
19/04/2022,12,Punk IPA,7.81,29,226.49
19/04/2022,13,Hazy Jane,8.46,89,752.94
19/04/2022,14,Shore Leave,7.74,88,681.12
19/04/2022,15,Simcoe Solo,7.29,66,481.14
19/04/2022,16,Lucky Break,8.37,28,234.36
20/04/2022,1,Black Heart,8.56,95,813.2
20/04/2022,2,Fools Gold,8.07,94,758.58
20/04/2022,3,Cold Beer B,7.05,75,528.75
20/04/2022,4,Lost Lager,7.23,44,318.12
20/04/2022,5,King Crush,8.29,48,397.92
20/04/2022,6,Wingman Tro,7.55,1,7.55
20/04/2022,7,Grind Stout,7.86,80,628.8
20/04/2022,8,Juice Shack,8.31,50,415.5
20/04/2022,9,Rocky Road,8.4,47,394.8
20/04/2022,10,Wingman,8.34,55,458.7
20/04/2022,11,Arcade Made,8.82,68,599.76
20/04/2022,12,Punk IPA,7.81,67,523.27
20/04/2022,13,Hazy Jane,8.46,88,744.48
20/04/2022,14,Shore Leave,7.74,30,232.2
20/04/2022,15,Simcoe Solo,7.29,79,575.91
20/04/2022,16,Lucky Break,8.37,18,150.66
21/04/2022,1,Black Heart,8.56,0,0
21/04/2022,2,Fools Gold,8.07,62,500.34
21/04/2022,3,Cold Beer B,7.05,58,408.9
21/04/2022,4,Lost Lager,7.23,63,455.49
21/04/2022,5,King Crush,8.29,31,256.99
21/04/2022,6,Wingman Tro,7.55,100,755
21/04/2022,7,Grind Stout,7.86,23,180.78
21/04/2022,8,Juice Shack,8.31,10,83.1
21/04/2022,9,Rocky Road,8.4,45,378
21/04/2022,10,Wingman,8.34,2,16.68
21/04/2022,11,Arcade Made,8.82,45,396.9
21/04/2022,12,Punk IPA,7.81,72,562.32
21/04/2022,13,Hazy Jane,8.46,4,33.84
21/04/2022,14,Shore Leave,7.74,64,495.36
21/04/2022,15,Simcoe Solo,7.29,80,583.2
21/04/2022,16,Lucky Break,8.37,91,761.67
22/04/2022,1,Black Heart,8.56,27,231.12
22/04/2022,2,Fools Gold,8.07,24,193.68
22/04/2022,3,Cold Beer B,7.05,11,77.55
22/04/2022,4,Lost Lager,7.23,97,701.31
22/04/2022,5,King Crush,8.29,47,389.63
22/04/2022,6,Wingman Tro,7.55,71,536.05
22/04/2022,7,Grind Stout,7.86,72,565.92
22/04/2022,8,Juice Shack,8.31,48,398.88
22/04/2022,9,Rocky Road,8.4,80,672
22/04/2022,10,Wingman,8.34,23,191.82
22/04/2022,11,Arcade Made,8.82,35,308.7
22/04/2022,12,Punk IPA,7.81,86,671.66
22/04/2022,13,Hazy Jane,8.46,99,837.54
22/04/2022,14,Shore Leave,7.74,11,85.14
22/04/2022,15,Simcoe Solo,7.29,59,430.11
22/04/2022,16,Lucky Break,8.37,15,125.55
23/04/2022,1,Black Heart,8.56,57,487.92
23/04/2022,2,Fools Gold,8.07,27,217.89
23/04/2022,3,Cold Beer B,7.05,48,338.4
23/04/2022,4,Lost Lager,7.23,44,318.12
23/04/2022,5,King Crush,8.29,34,281.86
23/04/2022,6,Wingman Tro,7.55,36,271.8
23/04/2022,7,Grind Stout,7.86,36,282.96
23/04/2022,8,Juice Shack,8.31,26,216.06
23/04/2022,9,Rocky Road,8.4,38,319.2
23/04/2022,10,Wingman,8.34,64,533.76
23/04/2022,11,Arcade Made,8.82,91,802.62
23/04/2022,12,Punk IPA,7.81,68,531.08
23/04/2022,13,Hazy Jane,8.46,37,313.02
23/04/2022,14,Shore Leave,7.74,25,193.5
23/04/2022,15,Simcoe Solo,7.29,91,663.39
23/04/2022,16,Lucky Break,8.37,45,376.65
24/04/2022,1,Black Heart,8.56,93,796.08
24/04/2022,2,Fools Gold,8.07,96,774.72
24/04/2022,3,Cold Beer B,7.05,74,521.7
24/04/2022,4,Lost Lager,7.23,22,159.06
24/04/2022,5,King Crush,8.29,11,91.19
24/04/2022,6,Wingman Tro,7.55,44,332.2
24/04/2022,7,Grind Stout,7.86,9,70.74
24/04/2022,8,Juice Shack,8.31,69,573.39
24/04/2022,9,Rocky Road,8.4,35,294
24/04/2022,10,Wingman,8.34,38,316.92
24/04/2022,11,Arcade Made,8.82,22,194.04
24/04/2022,12,Punk IPA,7.81,45,351.45
24/04/2022,13,Hazy Jane,8.46,27,228.42
24/04/2022,14,Shore Leave,7.74,97,750.78
24/04/2022,15,Simcoe Solo,7.29,46,335.34
24/04/2022,16,Lucky Break,8.37,35,292.95
25/04/2022,1,Black Heart,8.56,46,393.76
25/04/2022,2,Fools Gold,8.07,93,750.51
25/04/2022,3,Cold Beer B,7.05,8,56.4
25/04/2022,4,Lost Lager,7.23,86,621.78
25/04/2022,5,King Crush,8.29,42,348.18
25/04/2022,6,Wingman Tro,7.55,14,105.7
25/04/2022,7,Grind Stout,7.86,78,613.08
25/04/2022,8,Juice Shack,8.31,29,240.99
25/04/2022,9,Rocky Road,8.4,90,756
25/04/2022,10,Wingman,8.34,25,208.5
25/04/2022,11,Arcade Made,8.82,56,493.92
25/04/2022,12,Punk IPA,7.81,91,710.71
25/04/2022,13,Hazy Jane,8.46,99,837.54
25/04/2022,14,Shore Leave,7.74,8,61.92
25/04/2022,15,Simcoe Solo,7.29,46,335.34
25/04/2022,16,Lucky Break,8.37,4,33.48
26/04/2022,1,Black Heart,8.56,74,633.44
26/04/2022,2,Fools Gold,8.07,36,290.52
26/04/2022,3,Cold Beer B,7.05,18,126.9
26/04/2022,4,Lost Lager,7.23,72,520.56
26/04/2022,5,King Crush,8.29,33,273.57
26/04/2022,6,Wingman Tro,7.55,5,37.75
26/04/2022,7,Grind Stout,7.86,0,0
26/04/2022,8,Juice Shack,8.31,46,382.26
26/04/2022,9,Rocky Road,8.4,70,588
26/04/2022,10,Wingman,8.34,70,583.8
26/04/2022,11,Arcade Made,8.82,59,520.38
26/04/2022,12,Punk IPA,7.81,66,515.46
26/04/2022,13,Hazy Jane,8.46,64,541.44
26/04/2022,14,Shore Leave,7.74,32,247.68
26/04/2022,15,Simcoe Solo,7.29,0,0
26/04/2022,16,Lucky Break,8.37,47,393.39
27/04/2022,1,Black Heart,8.56,15,128.4
27/04/2022,2,Fools Gold,8.07,18,145.26
27/04/2022,3,Cold Beer B,7.05,6,42.3
27/04/2022,4,Lost Lager,7.23,40,289.2
27/04/2022,5,King Crush,8.29,13,107.77
27/04/2022,6,Wingman Tro,7.55,83,626.65
27/04/2022,7,Grind Stout,7.86,47,369.42
27/04/2022,8,Juice Shack,8.31,5,41.55
27/04/2022,9,Rocky Road,8.4,83,697.2
27/04/2022,10,Wingman,8.34,31,258.54
27/04/2022,11,Arcade Made,8.82,62,546.84
27/04/2022,12,Punk IPA,7.81,14,109.34
27/04/2022,13,Hazy Jane,8.46,55,465.3
27/04/2022,14,Shore Leave,7.74,96,743.04
27/04/2022,15,Simcoe Solo,7.29,40,291.6
27/04/2022,16,Lucky Break,8.37,11,92.07
28/04/2022,1,Black Heart,8.56,41,350.96
28/04/2022,2,Fools Gold,8.07,19,153.33
28/04/2022,3,Cold Beer B,7.05,23,162.15
28/04/2022,4,Lost Lager,7.23,94,679.62
28/04/2022,5,King Crush,8.29,32,265.28
28/04/2022,6,Wingman Tro,7.55,66,498.3
28/04/2022,7,Grind Stout,7.86,52,408.72
28/04/2022,8,Juice Shack,8.31,72,598.32
28/04/2022,9,Rocky Road,8.4,2,16.8
28/04/2022,10,Wingman,8.34,94,783.96
28/04/2022,11,Arcade Made,8.82,28,246.96
28/04/2022,12,Punk IPA,7.81,71,554.51
28/04/2022,13,Hazy Jane,8.46,13,109.98
28/04/2022,14,Shore Leave,7.74,83,642.42
28/04/2022,15,Simcoe Solo,7.29,0,0
28/04/2022,16,Lucky Break,8.37,3,25.11
29/04/2022,1,Black Heart,8.56,10,85.6
29/04/2022,2,Fools Gold,8.07,53,427.71
29/04/2022,3,Cold Beer B,7.05,0,0
29/04/2022,4,Lost Lager,7.23,89,643.47
29/04/2022,5,King Crush,8.29,48,397.92
29/04/2022,6,Wingman Tro,7.55,61,460.55
29/04/2022,7,Grind Stout,7.86,14,110.04
29/04/2022,8,Juice Shack,8.31,23,191.13
29/04/2022,9,Rocky Road,8.4,59,495.6
29/04/2022,10,Wingman,8.34,28,233.52
29/04/2022,11,Arcade Made,8.82,99,873.18
29/04/2022,12,Punk IPA,7.81,30,234.3
29/04/2022,13,Hazy Jane,8.46,64,541.44
29/04/2022,14,Shore Leave,7.74,51,394.74
29/04/2022,15,Simcoe Solo,7.29,14,102.06
29/04/2022,16,Lucky Break,8.37,76,636.12
30/04/2022,1,Black Heart,8.56,65,556.4
30/04/2022,2,Fools Gold,8.07,64,516.48
30/04/2022,3,Cold Beer B,7.05,35,246.75
30/04/2022,4,Lost Lager,7.23,10,72.3
30/04/2022,5,King Crush,8.29,48,397.92
30/04/2022,6,Wingman Tro,7.55,53,400.15
30/04/2022,7,Grind Stout,7.86,49,385.14
30/04/2022,8,Juice Shack,8.31,94,781.14
30/04/2022,9,Rocky Road,8.4,51,428.4
30/04/2022,10,Wingman,8.34,90,750.6
30/04/2022,11,Arcade Made,8.82,36,317.52
30/04/2022,12,Punk IPA,7.81,74,577.94
30/04/2022,13,Hazy Jane,8.46,9,76.14
30/04/2022,14,Shore Leave,7.74,68,526.32
30/04/2022,15,Simcoe Solo,7.29,3,21.87
30/04/2022,16,Lucky Break,8.37,2,16.74
01/05/2022,1,Black Heart,8.56,6,51.36
01/05/2022,2,Fools Gold,8.07,41,330.87
01/05/2022,3,Cold Beer B,7.05,88,620.4
01/05/2022,4,Lost Lager,7.23,20,144.6
01/05/2022,5,King Crush,8.29,58,480.82
01/05/2022,6,Wingman Tro,7.55,12,90.6
01/05/2022,7,Grind Stout,7.86,7,55.02
01/05/2022,8,Juice Shack,8.31,57,473.67
01/05/2022,9,Rocky Road,8.4,66,554.4
01/05/2022,10,Wingman,8.34,16,133.44
01/05/2022,11,Arcade Made,8.82,92,811.44
01/05/2022,12,Punk IPA,7.81,6,46.86
01/05/2022,13,Hazy Jane,8.46,59,499.14
01/05/2022,14,Shore Leave,7.74,24,185.76
01/05/2022,15,Simcoe Solo,7.29,28,204.12
01/05/2022,16,Lucky Break,8.37,91,761.67
02/05/2022,1,Black Heart,8.56,79,676.24
02/05/2022,2,Fools Gold,8.07,12,96.84
02/05/2022,3,Cold Beer B,7.05,67,472.35
02/05/2022,4,Lost Lager,7.23,93,672.39
02/05/2022,5,King Crush,8.29,10,82.9
02/05/2022,6,Wingman Tro,7.55,0,0
02/05/2022,7,Grind Stout,7.86,57,448.02
02/05/2022,8,Juice Shack,8.31,20,166.2
02/05/2022,9,Rocky Road,8.4,64,537.6
02/05/2022,10,Wingman,8.34,8,66.72
02/05/2022,11,Arcade Made,8.82,20,176.4
02/05/2022,12,Punk IPA,7.81,33,257.73
02/05/2022,13,Hazy Jane,8.46,36,304.56
02/05/2022,14,Shore Leave,7.74,92,712.08
02/05/2022,15,Simcoe Solo,7.29,92,670.68
02/05/2022,16,Lucky Break,8.37,91,761.67
03/05/2022,1,Black Heart,8.56,69,590.64
03/05/2022,2,Fools Gold,8.07,3,24.21
03/05/2022,3,Cold Beer B,7.05,7,49.35
03/05/2022,4,Lost Lager,7.23,90,650.7
03/05/2022,5,King Crush,8.29,43,356.47
03/05/2022,6,Wingman Tro,7.55,97,732.35
03/05/2022,7,Grind Stout,7.86,18,141.48
03/05/2022,8,Juice Shack,8.31,58,481.98
03/05/2022,9,Rocky Road,8.4,33,277.2
03/05/2022,10,Wingman,8.34,53,442.02
03/05/2022,11,Arcade Made,8.82,12,105.84
03/05/2022,12,Punk IPA,7.81,22,171.82
03/05/2022,13,Hazy Jane,8.46,96,812.16
03/05/2022,14,Shore Leave,7.74,89,688.86
03/05/2022,15,Simcoe Solo,7.29,64,466.56
03/05/2022,16,Lucky Break,8.37,67,560.79
04/05/2022,1,Black Heart,8.56,13,111.28
04/05/2022,2,Fools Gold,8.07,41,330.87
04/05/2022,3,Cold Beer B,7.05,74,521.7
04/05/2022,4,Lost Lager,7.23,93,672.39
04/05/2022,5,King Crush,8.29,78,646.62
04/05/2022,6,Wingman Tro,7.55,86,649.3
04/05/2022,7,Grind Stout,7.86,5,39.3
04/05/2022,8,Juice Shack,8.31,84,698.04
04/05/2022,9,Rocky Road,8.4,69,579.6
04/05/2022,10,Wingman,8.34,41,341.94
04/05/2022,11,Arcade Made,8.82,94,829.08
04/05/2022,12,Punk IPA,7.81,40,312.4
04/05/2022,13,Hazy Jane,8.46,43,363.78
04/05/2022,14,Shore Leave,7.74,54,417.96
04/05/2022,15,Simcoe Solo,7.29,81,590.49
04/05/2022,16,Lucky Break,8.37,53,443.61
05/05/2022,1,Black Heart,8.56,42,359.52
05/05/2022,2,Fools Gold,8.07,79,637.53
05/05/2022,3,Cold Beer B,7.05,64,451.2
05/05/2022,4,Lost Lager,7.23,23,166.29
05/05/2022,5,King Crush,8.29,74,613.46
05/05/2022,6,Wingman Tro,7.55,42,317.1
05/05/2022,7,Grind Stout,7.86,7,55.02
05/05/2022,8,Juice Shack,8.31,21,174.51
05/05/2022,9,Rocky Road,8.4,36,302.4
05/05/2022,10,Wingman,8.34,40,333.6
05/05/2022,11,Arcade Made,8.82,32,282.24
05/05/2022,12,Punk IPA,7.81,95,741.95
05/05/2022,13,Hazy Jane,8.46,72,609.12
05/05/2022,14,Shore Leave,7.74,24,185.76
05/05/2022,15,Simcoe Solo,7.29,27,196.83
05/05/2022,16,Lucky Break,8.37,77,644.49
06/05/2022,1,Black Heart,8.56,68,582.08
06/05/2022,2,Fools Gold,8.07,26,209.82
06/05/2022,3,Cold Beer B,7.05,87,613.35
06/05/2022,4,Lost Lager,7.23,84,607.32
06/05/2022,5,King Crush,8.29,38,315.02
06/05/2022,6,Wingman Tro,7.55,34,256.7
06/05/2022,7,Grind Stout,7.86,59,463.74
06/05/2022,8,Juice Shack,8.31,82,681.42
06/05/2022,9,Rocky Road,8.4,62,520.8
06/05/2022,10,Wingman,8.34,1,8.34
06/05/2022,11,Arcade Made,8.82,63,555.66
06/05/2022,12,Punk IPA,7.81,74,577.94
06/05/2022,13,Hazy Jane,8.46,14,118.44
06/05/2022,14,Shore Leave,7.74,61,472.14
06/05/2022,15,Simcoe Solo,7.29,48,349.92
06/05/2022,16,Lucky Break,8.37,72,602.64
07/05/2022,1,Black Heart,8.56,90,770.4
07/05/2022,2,Fools Gold,8.07,16,129.12
07/05/2022,3,Cold Beer B,7.05,93,655.65
07/05/2022,4,Lost Lager,7.23,5,36.15
07/05/2022,5,King Crush,8.29,12,99.48
07/05/2022,6,Wingman Tro,7.55,17,128.35
07/05/2022,7,Grind Stout,7.86,94,738.84
07/05/2022,8,Juice Shack,8.31,42,349.02
07/05/2022,9,Rocky Road,8.4,97,814.8
07/05/2022,10,Wingman,8.34,30,250.2
07/05/2022,11,Arcade Made,8.82,81,714.42
07/05/2022,12,Punk IPA,7.81,11,85.91
07/05/2022,13,Hazy Jane,8.46,36,304.56
07/05/2022,14,Shore Leave,7.74,90,696.6
07/05/2022,15,Simcoe Solo,7.29,54,393.66
07/05/2022,16,Lucky Break,8.37,75,627.75
08/05/2022,1,Black Heart,8.56,8,68.48
08/05/2022,2,Fools Gold,8.07,77,621.39
08/05/2022,3,Cold Beer B,7.05,71,500.55
08/05/2022,4,Lost Lager,7.23,74,535.02
08/05/2022,5,King Crush,8.29,36,298.44
08/05/2022,6,Wingman Tro,7.55,29,218.95
08/05/2022,7,Grind Stout,7.86,91,715.26
08/05/2022,8,Juice Shack,8.31,0,0
08/05/2022,9,Rocky Road,8.4,23,193.2
08/05/2022,10,Wingman,8.34,8,66.72
08/05/2022,11,Arcade Made,8.82,54,476.28
08/05/2022,12,Punk IPA,7.81,69,538.89
08/05/2022,13,Hazy Jane,8.46,18,152.28
08/05/2022,14,Shore Leave,7.74,46,356.04
08/05/2022,15,Simcoe Solo,7.29,85,619.65
08/05/2022,16,Lucky Break,8.37,7,58.59
09/05/2022,1,Black Heart,8.56,79,676.24
09/05/2022,2,Fools Gold,8.07,44,355.08
09/05/2022,3,Cold Beer B,7.05,88,620.4
09/05/2022,4,Lost Lager,7.23,76,549.48
09/05/2022,5,King Crush,8.29,98,812.42
09/05/2022,6,Wingman Tro,7.55,78,588.9
09/05/2022,7,Grind Stout,7.86,44,345.84
09/05/2022,8,Juice Shack,8.31,32,265.92
09/05/2022,9,Rocky Road,8.4,44,369.6
09/05/2022,10,Wingman,8.34,62,517.08
09/05/2022,11,Arcade Made,8.82,84,740.88
09/05/2022,12,Punk IPA,7.81,41,320.21
09/05/2022,13,Hazy Jane,8.46,88,744.48
09/05/2022,14,Shore Leave,7.74,32,247.68
09/05/2022,15,Simcoe Solo,7.29,42,306.18
09/05/2022,16,Lucky Break,8.37,8,66.96
10/05/2022,1,Black Heart,8.56,3,25.68
10/05/2022,2,Fools Gold,8.07,89,718.23
10/05/2022,3,Cold Beer B,7.05,21,148.05
10/05/2022,4,Lost Lager,7.23,15,108.45
10/05/2022,5,King Crush,8.29,7,58.03
10/05/2022,6,Wingman Tro,7.55,77,581.35
10/05/2022,7,Grind Stout,7.86,59,463.74
10/05/2022,8,Juice Shack,8.31,60,498.6
10/05/2022,9,Rocky Road,8.4,7,58.8
10/05/2022,10,Wingman,8.34,100,834
10/05/2022,11,Arcade Made,8.82,47,414.54
10/05/2022,12,Punk IPA,7.81,88,687.28
10/05/2022,13,Hazy Jane,8.46,48,406.08
10/05/2022,14,Shore Leave,7.74,43,332.82
10/05/2022,15,Simcoe Solo,7.29,32,233.28
10/05/2022,16,Lucky Break,8.37,4,33.48
11/05/2022,1,Black Heart,8.56,21,179.76
11/05/2022,2,Fools Gold,8.07,47,379.29
11/05/2022,3,Cold Beer B,7.05,65,458.25
11/05/2022,4,Lost Lager,7.23,19,137.37
11/05/2022,5,King Crush,8.29,21,174.09
11/05/2022,6,Wingman Tro,7.55,22,166.1
11/05/2022,7,Grind Stout,7.86,23,180.78
11/05/2022,8,Juice Shack,8.31,33,274.23
11/05/2022,9,Rocky Road,8.4,26,218.4
11/05/2022,10,Wingman,8.34,53,442.02
11/05/2022,11,Arcade Made,8.82,48,423.36
11/05/2022,12,Punk IPA,7.81,97,757.57
11/05/2022,13,Hazy Jane,8.46,23,194.58
11/05/2022,14,Shore Leave,7.74,22,170.28
11/05/2022,15,Simcoe Solo,7.29,9,65.61
11/05/2022,16,Lucky Break,8.37,9,75.33
12/05/2022,1,Black Heart,8.56,91,778.96
12/05/2022,2,Fools Gold,8.07,58,468.06
12/05/2022,3,Cold Beer B,7.05,39,274.95
12/05/2022,4,Lost Lager,7.23,70,506.1
12/05/2022,5,King Crush,8.29,96,795.84
12/05/2022,6,Wingman Tro,7.55,82,619.1
12/05/2022,7,Grind Stout,7.86,33,259.38
12/05/2022,8,Juice Shack,8.31,61,506.91
12/05/2022,9,Rocky Road,8.4,7,58.8
12/05/2022,10,Wingman,8.34,74,617.16
12/05/2022,11,Arcade Made,8.82,9,79.38
12/05/2022,12,Punk IPA,7.81,42,328.02
12/05/2022,13,Hazy Jane,8.46,91,769.86
12/05/2022,14,Shore Leave,7.74,4,30.96
12/05/2022,15,Simcoe Solo,7.29,55,400.95
12/05/2022,16,Lucky Break,8.37,8,66.96
13/05/2022,1,Black Heart,8.56,43,368.08
13/05/2022,2,Fools Gold,8.07,70,564.9
13/05/2022,3,Cold Beer B,7.05,84,592.2
13/05/2022,4,Lost Lager,7.23,55,397.65
13/05/2022,5,King Crush,8.29,3,24.87
13/05/2022,6,Wingman Tro,7.55,93,702.15
13/05/2022,7,Grind Stout,7.86,92,723.12
13/05/2022,8,Juice Shack,8.31,55,457.05
13/05/2022,9,Rocky Road,8.4,45,378
13/05/2022,10,Wingman,8.34,51,425.34
13/05/2022,11,Arcade Made,8.82,62,546.84
13/05/2022,12,Punk IPA,7.81,1,7.81
13/05/2022,13,Hazy Jane,8.46,73,617.58
13/05/2022,14,Shore Leave,7.74,26,201.24
13/05/2022,15,Simcoe Solo,7.29,29,211.41
13/05/2022,16,Lucky Break,8.37,87,728.19
14/05/2022,1,Black Heart,8.56,62,530.72
14/05/2022,2,Fools Gold,8.07,47,379.29
14/05/2022,3,Cold Beer B,7.05,31,218.55
14/05/2022,4,Lost Lager,7.23,10,72.3
14/05/2022,5,King Crush,8.29,84,696.36
14/05/2022,6,Wingman Tro,7.55,80,604
14/05/2022,7,Grind Stout,7.86,79,620.94
14/05/2022,8,Juice Shack,8.31,13,108.03
14/05/2022,9,Rocky Road,8.4,57,478.8
14/05/2022,10,Wingman,8.34,24,200.16
14/05/2022,11,Arcade Made,8.82,17,149.94
14/05/2022,12,Punk IPA,7.81,59,460.79
14/05/2022,13,Hazy Jane,8.46,96,812.16
14/05/2022,14,Shore Leave,7.74,67,518.58
14/05/2022,15,Simcoe Solo,7.29,47,342.63
14/05/2022,16,Lucky Break,8.37,74,619.38
15/05/2022,1,Black Heart,8.56,74,633.44
15/05/2022,2,Fools Gold,8.07,84,677.88
15/05/2022,3,Cold Beer B,7.05,23,162.15
15/05/2022,4,Lost Lager,7.23,46,332.58
15/05/2022,5,King Crush,8.29,49,406.21
15/05/2022,6,Wingman Tro,7.55,23,173.65
15/05/2022,7,Grind Stout,7.86,59,463.74
15/05/2022,8,Juice Shack,8.31,65,540.15
15/05/2022,9,Rocky Road,8.4,15,126
15/05/2022,10,Wingman,8.34,83,692.22
15/05/2022,11,Arcade Made,8.82,53,467.46
15/05/2022,12,Punk IPA,7.81,64,499.84
15/05/2022,13,Hazy Jane,8.46,86,727.56
15/05/2022,14,Shore Leave,7.74,38,294.12
15/05/2022,15,Simcoe Solo,7.29,52,379.08
15/05/2022,16,Lucky Break,8.37,58,485.46
16/05/2022,1,Black Heart,8.56,97,830.32
16/05/2022,2,Fools Gold,8.07,39,314.73
16/05/2022,3,Cold Beer B,7.05,97,683.85
16/05/2022,4,Lost Lager,7.23,81,585.63
16/05/2022,5,King Crush,8.29,34,281.86
16/05/2022,6,Wingman Tro,7.55,0,0
16/05/2022,7,Grind Stout,7.86,17,133.62
16/05/2022,8,Juice Shack,8.31,88,731.28
16/05/2022,9,Rocky Road,8.4,78,655.2
16/05/2022,10,Wingman,8.34,94,783.96
16/05/2022,11,Arcade Made,8.82,73,643.86
16/05/2022,12,Punk IPA,7.81,62,484.22
16/05/2022,13,Hazy Jane,8.46,51,431.46
16/05/2022,14,Shore Leave,7.74,47,363.78
16/05/2022,15,Simcoe Solo,7.29,59,430.11
16/05/2022,16,Lucky Break,8.37,38,318.06
17/05/2022,1,Black Heart,8.56,51,436.56
17/05/2022,2,Fools Gold,8.07,52,419.64
17/05/2022,3,Cold Beer B,7.05,48,338.4
17/05/2022,4,Lost Lager,7.23,87,629.01
17/05/2022,5,King Crush,8.29,44,364.76
17/05/2022,6,Wingman Tro,7.55,84,634.2
17/05/2022,7,Grind Stout,7.86,10,78.6
17/05/2022,8,Juice Shack,8.31,57,473.67
17/05/2022,9,Rocky Road,8.4,98,823.2
17/05/2022,10,Wingman,8.34,88,733.92
17/05/2022,11,Arcade Made,8.82,65,573.3
17/05/2022,12,Punk IPA,7.81,8,62.48
17/05/2022,13,Hazy Jane,8.46,42,355.32
17/05/2022,14,Shore Leave,7.74,1,7.74
17/05/2022,15,Simcoe Solo,7.29,93,677.97
17/05/2022,16,Lucky Break,8.37,81,677.97
18/05/2022,1,Black Heart,8.56,57,487.92
18/05/2022,2,Fools Gold,8.07,97,782.79
18/05/2022,3,Cold Beer B,7.05,11,77.55
18/05/2022,4,Lost Lager,7.23,81,585.63
18/05/2022,5,King Crush,8.29,3,24.87
18/05/2022,6,Wingman Tro,7.55,32,241.6
18/05/2022,7,Grind Stout,7.86,87,683.82
18/05/2022,8,Juice Shack,8.31,55,457.05
18/05/2022,9,Rocky Road,8.4,36,302.4
18/05/2022,10,Wingman,8.34,73,608.82
18/05/2022,11,Arcade Made,8.82,57,502.74
18/05/2022,12,Punk IPA,7.81,100,781
18/05/2022,13,Hazy Jane,8.46,82,693.72
18/05/2022,14,Shore Leave,7.74,42,325.08
18/05/2022,15,Simcoe Solo,7.29,49,357.21
18/05/2022,16,Lucky Break,8.37,83,694.71
19/05/2022,1,Black Heart,8.56,84,719.04
19/05/2022,2,Fools Gold,8.07,53,427.71
19/05/2022,3,Cold Beer B,7.05,18,126.9
19/05/2022,4,Lost Lager,7.23,78,563.94
19/05/2022,5,King Crush,8.29,55,455.95
19/05/2022,6,Wingman Tro,7.55,53,400.15
19/05/2022,7,Grind Stout,7.86,97,762.42
19/05/2022,8,Juice Shack,8.31,34,282.54
19/05/2022,9,Rocky Road,8.4,96,806.4
19/05/2022,10,Wingman,8.34,63,525.42
19/05/2022,11,Arcade Made,8.82,73,643.86
19/05/2022,12,Punk IPA,7.81,94,734.14
19/05/2022,13,Hazy Jane,8.46,37,313.02
19/05/2022,14,Shore Leave,7.74,72,557.28
19/05/2022,15,Simcoe Solo,7.29,34,247.86
19/05/2022,16,Lucky Break,8.37,66,552.42
20/05/2022,1,Black Heart,8.56,51,436.56
20/05/2022,2,Fools Gold,8.07,17,137.19
20/05/2022,3,Cold Beer B,7.05,7,49.35
20/05/2022,4,Lost Lager,7.23,30,216.9
20/05/2022,5,King Crush,8.29,8,66.32
20/05/2022,6,Wingman Tro,7.55,89,671.95
20/05/2022,7,Grind Stout,7.86,94,738.84
20/05/2022,8,Juice Shack,8.31,89,739.59
20/05/2022,9,Rocky Road,8.4,64,537.6
20/05/2022,10,Wingman,8.34,89,742.26
20/05/2022,11,Arcade Made,8.82,5,44.1
20/05/2022,12,Punk IPA,7.81,25,195.25
20/05/2022,13,Hazy Jane,8.46,60,507.6
20/05/2022,14,Shore Leave,7.74,46,356.04
20/05/2022,15,Simcoe Solo,7.29,100,729
20/05/2022,16,Lucky Break,8.37,66,552.42
21/05/2022,1,Black Heart,8.56,99,847.44
21/05/2022,2,Fools Gold,8.07,10,80.7
21/05/2022,3,Cold Beer B,7.05,16,112.8
21/05/2022,4,Lost Lager,7.23,64,462.72
21/05/2022,5,King Crush,8.29,61,505.69
21/05/2022,6,Wingman Tro,7.55,78,588.9
21/05/2022,7,Grind Stout,7.86,52,408.72
21/05/2022,8,Juice Shack,8.31,15,124.65
21/05/2022,9,Rocky Road,8.4,87,730.8
21/05/2022,10,Wingman,8.34,26,216.84
21/05/2022,11,Arcade Made,8.82,45,396.9
21/05/2022,12,Punk IPA,7.81,75,585.75
21/05/2022,13,Hazy Jane,8.46,73,617.58
21/05/2022,14,Shore Leave,7.74,54,417.96
21/05/2022,15,Simcoe Solo,7.29,57,415.53
21/05/2022,16,Lucky Break,8.37,10,83.7
22/05/2022,1,Black Heart,8.56,13,111.28
22/05/2022,2,Fools Gold,8.07,56,451.92
22/05/2022,3,Cold Beer B,7.05,46,324.3
22/05/2022,4,Lost Lager,7.23,54,390.42
22/05/2022,5,King Crush,8.29,83,688.07
22/05/2022,6,Wingman Tro,7.55,45,339.75
22/05/2022,7,Grind Stout,7.86,13,102.18
22/05/2022,8,Juice Shack,8.31,29,240.99
22/05/2022,9,Rocky Road,8.4,57,478.8
22/05/2022,10,Wingman,8.34,36,300.24
22/05/2022,11,Arcade Made,8.82,49,432.18
22/05/2022,12,Punk IPA,7.81,23,179.63
22/05/2022,13,Hazy Jane,8.46,91,769.86
22/05/2022,14,Shore Leave,7.74,89,688.86
22/05/2022,15,Simcoe Solo,7.29,32,233.28
22/05/2022,16,Lucky Break,8.37,2,16.74
23/05/2022,1,Black Heart,8.56,7,59.92
23/05/2022,2,Fools Gold,8.07,53,427.71
23/05/2022,3,Cold Beer B,7.05,37,260.85
23/05/2022,4,Lost Lager,7.23,14,101.22
23/05/2022,5,King Crush,8.29,11,91.19
23/05/2022,6,Wingman Tro,7.55,54,407.7
23/05/2022,7,Grind Stout,7.86,52,408.72
23/05/2022,8,Juice Shack,8.31,95,789.45
23/05/2022,9,Rocky Road,8.4,16,134.4
23/05/2022,10,Wingman,8.34,90,750.6
23/05/2022,11,Arcade Made,8.82,57,502.74
23/05/2022,12,Punk IPA,7.81,14,109.34
23/05/2022,13,Hazy Jane,8.46,56,473.76
23/05/2022,14,Shore Leave,7.74,61,472.14
23/05/2022,15,Simcoe Solo,7.29,48,349.92
23/05/2022,16,Lucky Break,8.37,39,326.43
24/05/2022,1,Black Heart,8.56,77,659.12
24/05/2022,2,Fools Gold,8.07,84,677.88
24/05/2022,3,Cold Beer B,7.05,32,225.6
24/05/2022,4,Lost Lager,7.23,66,477.18
24/05/2022,5,King Crush,8.29,16,132.64
24/05/2022,6,Wingman Tro,7.55,50,377.5
24/05/2022,7,Grind Stout,7.86,87,683.82
24/05/2022,8,Juice Shack,8.31,19,157.89
24/05/2022,9,Rocky Road,8.4,80,672
24/05/2022,10,Wingman,8.34,2,16.68
24/05/2022,11,Arcade Made,8.82,31,273.42
24/05/2022,12,Punk IPA,7.81,44,343.64
24/05/2022,13,Hazy Jane,8.46,87,736.02
24/05/2022,14,Shore Leave,7.74,64,495.36
24/05/2022,15,Simcoe Solo,7.29,7,51.03
24/05/2022,16,Lucky Break,8.37,55,460.35
25/05/2022,1,Black Heart,8.56,37,316.72
25/05/2022,2,Fools Gold,8.07,99,798.93
25/05/2022,3,Cold Beer B,7.05,97,683.85
25/05/2022,4,Lost Lager,7.23,64,462.72
25/05/2022,5,King Crush,8.29,49,406.21
25/05/2022,6,Wingman Tro,7.55,45,339.75
25/05/2022,7,Grind Stout,7.86,31,243.66
25/05/2022,8,Juice Shack,8.31,9,74.79
25/05/2022,9,Rocky Road,8.4,17,142.8
25/05/2022,10,Wingman,8.34,92,767.28
25/05/2022,11,Arcade Made,8.82,88,776.16
25/05/2022,12,Punk IPA,7.81,15,117.15
25/05/2022,13,Hazy Jane,8.46,74,626.04
25/05/2022,14,Shore Leave,7.74,48,371.52
25/05/2022,15,Simcoe Solo,7.29,25,182.25
25/05/2022,16,Lucky Break,8.37,3,25.11
26/05/2022,1,Black Heart,8.56,1,8.56
26/05/2022,2,Fools Gold,8.07,93,750.51
26/05/2022,3,Cold Beer B,7.05,100,705
26/05/2022,4,Lost Lager,7.23,26,187.98
26/05/2022,5,King Crush,8.29,51,422.79
26/05/2022,6,Wingman Tro,7.55,83,626.65
26/05/2022,7,Grind Stout,7.86,8,62.88
26/05/2022,8,Juice Shack,8.31,80,664.8
26/05/2022,9,Rocky Road,8.4,72,604.8
26/05/2022,10,Wingman,8.34,4,33.36
26/05/2022,11,Arcade Made,8.82,78,687.96
26/05/2022,12,Punk IPA,7.81,78,609.18
26/05/2022,13,Hazy Jane,8.46,78,659.88
26/05/2022,14,Shore Leave,7.74,3,23.22
26/05/2022,15,Simcoe Solo,7.29,13,94.77
26/05/2022,16,Lucky Break,8.37,54,451.98
27/05/2022,1,Black Heart,8.56,100,856
27/05/2022,2,Fools Gold,8.07,74,597.18
27/05/2022,3,Cold Beer B,7.05,60,423
27/05/2022,4,Lost Lager,7.23,35,253.05
27/05/2022,5,King Crush,8.29,16,132.64
27/05/2022,6,Wingman Tro,7.55,58,437.9
27/05/2022,7,Grind Stout,7.86,32,251.52
27/05/2022,8,Juice Shack,8.31,56,465.36
27/05/2022,9,Rocky Road,8.4,56,470.4
27/05/2022,10,Wingman,8.34,66,550.44
27/05/2022,11,Arcade Made,8.82,78,687.96
27/05/2022,12,Punk IPA,7.81,4,31.24
27/05/2022,13,Hazy Jane,8.46,36,304.56
27/05/2022,14,Shore Leave,7.74,44,340.56
27/05/2022,15,Simcoe Solo,7.29,98,714.42
27/05/2022,16,Lucky Break,8.37,58,485.46
28/05/2022,1,Black Heart,8.56,89,761.84
28/05/2022,2,Fools Gold,8.07,58,468.06
28/05/2022,3,Cold Beer B,7.05,60,423
28/05/2022,4,Lost Lager,7.23,96,694.08
28/05/2022,5,King Crush,8.29,51,422.79
28/05/2022,6,Wingman Tro,7.55,94,709.7
28/05/2022,7,Grind Stout,7.86,48,377.28
28/05/2022,8,Juice Shack,8.31,38,315.78
28/05/2022,9,Rocky Road,8.4,27,226.8
28/05/2022,10,Wingman,8.34,57,475.38
28/05/2022,11,Arcade Made,8.82,19,167.58
28/05/2022,12,Punk IPA,7.81,58,452.98
28/05/2022,13,Hazy Jane,8.46,48,406.08
28/05/2022,14,Shore Leave,7.74,44,340.56
28/05/2022,15,Simcoe Solo,7.29,27,196.83
28/05/2022,16,Lucky Break,8.37,41,343.17
29/05/2022,1,Black Heart,8.56,2,17.12
29/05/2022,2,Fools Gold,8.07,5,40.35
29/05/2022,3,Cold Beer B,7.05,61,430.05
29/05/2022,4,Lost Lager,7.23,32,231.36
29/05/2022,5,King Crush,8.29,60,497.4
29/05/2022,6,Wingman Tro,7.55,43,324.65
29/05/2022,7,Grind Stout,7.86,83,652.38
29/05/2022,8,Juice Shack,8.31,53,440.43
29/05/2022,9,Rocky Road,8.4,22,184.8
29/05/2022,10,Wingman,8.34,79,658.86
29/05/2022,11,Arcade Made,8.82,36,317.52
29/05/2022,12,Punk IPA,7.81,21,164.01
29/05/2022,13,Hazy Jane,8.46,0,0
29/05/2022,14,Shore Leave,7.74,90,696.6
29/05/2022,15,Simcoe Solo,7.29,82,597.78
29/05/2022,16,Lucky Break,8.37,53,443.61
30/05/2022,1,Black Heart,8.56,58,496.48
30/05/2022,2,Fools Gold,8.07,31,250.17
30/05/2022,3,Cold Beer B,7.05,4,28.2
30/05/2022,4,Lost Lager,7.23,63,455.49
30/05/2022,5,King Crush,8.29,48,397.92
30/05/2022,6,Wingman Tro,7.55,52,392.6
30/05/2022,7,Grind Stout,7.86,45,353.7
30/05/2022,8,Juice Shack,8.31,90,747.9
30/05/2022,9,Rocky Road,8.4,12,100.8
30/05/2022,10,Wingman,8.34,14,116.76
30/05/2022,11,Arcade Made,8.82,22,194.04
30/05/2022,12,Punk IPA,7.81,34,265.54
30/05/2022,13,Hazy Jane,8.46,23,194.58
30/05/2022,14,Shore Leave,7.74,38,294.12
30/05/2022,15,Simcoe Solo,7.29,67,488.43
30/05/2022,16,Lucky Break,8.37,2,16.74
31/05/2022,1,Black Heart,8.56,19,162.64
31/05/2022,2,Fools Gold,8.07,12,96.84
31/05/2022,3,Cold Beer B,7.05,70,493.5
31/05/2022,4,Lost Lager,7.23,66,477.18
31/05/2022,5,King Crush,8.29,25,207.25
31/05/2022,6,Wingman Tro,7.55,0,0
31/05/2022,7,Grind Stout,7.86,40,314.4
31/05/2022,8,Juice Shack,8.31,17,141.27
31/05/2022,9,Rocky Road,8.4,52,436.8
31/05/2022,10,Wingman,8.34,83,692.22
31/05/2022,11,Arcade Made,8.82,55,485.1
31/05/2022,12,Punk IPA,7.81,88,687.28
31/05/2022,13,Hazy Jane,8.46,90,761.4
31/05/2022,14,Shore Leave,7.74,93,719.82
31/05/2022,15,Simcoe Solo,7.29,58,422.82
31/05/2022,16,Lucky Break,8.37,66,552.42
01/06/2022,1,Black Heart,8.56,38,325.28
01/06/2022,2,Fools Gold,8.07,71,572.97
01/06/2022,3,Cold Beer B,7.05,68,479.4
01/06/2022,4,Lost Lager,7.23,77,556.71
01/06/2022,5,King Crush,8.29,0,0
01/06/2022,6,Wingman Tro,7.55,35,264.25
01/06/2022,7,Grind Stout,7.86,18,141.48
01/06/2022,8,Juice Shack,8.31,41,340.71
01/06/2022,9,Rocky Road,8.4,11,92.4
01/06/2022,10,Wingman,8.34,80,667.2
01/06/2022,11,Arcade Made,8.82,98,864.36
01/06/2022,12,Punk IPA,7.81,55,429.55
01/06/2022,13,Hazy Jane,8.46,98,829.08
01/06/2022,14,Shore Leave,7.74,47,363.78
01/06/2022,15,Simcoe Solo,7.29,70,510.3
01/06/2022,16,Lucky Break,8.37,11,92.07
02/06/2022,1,Black Heart,8.56,89,761.84
02/06/2022,2,Fools Gold,8.07,24,193.68
02/06/2022,3,Cold Beer B,7.05,84,592.2
02/06/2022,4,Lost Lager,7.23,84,607.32
02/06/2022,5,King Crush,8.29,54,447.66
02/06/2022,6,Wingman Tro,7.55,28,211.4
02/06/2022,7,Grind Stout,7.86,52,408.72
02/06/2022,8,Juice Shack,8.31,41,340.71
02/06/2022,9,Rocky Road,8.4,31,260.4
02/06/2022,10,Wingman,8.34,42,350.28
02/06/2022,11,Arcade Made,8.82,3,26.46
02/06/2022,12,Punk IPA,7.81,82,640.42
02/06/2022,13,Hazy Jane,8.46,39,329.94
02/06/2022,14,Shore Leave,7.74,22,170.28
02/06/2022,15,Simcoe Solo,7.29,94,685.26
02/06/2022,16,Lucky Break,8.37,42,351.54
03/06/2022,1,Black Heart,8.56,51,436.56
03/06/2022,2,Fools Gold,8.07,66,532.62
03/06/2022,3,Cold Beer B,7.05,97,683.85
03/06/2022,4,Lost Lager,7.23,95,686.85
03/06/2022,5,King Crush,8.29,20,165.8
03/06/2022,6,Wingman Tro,7.55,4,30.2
03/06/2022,7,Grind Stout,7.86,14,110.04
03/06/2022,8,Juice Shack,8.31,59,490.29
03/06/2022,9,Rocky Road,8.4,80,672
03/06/2022,10,Wingman,8.34,15,125.1
03/06/2022,11,Arcade Made,8.82,19,167.58
03/06/2022,12,Punk IPA,7.81,72,562.32
03/06/2022,13,Hazy Jane,8.46,59,499.14
03/06/2022,14,Shore Leave,7.74,20,154.8
03/06/2022,15,Simcoe Solo,7.29,94,685.26
03/06/2022,16,Lucky Break,8.37,25,209.25
04/06/2022,1,Black Heart,8.56,21,179.76
04/06/2022,2,Fools Gold,8.07,28,225.96
04/06/2022,3,Cold Beer B,7.05,94,662.7
04/06/2022,4,Lost Lager,7.23,26,187.98
04/06/2022,5,King Crush,8.29,51,422.79
04/06/2022,6,Wingman Tro,7.55,58,437.9
04/06/2022,7,Grind Stout,7.86,96,754.56
04/06/2022,8,Juice Shack,8.31,83,689.73
04/06/2022,9,Rocky Road,8.4,88,739.2
04/06/2022,10,Wingman,8.34,79,658.86
04/06/2022,11,Arcade Made,8.82,2,17.64
04/06/2022,12,Punk IPA,7.81,16,124.96
04/06/2022,13,Hazy Jane,8.46,35,296.1
04/06/2022,14,Shore Leave,7.74,84,650.16
04/06/2022,15,Simcoe Solo,7.29,42,306.18
04/06/2022,16,Lucky Break,8.37,94,786.78
05/06/2022,1,Black Heart,8.56,11,94.16
05/06/2022,2,Fools Gold,8.07,96,774.72
05/06/2022,3,Cold Beer B,7.05,99,697.95
05/06/2022,4,Lost Lager,7.23,3,21.69
05/06/2022,5,King Crush,8.29,35,290.15
05/06/2022,6,Wingman Tro,7.55,58,437.9
05/06/2022,7,Grind Stout,7.86,54,424.44
05/06/2022,8,Juice Shack,8.31,48,398.88
05/06/2022,9,Rocky Road,8.4,47,394.8
05/06/2022,10,Wingman,8.34,86,717.24
05/06/2022,11,Arcade Made,8.82,72,635.04
05/06/2022,12,Punk IPA,7.81,11,85.91
05/06/2022,13,Hazy Jane,8.46,28,236.88
05/06/2022,14,Shore Leave,7.74,34,263.16
05/06/2022,15,Simcoe Solo,7.29,20,145.8
05/06/2022,16,Lucky Break,8.37,81,677.97
06/06/2022,1,Black Heart,8.56,2,17.12
06/06/2022,2,Fools Gold,8.07,58,468.06
06/06/2022,3,Cold Beer B,7.05,72,507.6
06/06/2022,4,Lost Lager,7.23,73,527.79
06/06/2022,5,King Crush,8.29,34,281.86
06/06/2022,6,Wingman Tro,7.55,67,505.85
06/06/2022,7,Grind Stout,7.86,73,573.78
06/06/2022,8,Juice Shack,8.31,21,174.51
06/06/2022,9,Rocky Road,8.4,31,260.4
06/06/2022,10,Wingman,8.34,12,100.08
06/06/2022,11,Arcade Made,8.82,38,335.16
06/06/2022,12,Punk IPA,7.81,38,296.78
06/06/2022,13,Hazy Jane,8.46,10,84.6
06/06/2022,14,Shore Leave,7.74,94,727.56
06/06/2022,15,Simcoe Solo,7.29,12,87.48
06/06/2022,16,Lucky Break,8.37,69,577.53
07/06/2022,1,Black Heart,8.56,51,436.56
07/06/2022,2,Fools Gold,8.07,63,508.41
07/06/2022,3,Cold Beer B,7.05,58,408.9
07/06/2022,4,Lost Lager,7.23,35,253.05
07/06/2022,5,King Crush,8.29,52,431.08
07/06/2022,6,Wingman Tro,7.55,28,211.4
07/06/2022,7,Grind Stout,7.86,20,157.2
07/06/2022,8,Juice Shack,8.31,98,814.38
07/06/2022,9,Rocky Road,8.4,86,722.4
07/06/2022,10,Wingman,8.34,52,433.68
07/06/2022,11,Arcade Made,8.82,43,379.26
07/06/2022,12,Punk IPA,7.81,47,367.07
07/06/2022,13,Hazy Jane,8.46,65,549.9
07/06/2022,14,Shore Leave,7.74,81,626.94
07/06/2022,15,Simcoe Solo,7.29,6,43.74
07/06/2022,16,Lucky Break,8.37,22,184.14
08/06/2022,1,Black Heart,8.56,92,787.52
08/06/2022,2,Fools Gold,8.07,46,371.22
08/06/2022,3,Cold Beer B,7.05,59,415.95
08/06/2022,4,Lost Lager,7.23,23,166.29
08/06/2022,5,King Crush,8.29,44,364.76
08/06/2022,6,Wingman Tro,7.55,59,445.45
08/06/2022,7,Grind Stout,7.86,40,314.4
08/06/2022,8,Juice Shack,8.31,68,565.08
08/06/2022,9,Rocky Road,8.4,41,344.4
08/06/2022,10,Wingman,8.34,44,366.96
08/06/2022,11,Arcade Made,8.82,33,291.06
08/06/2022,12,Punk IPA,7.81,24,187.44
08/06/2022,13,Hazy Jane,8.46,38,321.48
08/06/2022,14,Shore Leave,7.74,82,634.68
08/06/2022,15,Simcoe Solo,7.29,91,663.39
08/06/2022,16,Lucky Break,8.37,40,334.8
09/06/2022,1,Black Heart,8.56,18,154.08
09/06/2022,2,Fools Gold,8.07,58,468.06
09/06/2022,3,Cold Beer B,7.05,66,465.3
09/06/2022,4,Lost Lager,7.23,67,484.41
09/06/2022,5,King Crush,8.29,52,431.08
09/06/2022,6,Wingman Tro,7.55,34,256.7
09/06/2022,7,Grind Stout,7.86,87,683.82
09/06/2022,8,Juice Shack,8.31,57,473.67
09/06/2022,9,Rocky Road,8.4,35,294
09/06/2022,10,Wingman,8.34,26,216.84
09/06/2022,11,Arcade Made,8.82,66,582.12
09/06/2022,12,Punk IPA,7.81,74,577.94
09/06/2022,13,Hazy Jane,8.46,39,329.94
09/06/2022,14,Shore Leave,7.74,58,448.92
09/06/2022,15,Simcoe Solo,7.29,65,473.85
09/06/2022,16,Lucky Break,8.37,23,192.51
10/06/2022,1,Black Heart,8.56,13,111.28
10/06/2022,2,Fools Gold,8.07,54,435.78
10/06/2022,3,Cold Beer B,7.05,43,303.15
10/06/2022,4,Lost Lager,7.23,35,253.05
10/06/2022,5,King Crush,8.29,27,223.83
10/06/2022,6,Wingman Tro,7.55,24,181.2
10/06/2022,7,Grind Stout,7.86,28,220.08
10/06/2022,8,Juice Shack,8.31,74,614.94
10/06/2022,9,Rocky Road,8.4,32,268.8
10/06/2022,10,Wingman,8.34,49,408.66
10/06/2022,11,Arcade Made,8.82,74,652.68
10/06/2022,12,Punk IPA,7.81,52,406.12
10/06/2022,13,Hazy Jane,8.46,47,397.62
10/06/2022,14,Shore Leave,7.74,26,201.24
10/06/2022,15,Simcoe Solo,7.29,5,36.45
10/06/2022,16,Lucky Break,8.37,64,535.68
11/06/2022,1,Black Heart,8.56,35,299.6
11/06/2022,2,Fools Gold,8.07,19,153.33
11/06/2022,3,Cold Beer B,7.05,36,253.8
11/06/2022,4,Lost Lager,7.23,58,419.34
11/06/2022,5,King Crush,8.29,91,754.39
11/06/2022,6,Wingman Tro,7.55,86,649.3
11/06/2022,7,Grind Stout,7.86,6,47.16
11/06/2022,8,Juice Shack,8.31,34,282.54
11/06/2022,9,Rocky Road,8.4,11,92.4
11/06/2022,10,Wingman,8.34,13,108.42
11/06/2022,11,Arcade Made,8.82,54,476.28
11/06/2022,12,Punk IPA,7.81,33,257.73
11/06/2022,13,Hazy Jane,8.46,46,389.16
11/06/2022,14,Shore Leave,7.74,40,309.6
11/06/2022,15,Simcoe Solo,7.29,57,415.53
11/06/2022,16,Lucky Break,8.37,45,376.65
12/06/2022,1,Black Heart,8.56,35,299.6
12/06/2022,2,Fools Gold,8.07,68,548.76
12/06/2022,3,Cold Beer B,7.05,5,35.25
12/06/2022,4,Lost Lager,7.23,10,72.3
12/06/2022,5,King Crush,8.29,68,563.72
12/06/2022,6,Wingman Tro,7.55,72,543.6
12/06/2022,7,Grind Stout,7.86,49,385.14
12/06/2022,8,Juice Shack,8.31,2,16.62
12/06/2022,9,Rocky Road,8.4,2,16.8
12/06/2022,10,Wingman,8.34,68,567.12
12/06/2022,11,Arcade Made,8.82,50,441
12/06/2022,12,Punk IPA,7.81,61,476.41
12/06/2022,13,Hazy Jane,8.46,74,626.04
12/06/2022,14,Shore Leave,7.74,93,719.82
12/06/2022,15,Simcoe Solo,7.29,1,7.29
12/06/2022,16,Lucky Break,8.37,26,217.62
13/06/2022,1,Black Heart,8.56,50,428
13/06/2022,2,Fools Gold,8.07,72,581.04
13/06/2022,3,Cold Beer B,7.05,5,35.25
13/06/2022,4,Lost Lager,7.23,81,585.63
13/06/2022,5,King Crush,8.29,93,770.97
13/06/2022,6,Wingman Tro,7.55,28,211.4
13/06/2022,7,Grind Stout,7.86,88,691.68
13/06/2022,8,Juice Shack,8.31,22,182.82
13/06/2022,9,Rocky Road,8.4,84,705.6
13/06/2022,10,Wingman,8.34,50,417
13/06/2022,11,Arcade Made,8.82,34,299.88
13/06/2022,12,Punk IPA,7.81,31,242.11
13/06/2022,13,Hazy Jane,8.46,96,812.16
13/06/2022,14,Shore Leave,7.74,47,363.78
13/06/2022,15,Simcoe Solo,7.29,71,517.59
13/06/2022,16,Lucky Break,8.37,6,50.22
14/06/2022,1,Black Heart,8.56,1,8.56
14/06/2022,2,Fools Gold,8.07,69,556.83
14/06/2022,3,Cold Beer B,7.05,4,28.2
14/06/2022,4,Lost Lager,7.23,16,115.68
14/06/2022,5,King Crush,8.29,10,82.9
14/06/2022,6,Wingman Tro,7.55,98,739.9
14/06/2022,7,Grind Stout,7.86,24,188.64
14/06/2022,8,Juice Shack,8.31,32,265.92
14/06/2022,9,Rocky Road,8.4,76,638.4
14/06/2022,10,Wingman,8.34,89,742.26
14/06/2022,11,Arcade Made,8.82,98,864.36
14/06/2022,12,Punk IPA,7.81,52,406.12
14/06/2022,13,Hazy Jane,8.46,36,304.56
14/06/2022,14,Shore Leave,7.74,6,46.44
14/06/2022,15,Simcoe Solo,7.29,35,255.15
14/06/2022,16,Lucky Break,8.37,33,276.21
15/06/2022,1,Black Heart,8.56,56,479.36
15/06/2022,2,Fools Gold,8.07,74,597.18
15/06/2022,3,Cold Beer B,7.05,36,253.8
15/06/2022,4,Lost Lager,7.23,32,231.36
15/06/2022,5,King Crush,8.29,4,33.16
15/06/2022,6,Wingman Tro,7.55,94,709.7
15/06/2022,7,Grind Stout,7.86,80,628.8
15/06/2022,8,Juice Shack,8.31,78,648.18
15/06/2022,9,Rocky Road,8.4,11,92.4
15/06/2022,10,Wingman,8.34,0,0
15/06/2022,11,Arcade Made,8.82,44,388.08
15/06/2022,12,Punk IPA,7.81,35,273.35
15/06/2022,13,Hazy Jane,8.46,89,752.94
15/06/2022,14,Shore Leave,7.74,24,185.76
15/06/2022,15,Simcoe Solo,7.29,78,568.62
15/06/2022,16,Lucky Break,8.37,92,770.04
16/06/2022,1,Black Heart,8.56,34,291.04
16/06/2022,2,Fools Gold,8.07,3,24.21
16/06/2022,3,Cold Beer B,7.05,38,267.9
16/06/2022,4,Lost Lager,7.23,9,65.07
16/06/2022,5,King Crush,8.29,91,754.39
16/06/2022,6,Wingman Tro,7.55,48,362.4
16/06/2022,7,Grind Stout,7.86,74,581.64
16/06/2022,8,Juice Shack,8.31,3,24.93
16/06/2022,9,Rocky Road,8.4,77,646.8
16/06/2022,10,Wingman,8.34,60,500.4
16/06/2022,11,Arcade Made,8.82,38,335.16
16/06/2022,12,Punk IPA,7.81,41,320.21
16/06/2022,13,Hazy Jane,8.46,46,389.16
16/06/2022,14,Shore Leave,7.74,40,309.6
16/06/2022,15,Simcoe Solo,7.29,28,204.12
16/06/2022,16,Lucky Break,8.37,63,527.31
17/06/2022,1,Black Heart,8.56,61,522.16
17/06/2022,2,Fools Gold,8.07,13,104.91
17/06/2022,3,Cold Beer B,7.05,0,0
17/06/2022,4,Lost Lager,7.23,0,0
17/06/2022,5,King Crush,8.29,22,182.38
17/06/2022,6,Wingman Tro,7.55,3,22.65
17/06/2022,7,Grind Stout,7.86,81,636.66
17/06/2022,8,Juice Shack,8.31,6,49.86
17/06/2022,9,Rocky Road,8.4,17,142.8
17/06/2022,10,Wingman,8.34,82,683.88
17/06/2022,11,Arcade Made,8.82,11,97.02
17/06/2022,12,Punk IPA,7.81,24,187.44
17/06/2022,13,Hazy Jane,8.46,95,803.7
17/06/2022,14,Shore Leave,7.74,20,154.8
17/06/2022,15,Simcoe Solo,7.29,28,204.12
17/06/2022,16,Lucky Break,8.37,90,753.3
18/06/2022,1,Black Heart,8.56,5,42.8
18/06/2022,2,Fools Gold,8.07,77,621.39
18/06/2022,3,Cold Beer B,7.05,59,415.95
18/06/2022,4,Lost Lager,7.23,51,368.73
18/06/2022,5,King Crush,8.29,28,232.12
18/06/2022,6,Wingman Tro,7.55,18,135.9
18/06/2022,7,Grind Stout,7.86,44,345.84
18/06/2022,8,Juice Shack,8.31,26,216.06
18/06/2022,9,Rocky Road,8.4,58,487.2
18/06/2022,10,Wingman,8.34,70,583.8
18/06/2022,11,Arcade Made,8.82,78,687.96
18/06/2022,12,Punk IPA,7.81,58,452.98
18/06/2022,13,Hazy Jane,8.46,76,642.96
18/06/2022,14,Shore Leave,7.74,42,325.08
18/06/2022,15,Simcoe Solo,7.29,64,466.56
18/06/2022,16,Lucky Break,8.37,14,117.18
19/06/2022,1,Black Heart,8.56,10,85.6
19/06/2022,2,Fools Gold,8.07,92,742.44
19/06/2022,3,Cold Beer B,7.05,17,119.85
19/06/2022,4,Lost Lager,7.23,81,585.63
19/06/2022,5,King Crush,8.29,35,290.15
19/06/2022,6,Wingman Tro,7.55,75,566.25
19/06/2022,7,Grind Stout,7.86,79,620.94
19/06/2022,8,Juice Shack,8.31,56,465.36
19/06/2022,9,Rocky Road,8.4,19,159.6
19/06/2022,10,Wingman,8.34,29,241.86
19/06/2022,11,Arcade Made,8.82,14,123.48
19/06/2022,12,Punk IPA,7.81,61,476.41
19/06/2022,13,Hazy Jane,8.46,82,693.72
19/06/2022,14,Shore Leave,7.74,7,54.18
19/06/2022,15,Simcoe Solo,7.29,74,539.46
19/06/2022,16,Lucky Break,8.37,78,652.86
20/06/2022,1,Black Heart,8.56,15,128.4
20/06/2022,2,Fools Gold,8.07,27,217.89
20/06/2022,3,Cold Beer B,7.05,74,521.7
20/06/2022,4,Lost Lager,7.23,94,679.62
20/06/2022,5,King Crush,8.29,30,248.7
20/06/2022,6,Wingman Tro,7.55,30,226.5
20/06/2022,7,Grind Stout,7.86,5,39.3
20/06/2022,8,Juice Shack,8.31,31,257.61
20/06/2022,9,Rocky Road,8.4,13,109.2
20/06/2022,10,Wingman,8.34,82,683.88
20/06/2022,11,Arcade Made,8.82,33,291.06
20/06/2022,12,Punk IPA,7.81,16,124.96
20/06/2022,13,Hazy Jane,8.46,1,8.46
20/06/2022,14,Shore Leave,7.74,45,348.3
20/06/2022,15,Simcoe Solo,7.29,68,495.72
20/06/2022,16,Lucky Break,8.37,45,376.65
21/06/2022,1,Black Heart,8.56,38,325.28
21/06/2022,2,Fools Gold,8.07,10,80.7
21/06/2022,3,Cold Beer B,7.05,98,690.9
21/06/2022,4,Lost Lager,7.23,82,592.86
21/06/2022,5,King Crush,8.29,70,580.3
21/06/2022,6,Wingman Tro,7.55,68,513.4
21/06/2022,7,Grind Stout,7.86,37,290.82
21/06/2022,8,Juice Shack,8.31,66,548.46
21/06/2022,9,Rocky Road,8.4,77,646.8
21/06/2022,10,Wingman,8.34,47,391.98
21/06/2022,11,Arcade Made,8.82,20,176.4
21/06/2022,12,Punk IPA,7.81,35,273.35
21/06/2022,13,Hazy Jane,8.46,13,109.98
21/06/2022,14,Shore Leave,7.74,94,727.56
21/06/2022,15,Simcoe Solo,7.29,83,605.07
21/06/2022,16,Lucky Break,8.37,45,376.65
22/06/2022,1,Black Heart,8.56,83,710.48
22/06/2022,2,Fools Gold,8.07,29,234.03
22/06/2022,3,Cold Beer B,7.05,27,190.35
22/06/2022,4,Lost Lager,7.23,46,332.58
22/06/2022,5,King Crush,8.29,44,364.76
22/06/2022,6,Wingman Tro,7.55,87,656.85
22/06/2022,7,Grind Stout,7.86,74,581.64
22/06/2022,8,Juice Shack,8.31,12,99.72
22/06/2022,9,Rocky Road,8.4,19,159.6
22/06/2022,10,Wingman,8.34,10,83.4
22/06/2022,11,Arcade Made,8.82,80,705.6
22/06/2022,12,Punk IPA,7.81,90,702.9
22/06/2022,13,Hazy Jane,8.46,19,160.74
22/06/2022,14,Shore Leave,7.74,68,526.32
22/06/2022,15,Simcoe Solo,7.29,75,546.75
22/06/2022,16,Lucky Break,8.37,67,560.79
23/06/2022,1,Black Heart,8.56,96,821.76
23/06/2022,2,Fools Gold,8.07,43,347.01
23/06/2022,3,Cold Beer B,7.05,17,119.85
23/06/2022,4,Lost Lager,7.23,25,180.75
23/06/2022,5,King Crush,8.29,46,381.34
23/06/2022,6,Wingman Tro,7.55,79,596.45
23/06/2022,7,Grind Stout,7.86,90,707.4
23/06/2022,8,Juice Shack,8.31,42,349.02
23/06/2022,9,Rocky Road,8.4,76,638.4
23/06/2022,10,Wingman,8.34,66,550.44
23/06/2022,11,Arcade Made,8.82,91,802.62
23/06/2022,12,Punk IPA,7.81,88,687.28
23/06/2022,13,Hazy Jane,8.46,68,575.28
23/06/2022,14,Shore Leave,7.74,15,116.1
23/06/2022,15,Simcoe Solo,7.29,39,284.31
23/06/2022,16,Lucky Break,8.37,20,167.4
24/06/2022,1,Black Heart,8.56,63,539.28
24/06/2022,2,Fools Gold,8.07,48,387.36
24/06/2022,3,Cold Beer B,7.05,70,493.5
24/06/2022,4,Lost Lager,7.23,62,448.26
24/06/2022,5,King Crush,8.29,93,770.97
24/06/2022,6,Wingman Tro,7.55,71,536.05
24/06/2022,7,Grind Stout,7.86,77,605.22
24/06/2022,8,Juice Shack,8.31,15,124.65
24/06/2022,9,Rocky Road,8.4,9,75.6
24/06/2022,10,Wingman,8.34,65,542.1
24/06/2022,11,Arcade Made,8.82,54,476.28
24/06/2022,12,Punk IPA,7.81,42,328.02
24/06/2022,13,Hazy Jane,8.46,20,169.2
24/06/2022,14,Shore Leave,7.74,12,92.88
24/06/2022,15,Simcoe Solo,7.29,25,182.25
24/06/2022,16,Lucky Break,8.37,94,786.78
25/06/2022,1,Black Heart,8.56,70,599.2
25/06/2022,2,Fools Gold,8.07,47,379.29
25/06/2022,3,Cold Beer B,7.05,23,162.15
25/06/2022,4,Lost Lager,7.23,10,72.3
25/06/2022,5,King Crush,8.29,62,513.98
25/06/2022,6,Wingman Tro,7.55,0,0
25/06/2022,7,Grind Stout,7.86,25,196.5
25/06/2022,8,Juice Shack,8.31,33,274.23
25/06/2022,9,Rocky Road,8.4,79,663.6
25/06/2022,10,Wingman,8.34,84,700.56
25/06/2022,11,Arcade Made,8.82,87,767.34
25/06/2022,12,Punk IPA,7.81,19,148.39
25/06/2022,13,Hazy Jane,8.46,4,33.84
25/06/2022,14,Shore Leave,7.74,26,201.24
25/06/2022,15,Simcoe Solo,7.29,35,255.15
25/06/2022,16,Lucky Break,8.37,11,92.07
26/06/2022,1,Black Heart,8.56,68,582.08
26/06/2022,2,Fools Gold,8.07,29,234.03
26/06/2022,3,Cold Beer B,7.05,32,225.6
26/06/2022,4,Lost Lager,7.23,54,390.42
26/06/2022,5,King Crush,8.29,80,663.2
26/06/2022,6,Wingman Tro,7.55,3,22.65
26/06/2022,7,Grind Stout,7.86,80,628.8
26/06/2022,8,Juice Shack,8.31,26,216.06
26/06/2022,9,Rocky Road,8.4,41,344.4
26/06/2022,10,Wingman,8.34,85,708.9
26/06/2022,11,Arcade Made,8.82,86,758.52
26/06/2022,12,Punk IPA,7.81,70,546.7
26/06/2022,13,Hazy Jane,8.46,80,676.8
26/06/2022,14,Shore Leave,7.74,40,309.6
26/06/2022,15,Simcoe Solo,7.29,48,349.92
26/06/2022,16,Lucky Break,8.37,37,309.69
27/06/2022,1,Black Heart,8.56,49,419.44
27/06/2022,2,Fools Gold,8.07,47,379.29
27/06/2022,3,Cold Beer B,7.05,31,218.55
27/06/2022,4,Lost Lager,7.23,67,484.41
27/06/2022,5,King Crush,8.29,53,439.37
27/06/2022,6,Wingman Tro,7.55,76,573.8
27/06/2022,7,Grind Stout,7.86,30,235.8
27/06/2022,8,Juice Shack,8.31,4,33.24
27/06/2022,9,Rocky Road,8.4,91,764.4
27/06/2022,10,Wingman,8.34,55,458.7
27/06/2022,11,Arcade Made,8.82,27,238.14
27/06/2022,12,Punk IPA,7.81,60,468.6
27/06/2022,13,Hazy Jane,8.46,77,651.42
27/06/2022,14,Shore Leave,7.74,96,743.04
27/06/2022,15,Simcoe Solo,7.29,32,233.28
27/06/2022,16,Lucky Break,8.37,92,770.04
28/06/2022,1,Black Heart,8.56,41,350.96
28/06/2022,2,Fools Gold,8.07,95,766.65
28/06/2022,3,Cold Beer B,7.05,89,627.45
28/06/2022,4,Lost Lager,7.23,27,195.21
28/06/2022,5,King Crush,8.29,98,812.42
28/06/2022,6,Wingman Tro,7.55,89,671.95
28/06/2022,7,Grind Stout,7.86,12,94.32
28/06/2022,8,Juice Shack,8.31,55,457.05
28/06/2022,9,Rocky Road,8.4,48,403.2
28/06/2022,10,Wingman,8.34,75,625.5
28/06/2022,11,Arcade Made,8.82,68,599.76
28/06/2022,12,Punk IPA,7.81,45,351.45
28/06/2022,13,Hazy Jane,8.46,8,67.68
28/06/2022,14,Shore Leave,7.74,50,387
28/06/2022,15,Simcoe Solo,7.29,100,729
28/06/2022,16,Lucky Break,8.37,52,435.24
29/06/2022,1,Black Heart,8.56,66,564.96
29/06/2022,2,Fools Gold,8.07,10,80.7
29/06/2022,3,Cold Beer B,7.05,100,705
29/06/2022,4,Lost Lager,7.23,22,159.06
29/06/2022,5,King Crush,8.29,45,373.05
29/06/2022,6,Wingman Tro,7.55,81,611.55
29/06/2022,7,Grind Stout,7.86,66,518.76
29/06/2022,8,Juice Shack,8.31,2,16.62
29/06/2022,9,Rocky Road,8.4,59,495.6
29/06/2022,10,Wingman,8.34,50,417
29/06/2022,11,Arcade Made,8.82,86,758.52
29/06/2022,12,Punk IPA,7.81,54,421.74
29/06/2022,13,Hazy Jane,8.46,66,558.36
29/06/2022,14,Shore Leave,7.74,93,719.82
29/06/2022,15,Simcoe Solo,7.29,18,131.22
29/06/2022,16,Lucky Break,8.37,1,8.37
30/06/2022,1,Black Heart,8.56,77,659.12
30/06/2022,2,Fools Gold,8.07,22,177.54
30/06/2022,3,Cold Beer B,7.05,42,296.1
30/06/2022,4,Lost Lager,7.23,16,115.68
30/06/2022,5,King Crush,8.29,37,306.73
30/06/2022,6,Wingman Tro,7.55,29,218.95
30/06/2022,7,Grind Stout,7.86,39,306.54
30/06/2022,8,Juice Shack,8.31,10,83.1
30/06/2022,9,Rocky Road,8.4,92,772.8
30/06/2022,10,Wingman,8.34,42,350.28
30/06/2022,11,Arcade Made,8.82,68,599.76
30/06/2022,12,Punk IPA,7.81,67,523.27
30/06/2022,13,Hazy Jane,8.46,70,592.2
30/06/2022,14,Shore Leave,7.74,9,69.66
30/06/2022,15,Simcoe Solo,7.29,62,451.98
30/06/2022,16,Lucky Break,8.37,59,493.83
01/07/2022,1,Black Heart,8.56,74,633.44
01/07/2022,2,Fools Gold,8.07,54,435.78
01/07/2022,3,Cold Beer B,7.05,1,7.05
01/07/2022,4,Lost Lager,7.23,1,7.23
01/07/2022,5,King Crush,8.29,8,66.32
01/07/2022,6,Wingman Tro,7.55,16,120.8
01/07/2022,7,Grind Stout,7.86,40,314.4
01/07/2022,8,Juice Shack,8.31,20,166.2
01/07/2022,9,Rocky Road,8.4,30,252
01/07/2022,10,Wingman,8.34,45,375.3
01/07/2022,11,Arcade Made,8.82,29,255.78
01/07/2022,12,Punk IPA,7.81,9,70.29
01/07/2022,13,Hazy Jane,8.46,54,456.84
01/07/2022,14,Shore Leave,7.74,18,139.32
01/07/2022,15,Simcoe Solo,7.29,55,400.95
01/07/2022,16,Lucky Break,8.37,86,719.82
02/07/2022,1,Black Heart,8.56,66,564.96
02/07/2022,2,Fools Gold,8.07,50,403.5
02/07/2022,3,Cold Beer B,7.05,89,627.45
02/07/2022,4,Lost Lager,7.23,28,202.44
02/07/2022,5,King Crush,8.29,36,298.44
02/07/2022,6,Wingman Tro,7.55,66,498.3
02/07/2022,7,Grind Stout,7.86,13,102.18
02/07/2022,8,Juice Shack,8.31,47,390.57
02/07/2022,9,Rocky Road,8.4,73,613.2
02/07/2022,10,Wingman,8.34,71,592.14
02/07/2022,11,Arcade Made,8.82,84,740.88
02/07/2022,12,Punk IPA,7.81,74,577.94
02/07/2022,13,Hazy Jane,8.46,7,59.22
02/07/2022,14,Shore Leave,7.74,4,30.96
02/07/2022,15,Simcoe Solo,7.29,77,561.33
02/07/2022,16,Lucky Break,8.37,23,192.51
03/07/2022,1,Black Heart,8.56,96,821.76
03/07/2022,2,Fools Gold,8.07,75,605.25
03/07/2022,3,Cold Beer B,7.05,20,141
03/07/2022,4,Lost Lager,7.23,57,412.11
03/07/2022,5,King Crush,8.29,76,630.04
03/07/2022,6,Wingman Tro,7.55,5,37.75
03/07/2022,7,Grind Stout,7.86,31,243.66
03/07/2022,8,Juice Shack,8.31,68,565.08
03/07/2022,9,Rocky Road,8.4,1,8.4
03/07/2022,10,Wingman,8.34,38,316.92
03/07/2022,11,Arcade Made,8.82,46,405.72
03/07/2022,12,Punk IPA,7.81,76,593.56
03/07/2022,13,Hazy Jane,8.46,14,118.44
03/07/2022,14,Shore Leave,7.74,98,758.52
03/07/2022,15,Simcoe Solo,7.29,74,539.46
03/07/2022,16,Lucky Break,8.37,86,719.82
04/07/2022,1,Black Heart,8.56,56,479.36
04/07/2022,2,Fools Gold,8.07,28,225.96
04/07/2022,3,Cold Beer B,7.05,93,655.65
04/07/2022,4,Lost Lager,7.23,27,195.21
04/07/2022,5,King Crush,8.29,18,149.22
04/07/2022,6,Wingman Tro,7.55,59,445.45
04/07/2022,7,Grind Stout,7.86,83,652.38
04/07/2022,8,Juice Shack,8.31,9,74.79
04/07/2022,9,Rocky Road,8.4,49,411.6
04/07/2022,10,Wingman,8.34,19,158.46
04/07/2022,11,Arcade Made,8.82,4,35.28
04/07/2022,12,Punk IPA,7.81,25,195.25
04/07/2022,13,Hazy Jane,8.46,43,363.78
04/07/2022,14,Shore Leave,7.74,56,433.44
04/07/2022,15,Simcoe Solo,7.29,12,87.48
04/07/2022,16,Lucky Break,8.37,0,0
05/07/2022,1,Black Heart,8.56,85,727.6
05/07/2022,2,Fools Gold,8.07,34,274.38
05/07/2022,3,Cold Beer B,7.05,61,430.05
05/07/2022,4,Lost Lager,7.23,71,513.33
05/07/2022,5,King Crush,8.29,5,41.45
05/07/2022,6,Wingman Tro,7.55,44,332.2
05/07/2022,7,Grind Stout,7.86,23,180.78
05/07/2022,8,Juice Shack,8.31,90,747.9
05/07/2022,9,Rocky Road,8.4,12,100.8
05/07/2022,10,Wingman,8.34,56,467.04
05/07/2022,11,Arcade Made,8.82,27,238.14
05/07/2022,12,Punk IPA,7.81,61,476.41
05/07/2022,13,Hazy Jane,8.46,21,177.66
05/07/2022,14,Shore Leave,7.74,64,495.36
05/07/2022,15,Simcoe Solo,7.29,28,204.12
05/07/2022,16,Lucky Break,8.37,70,585.9
06/07/2022,1,Black Heart,8.56,44,376.64
06/07/2022,2,Fools Gold,8.07,60,484.2
06/07/2022,3,Cold Beer B,7.05,89,627.45
06/07/2022,4,Lost Lager,7.23,93,672.39
06/07/2022,5,King Crush,8.29,10,82.9
06/07/2022,6,Wingman Tro,7.55,15,113.25
06/07/2022,7,Grind Stout,7.86,40,314.4
06/07/2022,8,Juice Shack,8.31,49,407.19
06/07/2022,9,Rocky Road,8.4,68,571.2
06/07/2022,10,Wingman,8.34,40,333.6
06/07/2022,11,Arcade Made,8.82,27,238.14
06/07/2022,12,Punk IPA,7.81,90,702.9
06/07/2022,13,Hazy Jane,8.46,6,50.76
06/07/2022,14,Shore Leave,7.74,42,325.08
06/07/2022,15,Simcoe Solo,7.29,80,583.2
06/07/2022,16,Lucky Break,8.37,43,359.91
07/07/2022,1,Black Heart,8.56,71,607.76
07/07/2022,2,Fools Gold,8.07,61,492.27
07/07/2022,3,Cold Beer B,7.05,75,528.75
07/07/2022,4,Lost Lager,7.23,60,433.8
07/07/2022,5,King Crush,8.29,97,804.13
07/07/2022,6,Wingman Tro,7.55,76,573.8
07/07/2022,7,Grind Stout,7.86,75,589.5
07/07/2022,8,Juice Shack,8.31,93,772.83
07/07/2022,9,Rocky Road,8.4,13,109.2
07/07/2022,10,Wingman,8.34,38,316.92
07/07/2022,11,Arcade Made,8.82,48,423.36
07/07/2022,12,Punk IPA,7.81,19,148.39
07/07/2022,13,Hazy Jane,8.46,0,0
07/07/2022,14,Shore Leave,7.74,88,681.12
07/07/2022,15,Simcoe Solo,7.29,53,386.37
07/07/2022,16,Lucky Break,8.37,76,636.12
08/07/2022,1,Black Heart,8.56,2,17.12
08/07/2022,2,Fools Gold,8.07,52,419.64
08/07/2022,3,Cold Beer B,7.05,60,423
08/07/2022,4,Lost Lager,7.23,1,7.23
08/07/2022,5,King Crush,8.29,9,74.61
08/07/2022,6,Wingman Tro,7.55,53,400.15
08/07/2022,7,Grind Stout,7.86,21,165.06
08/07/2022,8,Juice Shack,8.31,1,8.31
08/07/2022,9,Rocky Road,8.4,74,621.6
08/07/2022,10,Wingman,8.34,54,450.36
08/07/2022,11,Arcade Made,8.82,54,476.28
08/07/2022,12,Punk IPA,7.81,62,484.22
08/07/2022,13,Hazy Jane,8.46,51,431.46
08/07/2022,14,Shore Leave,7.74,11,85.14
08/07/2022,15,Simcoe Solo,7.29,2,14.58
08/07/2022,16,Lucky Break,8.37,47,393.39
09/07/2022,1,Black Heart,8.56,33,282.48
09/07/2022,2,Fools Gold,8.07,16,129.12
09/07/2022,3,Cold Beer B,7.05,35,246.75
09/07/2022,4,Lost Lager,7.23,41,296.43
09/07/2022,5,King Crush,8.29,4,33.16
09/07/2022,6,Wingman Tro,7.55,6,45.3
09/07/2022,7,Grind Stout,7.86,55,432.3
09/07/2022,8,Juice Shack,8.31,39,324.09
09/07/2022,9,Rocky Road,8.4,61,512.4
09/07/2022,10,Wingman,8.34,66,550.44
09/07/2022,11,Arcade Made,8.82,56,493.92
09/07/2022,12,Punk IPA,7.81,73,570.13
09/07/2022,13,Hazy Jane,8.46,17,143.82
09/07/2022,14,Shore Leave,7.74,7,54.18
09/07/2022,15,Simcoe Solo,7.29,48,349.92
09/07/2022,16,Lucky Break,8.37,21,175.77
10/07/2022,1,Black Heart,8.56,65,556.4
10/07/2022,2,Fools Gold,8.07,55,443.85
10/07/2022,3,Cold Beer B,7.05,47,331.35
10/07/2022,4,Lost Lager,7.23,94,679.62
10/07/2022,5,King Crush,8.29,97,804.13
10/07/2022,6,Wingman Tro,7.55,27,203.85
10/07/2022,7,Grind Stout,7.86,29,227.94
10/07/2022,8,Juice Shack,8.31,11,91.41
10/07/2022,9,Rocky Road,8.4,93,781.2
10/07/2022,10,Wingman,8.34,8,66.72
10/07/2022,11,Arcade Made,8.82,9,79.38
10/07/2022,12,Punk IPA,7.81,34,265.54
10/07/2022,13,Hazy Jane,8.46,70,592.2
10/07/2022,14,Shore Leave,7.74,48,371.52
10/07/2022,15,Simcoe Solo,7.29,29,211.41
10/07/2022,16,Lucky Break,8.37,81,677.97
11/07/2022,1,Black Heart,8.56,9,77.04
11/07/2022,2,Fools Gold,8.07,34,274.38
11/07/2022,3,Cold Beer B,7.05,77,542.85
11/07/2022,4,Lost Lager,7.23,95,686.85
11/07/2022,5,King Crush,8.29,23,190.67
11/07/2022,6,Wingman Tro,7.55,60,453
11/07/2022,7,Grind Stout,7.86,95,746.7
11/07/2022,8,Juice Shack,8.31,31,257.61
11/07/2022,9,Rocky Road,8.4,62,520.8
11/07/2022,10,Wingman,8.34,38,316.92
11/07/2022,11,Arcade Made,8.82,74,652.68
11/07/2022,12,Punk IPA,7.81,47,367.07
11/07/2022,13,Hazy Jane,8.46,10,84.6
11/07/2022,14,Shore Leave,7.74,45,348.3
11/07/2022,15,Simcoe Solo,7.29,7,51.03
11/07/2022,16,Lucky Break,8.37,43,359.91
12/07/2022,1,Black Heart,8.56,81,693.36
12/07/2022,2,Fools Gold,8.07,69,556.83
12/07/2022,3,Cold Beer B,7.05,28,197.4
12/07/2022,4,Lost Lager,7.23,8,57.84
12/07/2022,5,King Crush,8.29,35,290.15
12/07/2022,6,Wingman Tro,7.55,23,173.65
12/07/2022,7,Grind Stout,7.86,30,235.8
12/07/2022,8,Juice Shack,8.31,47,390.57
12/07/2022,9,Rocky Road,8.4,23,193.2
12/07/2022,10,Wingman,8.34,100,834
12/07/2022,11,Arcade Made,8.82,16,141.12
12/07/2022,12,Punk IPA,7.81,25,195.25
12/07/2022,13,Hazy Jane,8.46,80,676.8
12/07/2022,14,Shore Leave,7.74,36,278.64
12/07/2022,15,Simcoe Solo,7.29,100,729
12/07/2022,16,Lucky Break,8.37,70,585.9
13/07/2022,1,Black Heart,8.56,59,505.04
13/07/2022,2,Fools Gold,8.07,29,234.03
13/07/2022,3,Cold Beer B,7.05,29,204.45
13/07/2022,4,Lost Lager,7.23,51,368.73
13/07/2022,5,King Crush,8.29,8,66.32
13/07/2022,6,Wingman Tro,7.55,43,324.65
13/07/2022,7,Grind Stout,7.86,53,416.58
13/07/2022,8,Juice Shack,8.31,59,490.29
13/07/2022,9,Rocky Road,8.4,82,688.8
13/07/2022,10,Wingman,8.34,8,66.72
13/07/2022,11,Arcade Made,8.82,69,608.58
13/07/2022,12,Punk IPA,7.81,54,421.74
13/07/2022,13,Hazy Jane,8.46,55,465.3
13/07/2022,14,Shore Leave,7.74,11,85.14
13/07/2022,15,Simcoe Solo,7.29,89,648.81
13/07/2022,16,Lucky Break,8.37,63,527.31
14/07/2022,1,Black Heart,8.56,39,333.84
14/07/2022,2,Fools Gold,8.07,11,88.77
14/07/2022,3,Cold Beer B,7.05,27,190.35
14/07/2022,4,Lost Lager,7.23,4,28.92
14/07/2022,5,King Crush,8.29,100,829
14/07/2022,6,Wingman Tro,7.55,70,528.5
14/07/2022,7,Grind Stout,7.86,40,314.4
14/07/2022,8,Juice Shack,8.31,16,132.96
14/07/2022,9,Rocky Road,8.4,38,319.2
14/07/2022,10,Wingman,8.34,64,533.76
14/07/2022,11,Arcade Made,8.82,77,679.14
14/07/2022,12,Punk IPA,7.81,40,312.4
14/07/2022,13,Hazy Jane,8.46,73,617.58
14/07/2022,14,Shore Leave,7.74,29,224.46
14/07/2022,15,Simcoe Solo,7.29,93,677.97
14/07/2022,16,Lucky Break,8.37,46,385.02
15/07/2022,1,Black Heart,8.56,56,479.36
15/07/2022,2,Fools Gold,8.07,1,8.07
15/07/2022,3,Cold Beer B,7.05,61,430.05
15/07/2022,4,Lost Lager,7.23,50,361.5
15/07/2022,5,King Crush,8.29,17,140.93
15/07/2022,6,Wingman Tro,7.55,83,626.65
15/07/2022,7,Grind Stout,7.86,83,652.38
15/07/2022,8,Juice Shack,8.31,19,157.89
15/07/2022,9,Rocky Road,8.4,59,495.6
15/07/2022,10,Wingman,8.34,0,0
15/07/2022,11,Arcade Made,8.82,8,70.56
15/07/2022,12,Punk IPA,7.81,43,335.83
15/07/2022,13,Hazy Jane,8.46,70,592.2
15/07/2022,14,Shore Leave,7.74,25,193.5
15/07/2022,15,Simcoe Solo,7.29,34,247.86
15/07/2022,16,Lucky Break,8.37,16,133.92
16/07/2022,1,Black Heart,8.56,92,787.52
16/07/2022,2,Fools Gold,8.07,96,774.72
16/07/2022,3,Cold Beer B,7.05,36,253.8
16/07/2022,4,Lost Lager,7.23,70,506.1
16/07/2022,5,King Crush,8.29,91,754.39
16/07/2022,6,Wingman Tro,7.55,11,83.05
16/07/2022,7,Grind Stout,7.86,88,691.68
16/07/2022,8,Juice Shack,8.31,40,332.4
16/07/2022,9,Rocky Road,8.4,83,697.2
16/07/2022,10,Wingman,8.34,27,225.18
16/07/2022,11,Arcade Made,8.82,12,105.84
16/07/2022,12,Punk IPA,7.81,8,62.48
16/07/2022,13,Hazy Jane,8.46,37,313.02
16/07/2022,14,Shore Leave,7.74,25,193.5
16/07/2022,15,Simcoe Solo,7.29,18,131.22
16/07/2022,16,Lucky Break,8.37,35,292.95
17/07/2022,1,Black Heart,8.56,1,8.56
17/07/2022,2,Fools Gold,8.07,33,266.31
17/07/2022,3,Cold Beer B,7.05,11,77.55
17/07/2022,4,Lost Lager,7.23,72,520.56
17/07/2022,5,King Crush,8.29,100,829
17/07/2022,6,Wingman Tro,7.55,85,641.75
17/07/2022,7,Grind Stout,7.86,34,267.24
17/07/2022,8,Juice Shack,8.31,81,673.11
17/07/2022,9,Rocky Road,8.4,68,571.2
17/07/2022,10,Wingman,8.34,6,50.04
17/07/2022,11,Arcade Made,8.82,69,608.58
17/07/2022,12,Punk IPA,7.81,54,421.74
17/07/2022,13,Hazy Jane,8.46,32,270.72
17/07/2022,14,Shore Leave,7.74,18,139.32
17/07/2022,15,Simcoe Solo,7.29,20,145.8
17/07/2022,16,Lucky Break,8.37,47,393.39
18/07/2022,1,Black Heart,8.56,100,856
18/07/2022,2,Fools Gold,8.07,31,250.17
18/07/2022,3,Cold Beer B,7.05,49,345.45
18/07/2022,4,Lost Lager,7.23,96,694.08
18/07/2022,5,King Crush,8.29,28,232.12
18/07/2022,6,Wingman Tro,7.55,77,581.35
18/07/2022,7,Grind Stout,7.86,96,754.56
18/07/2022,8,Juice Shack,8.31,85,706.35
18/07/2022,9,Rocky Road,8.4,18,151.2
18/07/2022,10,Wingman,8.34,50,417
18/07/2022,11,Arcade Made,8.82,67,590.94
18/07/2022,12,Punk IPA,7.81,4,31.24
18/07/2022,13,Hazy Jane,8.46,89,752.94
18/07/2022,14,Shore Leave,7.74,8,61.92
18/07/2022,15,Simcoe Solo,7.29,85,619.65
18/07/2022,16,Lucky Break,8.37,69,577.53
19/07/2022,1,Black Heart,8.56,12,102.72
19/07/2022,2,Fools Gold,8.07,8,64.56
19/07/2022,3,Cold Beer B,7.05,30,211.5
19/07/2022,4,Lost Lager,7.23,67,484.41
19/07/2022,5,King Crush,8.29,17,140.93
19/07/2022,6,Wingman Tro,7.55,97,732.35
19/07/2022,7,Grind Stout,7.86,80,628.8
19/07/2022,8,Juice Shack,8.31,91,756.21
19/07/2022,9,Rocky Road,8.4,94,789.6
19/07/2022,10,Wingman,8.34,58,483.72
19/07/2022,11,Arcade Made,8.82,21,185.22
19/07/2022,12,Punk IPA,7.81,34,265.54
19/07/2022,13,Hazy Jane,8.46,81,685.26
19/07/2022,14,Shore Leave,7.74,55,425.7
19/07/2022,15,Simcoe Solo,7.29,18,131.22
19/07/2022,16,Lucky Break,8.37,55,460.35
20/07/2022,1,Black Heart,8.56,28,239.68
20/07/2022,2,Fools Gold,8.07,72,581.04
20/07/2022,3,Cold Beer B,7.05,29,204.45
20/07/2022,4,Lost Lager,7.23,45,325.35
20/07/2022,5,King Crush,8.29,85,704.65
20/07/2022,6,Wingman Tro,7.55,83,626.65
20/07/2022,7,Grind Stout,7.86,29,227.94
20/07/2022,8,Juice Shack,8.31,8,66.48
20/07/2022,9,Rocky Road,8.4,52,436.8
20/07/2022,10,Wingman,8.34,21,175.14
20/07/2022,11,Arcade Made,8.82,98,864.36
20/07/2022,12,Punk IPA,7.81,49,382.69
20/07/2022,13,Hazy Jane,8.46,65,549.9
20/07/2022,14,Shore Leave,7.74,22,170.28
20/07/2022,15,Simcoe Solo,7.29,85,619.65
20/07/2022,16,Lucky Break,8.37,82,686.34
21/07/2022,1,Black Heart,8.56,100,856
21/07/2022,2,Fools Gold,8.07,54,435.78
21/07/2022,3,Cold Beer B,7.05,70,493.5
21/07/2022,4,Lost Lager,7.23,93,672.39
21/07/2022,5,King Crush,8.29,86,712.94
21/07/2022,6,Wingman Tro,7.55,11,83.05
21/07/2022,7,Grind Stout,7.86,47,369.42
21/07/2022,8,Juice Shack,8.31,88,731.28
21/07/2022,9,Rocky Road,8.4,14,117.6
21/07/2022,10,Wingman,8.34,93,775.62
21/07/2022,11,Arcade Made,8.82,29,255.78
21/07/2022,12,Punk IPA,7.81,17,132.77
21/07/2022,13,Hazy Jane,8.46,11,93.06
21/07/2022,14,Shore Leave,7.74,94,727.56
21/07/2022,15,Simcoe Solo,7.29,62,451.98
21/07/2022,16,Lucky Break,8.37,65,544.05
22/07/2022,1,Black Heart,8.56,51,436.56
22/07/2022,2,Fools Gold,8.07,70,564.9
22/07/2022,3,Cold Beer B,7.05,70,493.5
22/07/2022,4,Lost Lager,7.23,55,397.65
22/07/2022,5,King Crush,8.29,82,679.78
22/07/2022,6,Wingman Tro,7.55,67,505.85
22/07/2022,7,Grind Stout,7.86,30,235.8
22/07/2022,8,Juice Shack,8.31,95,789.45
22/07/2022,9,Rocky Road,8.4,42,352.8
22/07/2022,10,Wingman,8.34,74,617.16
22/07/2022,11,Arcade Made,8.82,15,132.3
22/07/2022,12,Punk IPA,7.81,24,187.44
22/07/2022,13,Hazy Jane,8.46,19,160.74
22/07/2022,14,Shore Leave,7.74,40,309.6
22/07/2022,15,Simcoe Solo,7.29,42,306.18
22/07/2022,16,Lucky Break,8.37,71,594.27
23/07/2022,1,Black Heart,8.56,32,273.92
23/07/2022,2,Fools Gold,8.07,66,532.62
23/07/2022,3,Cold Beer B,7.05,86,606.3
23/07/2022,4,Lost Lager,7.23,90,650.7
23/07/2022,5,King Crush,8.29,12,99.48
23/07/2022,6,Wingman Tro,7.55,93,702.15
23/07/2022,7,Grind Stout,7.86,42,330.12
23/07/2022,8,Juice Shack,8.31,2,16.62
23/07/2022,9,Rocky Road,8.4,26,218.4
23/07/2022,10,Wingman,8.34,71,592.14
23/07/2022,11,Arcade Made,8.82,89,784.98
23/07/2022,12,Punk IPA,7.81,3,23.43
23/07/2022,13,Hazy Jane,8.46,79,668.34
23/07/2022,14,Shore Leave,7.74,21,162.54
23/07/2022,15,Simcoe Solo,7.29,12,87.48
23/07/2022,16,Lucky Break,8.37,18,150.66
24/07/2022,1,Black Heart,8.56,27,231.12
24/07/2022,2,Fools Gold,8.07,86,694.02
24/07/2022,3,Cold Beer B,7.05,46,324.3
24/07/2022,4,Lost Lager,7.23,87,629.01
24/07/2022,5,King Crush,8.29,10,82.9
24/07/2022,6,Wingman Tro,7.55,100,755
24/07/2022,7,Grind Stout,7.86,46,361.56
24/07/2022,8,Juice Shack,8.31,61,506.91
24/07/2022,9,Rocky Road,8.4,25,210
24/07/2022,10,Wingman,8.34,81,675.54
24/07/2022,11,Arcade Made,8.82,95,837.9
24/07/2022,12,Punk IPA,7.81,18,140.58
24/07/2022,13,Hazy Jane,8.46,53,448.38
24/07/2022,14,Shore Leave,7.74,3,23.22
24/07/2022,15,Simcoe Solo,7.29,29,211.41
24/07/2022,16,Lucky Break,8.37,11,92.07
25/07/2022,1,Black Heart,8.56,11,94.16
25/07/2022,2,Fools Gold,8.07,14,112.98
25/07/2022,3,Cold Beer B,7.05,89,627.45
25/07/2022,4,Lost Lager,7.23,36,260.28
25/07/2022,5,King Crush,8.29,4,33.16
25/07/2022,6,Wingman Tro,7.55,76,573.8
25/07/2022,7,Grind Stout,7.86,100,786
25/07/2022,8,Juice Shack,8.31,48,398.88
25/07/2022,9,Rocky Road,8.4,3,25.2
25/07/2022,10,Wingman,8.34,38,316.92
25/07/2022,11,Arcade Made,8.82,32,282.24
25/07/2022,12,Punk IPA,7.81,34,265.54
25/07/2022,13,Hazy Jane,8.46,31,262.26
25/07/2022,14,Shore Leave,7.74,66,510.84
25/07/2022,15,Simcoe Solo,7.29,95,692.55
25/07/2022,16,Lucky Break,8.37,98,820.26
26/07/2022,1,Black Heart,8.56,53,453.68
26/07/2022,2,Fools Gold,8.07,46,371.22
26/07/2022,3,Cold Beer B,7.05,54,380.7
26/07/2022,4,Lost Lager,7.23,38,274.74
26/07/2022,5,King Crush,8.29,76,630.04
26/07/2022,6,Wingman Tro,7.55,17,128.35
26/07/2022,7,Grind Stout,7.86,71,558.06
26/07/2022,8,Juice Shack,8.31,1,8.31
26/07/2022,9,Rocky Road,8.4,82,688.8
26/07/2022,10,Wingman,8.34,67,558.78
26/07/2022,11,Arcade Made,8.82,5,44.1
26/07/2022,12,Punk IPA,7.81,77,601.37
26/07/2022,13,Hazy Jane,8.46,11,93.06
26/07/2022,14,Shore Leave,7.74,67,518.58
26/07/2022,15,Simcoe Solo,7.29,90,656.1
26/07/2022,16,Lucky Break,8.37,15,125.55
27/07/2022,1,Black Heart,8.56,14,119.84
27/07/2022,2,Fools Gold,8.07,30,242.1
27/07/2022,3,Cold Beer B,7.05,74,521.7
27/07/2022,4,Lost Lager,7.23,13,93.99
27/07/2022,5,King Crush,8.29,48,397.92
27/07/2022,6,Wingman Tro,7.55,90,679.5
27/07/2022,7,Grind Stout,7.86,30,235.8
27/07/2022,8,Juice Shack,8.31,69,573.39
27/07/2022,9,Rocky Road,8.4,49,411.6
27/07/2022,10,Wingman,8.34,59,492.06
27/07/2022,11,Arcade Made,8.82,31,273.42
27/07/2022,12,Punk IPA,7.81,57,445.17
27/07/2022,13,Hazy Jane,8.46,0,0
27/07/2022,14,Shore Leave,7.74,11,85.14
27/07/2022,15,Simcoe Solo,7.29,3,21.87
27/07/2022,16,Lucky Break,8.37,46,385.02
28/07/2022,1,Black Heart,8.56,15,128.4
28/07/2022,2,Fools Gold,8.07,48,387.36
28/07/2022,3,Cold Beer B,7.05,40,282
28/07/2022,4,Lost Lager,7.23,93,672.39
28/07/2022,5,King Crush,8.29,33,273.57
28/07/2022,6,Wingman Tro,7.55,31,234.05
28/07/2022,7,Grind Stout,7.86,64,503.04
28/07/2022,8,Juice Shack,8.31,1,8.31
28/07/2022,9,Rocky Road,8.4,18,151.2
28/07/2022,10,Wingman,8.34,14,116.76
28/07/2022,11,Arcade Made,8.82,71,626.22
28/07/2022,12,Punk IPA,7.81,84,656.04
28/07/2022,13,Hazy Jane,8.46,57,482.22
28/07/2022,14,Shore Leave,7.74,76,588.24
28/07/2022,15,Simcoe Solo,7.29,12,87.48
28/07/2022,16,Lucky Break,8.37,30,251.1
29/07/2022,1,Black Heart,8.56,9,77.04
29/07/2022,2,Fools Gold,8.07,22,177.54
29/07/2022,3,Cold Beer B,7.05,31,218.55
29/07/2022,4,Lost Lager,7.23,18,130.14
29/07/2022,5,King Crush,8.29,43,356.47
29/07/2022,6,Wingman Tro,7.55,85,641.75
29/07/2022,7,Grind Stout,7.86,16,125.76
29/07/2022,8,Juice Shack,8.31,92,764.52
29/07/2022,9,Rocky Road,8.4,50,420
29/07/2022,10,Wingman,8.34,13,108.42
29/07/2022,11,Arcade Made,8.82,87,767.34
29/07/2022,12,Punk IPA,7.81,45,351.45
29/07/2022,13,Hazy Jane,8.46,92,778.32
29/07/2022,14,Shore Leave,7.74,71,549.54
29/07/2022,15,Simcoe Solo,7.29,40,291.6
29/07/2022,16,Lucky Break,8.37,11,92.07
30/07/2022,1,Black Heart,8.56,9,77.04
30/07/2022,2,Fools Gold,8.07,54,435.78
30/07/2022,3,Cold Beer B,7.05,16,112.8
30/07/2022,4,Lost Lager,7.23,19,137.37
30/07/2022,5,King Crush,8.29,85,704.65
30/07/2022,6,Wingman Tro,7.55,94,709.7
30/07/2022,7,Grind Stout,7.86,11,86.46
30/07/2022,8,Juice Shack,8.31,16,132.96
30/07/2022,9,Rocky Road,8.4,60,504
30/07/2022,10,Wingman,8.34,9,75.06
30/07/2022,11,Arcade Made,8.82,95,837.9
30/07/2022,12,Punk IPA,7.81,55,429.55
30/07/2022,13,Hazy Jane,8.46,64,541.44
30/07/2022,14,Shore Leave,7.74,12,92.88
30/07/2022,15,Simcoe Solo,7.29,13,94.77
30/07/2022,16,Lucky Break,8.37,60,502.2
31/07/2022,1,Black Heart,8.56,2,17.12
31/07/2022,2,Fools Gold,8.07,74,597.18
31/07/2022,3,Cold Beer B,7.05,85,599.25
31/07/2022,4,Lost Lager,7.23,2,14.46
31/07/2022,5,King Crush,8.29,8,66.32
31/07/2022,6,Wingman Tro,7.55,10,75.5
31/07/2022,7,Grind Stout,7.86,82,644.52
31/07/2022,8,Juice Shack,8.31,0,0
31/07/2022,9,Rocky Road,8.4,48,403.2
31/07/2022,10,Wingman,8.34,28,233.52
31/07/2022,11,Arcade Made,8.82,23,202.86
31/07/2022,12,Punk IPA,7.81,84,656.04
31/07/2022,13,Hazy Jane,8.46,14,118.44
31/07/2022,14,Shore Leave,7.74,4,30.96
31/07/2022,15,Simcoe Solo,7.29,34,247.86
31/07/2022,16,Lucky Break,8.37,72,602.64
01/08/2022,1,Black Heart,8.56,9,77.04
01/08/2022,2,Fools Gold,8.07,71,572.97
01/08/2022,3,Cold Beer B,7.05,73,514.65
01/08/2022,4,Lost Lager,7.23,25,180.75
01/08/2022,5,King Crush,8.29,90,746.1
01/08/2022,6,Wingman Tro,7.55,87,656.85
01/08/2022,7,Grind Stout,7.86,29,227.94
01/08/2022,8,Juice Shack,8.31,93,772.83
01/08/2022,9,Rocky Road,8.4,86,722.4
01/08/2022,10,Wingman,8.34,72,600.48
01/08/2022,11,Arcade Made,8.82,89,784.98
01/08/2022,12,Punk IPA,7.81,28,218.68
01/08/2022,13,Hazy Jane,8.46,53,448.38
01/08/2022,14,Shore Leave,7.74,67,518.58
01/08/2022,15,Simcoe Solo,7.29,67,488.43
01/08/2022,16,Lucky Break,8.37,15,125.55
02/08/2022,1,Black Heart,8.56,62,530.72
02/08/2022,2,Fools Gold,8.07,30,242.1
02/08/2022,3,Cold Beer B,7.05,14,98.7
02/08/2022,4,Lost Lager,7.23,89,643.47
02/08/2022,5,King Crush,8.29,59,489.11
02/08/2022,6,Wingman Tro,7.55,27,203.85
02/08/2022,7,Grind Stout,7.86,23,180.78
02/08/2022,8,Juice Shack,8.31,11,91.41
02/08/2022,9,Rocky Road,8.4,13,109.2
02/08/2022,10,Wingman,8.34,53,442.02
02/08/2022,11,Arcade Made,8.82,36,317.52
02/08/2022,12,Punk IPA,7.81,12,93.72
02/08/2022,13,Hazy Jane,8.46,7,59.22
02/08/2022,14,Shore Leave,7.74,55,425.7
02/08/2022,15,Simcoe Solo,7.29,40,291.6
02/08/2022,16,Lucky Break,8.37,88,736.56
03/08/2022,1,Black Heart,8.56,23,196.88
03/08/2022,2,Fools Gold,8.07,37,298.59
03/08/2022,3,Cold Beer B,7.05,52,366.6
03/08/2022,4,Lost Lager,7.23,84,607.32
03/08/2022,5,King Crush,8.29,98,812.42
03/08/2022,6,Wingman Tro,7.55,88,664.4
03/08/2022,7,Grind Stout,7.86,81,636.66
03/08/2022,8,Juice Shack,8.31,59,490.29
03/08/2022,9,Rocky Road,8.4,36,302.4
03/08/2022,10,Wingman,8.34,55,458.7
03/08/2022,11,Arcade Made,8.82,26,229.32
03/08/2022,12,Punk IPA,7.81,42,328.02
03/08/2022,13,Hazy Jane,8.46,99,837.54
03/08/2022,14,Shore Leave,7.74,97,750.78
03/08/2022,15,Simcoe Solo,7.29,11,80.19
03/08/2022,16,Lucky Break,8.37,27,225.99
04/08/2022,1,Black Heart,8.56,45,385.2
04/08/2022,2,Fools Gold,8.07,34,274.38
04/08/2022,3,Cold Beer B,7.05,14,98.7
04/08/2022,4,Lost Lager,7.23,87,629.01
04/08/2022,5,King Crush,8.29,45,373.05
04/08/2022,6,Wingman Tro,7.55,42,317.1
04/08/2022,7,Grind Stout,7.86,39,306.54
04/08/2022,8,Juice Shack,8.31,82,681.42
04/08/2022,9,Rocky Road,8.4,100,840
04/08/2022,10,Wingman,8.34,1,8.34
04/08/2022,11,Arcade Made,8.82,96,846.72
04/08/2022,12,Punk IPA,7.81,84,656.04
04/08/2022,13,Hazy Jane,8.46,73,617.58
04/08/2022,14,Shore Leave,7.74,99,766.26
04/08/2022,15,Simcoe Solo,7.29,80,583.2
04/08/2022,16,Lucky Break,8.37,1,8.37
05/08/2022,1,Black Heart,8.56,56,479.36
05/08/2022,2,Fools Gold,8.07,26,209.82
05/08/2022,3,Cold Beer B,7.05,41,289.05
05/08/2022,4,Lost Lager,7.23,80,578.4
05/08/2022,5,King Crush,8.29,15,124.35
05/08/2022,6,Wingman Tro,7.55,33,249.15
05/08/2022,7,Grind Stout,7.86,27,212.22
05/08/2022,8,Juice Shack,8.31,78,648.18
05/08/2022,9,Rocky Road,8.4,99,831.6
05/08/2022,10,Wingman,8.34,48,400.32
05/08/2022,11,Arcade Made,8.82,89,784.98
05/08/2022,12,Punk IPA,7.81,28,218.68
05/08/2022,13,Hazy Jane,8.46,28,236.88
05/08/2022,14,Shore Leave,7.74,69,534.06
05/08/2022,15,Simcoe Solo,7.29,39,284.31
05/08/2022,16,Lucky Break,8.37,20,167.4
06/08/2022,1,Black Heart,8.56,21,179.76
06/08/2022,2,Fools Gold,8.07,18,145.26
06/08/2022,3,Cold Beer B,7.05,24,169.2
06/08/2022,4,Lost Lager,7.23,52,375.96
06/08/2022,5,King Crush,8.29,59,489.11
06/08/2022,6,Wingman Tro,7.55,49,369.95
06/08/2022,7,Grind Stout,7.86,98,770.28
06/08/2022,8,Juice Shack,8.31,86,714.66
06/08/2022,9,Rocky Road,8.4,46,386.4
06/08/2022,10,Wingman,8.34,41,341.94
06/08/2022,11,Arcade Made,8.82,57,502.74
06/08/2022,12,Punk IPA,7.81,34,265.54
06/08/2022,13,Hazy Jane,8.46,54,456.84
06/08/2022,14,Shore Leave,7.74,15,116.1
06/08/2022,15,Simcoe Solo,7.29,100,729
06/08/2022,16,Lucky Break,8.37,98,820.26
07/08/2022,1,Black Heart,8.56,11,94.16
07/08/2022,2,Fools Gold,8.07,32,258.24
07/08/2022,3,Cold Beer B,7.05,90,634.5
07/08/2022,4,Lost Lager,7.23,83,600.09
07/08/2022,5,King Crush,8.29,100,829
07/08/2022,6,Wingman Tro,7.55,18,135.9
07/08/2022,7,Grind Stout,7.86,63,495.18
07/08/2022,8,Juice Shack,8.31,19,157.89
07/08/2022,9,Rocky Road,8.4,78,655.2
07/08/2022,10,Wingman,8.34,41,341.94
07/08/2022,11,Arcade Made,8.82,44,388.08
07/08/2022,12,Punk IPA,7.81,99,773.19
07/08/2022,13,Hazy Jane,8.46,41,346.86
07/08/2022,14,Shore Leave,7.74,4,30.96
07/08/2022,15,Simcoe Solo,7.29,61,444.69
07/08/2022,16,Lucky Break,8.37,80,669.6
08/08/2022,1,Black Heart,8.56,12,102.72
08/08/2022,2,Fools Gold,8.07,45,363.15
08/08/2022,3,Cold Beer B,7.05,46,324.3
08/08/2022,4,Lost Lager,7.23,69,498.87
08/08/2022,5,King Crush,8.29,43,356.47
08/08/2022,6,Wingman Tro,7.55,2,15.1
08/08/2022,7,Grind Stout,7.86,40,314.4
08/08/2022,8,Juice Shack,8.31,68,565.08
08/08/2022,9,Rocky Road,8.4,77,646.8
08/08/2022,10,Wingman,8.34,63,525.42
08/08/2022,11,Arcade Made,8.82,20,176.4
08/08/2022,12,Punk IPA,7.81,93,726.33
08/08/2022,13,Hazy Jane,8.46,48,406.08
08/08/2022,14,Shore Leave,7.74,39,301.86
08/08/2022,15,Simcoe Solo,7.29,1,7.29
08/08/2022,16,Lucky Break,8.37,51,426.87
09/08/2022,1,Black Heart,8.56,69,590.64
09/08/2022,2,Fools Gold,8.07,78,629.46
09/08/2022,3,Cold Beer B,7.05,70,493.5
09/08/2022,4,Lost Lager,7.23,72,520.56
09/08/2022,5,King Crush,8.29,85,704.65
09/08/2022,6,Wingman Tro,7.55,5,37.75
09/08/2022,7,Grind Stout,7.86,11,86.46
09/08/2022,8,Juice Shack,8.31,3,24.93
09/08/2022,9,Rocky Road,8.4,84,705.6
09/08/2022,10,Wingman,8.34,52,433.68
09/08/2022,11,Arcade Made,8.82,65,573.3
09/08/2022,12,Punk IPA,7.81,20,156.2
09/08/2022,13,Hazy Jane,8.46,41,346.86
09/08/2022,14,Shore Leave,7.74,94,727.56
09/08/2022,15,Simcoe Solo,7.29,97,707.13
09/08/2022,16,Lucky Break,8.37,99,828.63
10/08/2022,1,Black Heart,8.56,20,171.2
10/08/2022,2,Fools Gold,8.07,51,411.57
10/08/2022,3,Cold Beer B,7.05,42,296.1
10/08/2022,4,Lost Lager,7.23,100,723
10/08/2022,5,King Crush,8.29,65,538.85
10/08/2022,6,Wingman Tro,7.55,41,309.55
10/08/2022,7,Grind Stout,7.86,13,102.18
10/08/2022,8,Juice Shack,8.31,42,349.02
10/08/2022,9,Rocky Road,8.4,32,268.8
10/08/2022,10,Wingman,8.34,79,658.86
10/08/2022,11,Arcade Made,8.82,15,132.3
10/08/2022,12,Punk IPA,7.81,14,109.34
10/08/2022,13,Hazy Jane,8.46,60,507.6
10/08/2022,14,Shore Leave,7.74,65,503.1
10/08/2022,15,Simcoe Solo,7.29,45,328.05
10/08/2022,16,Lucky Break,8.37,61,510.57
11/08/2022,1,Black Heart,8.56,100,856
11/08/2022,2,Fools Gold,8.07,91,734.37
11/08/2022,3,Cold Beer B,7.05,11,77.55
11/08/2022,4,Lost Lager,7.23,41,296.43
11/08/2022,5,King Crush,8.29,79,654.91
11/08/2022,6,Wingman Tro,7.55,13,98.15
11/08/2022,7,Grind Stout,7.86,20,157.2
11/08/2022,8,Juice Shack,8.31,52,432.12
11/08/2022,9,Rocky Road,8.4,6,50.4
11/08/2022,10,Wingman,8.34,26,216.84
11/08/2022,11,Arcade Made,8.82,55,485.1
11/08/2022,12,Punk IPA,7.81,60,468.6
11/08/2022,13,Hazy Jane,8.46,57,482.22
11/08/2022,14,Shore Leave,7.74,74,572.76
11/08/2022,15,Simcoe Solo,7.29,31,225.99
11/08/2022,16,Lucky Break,8.37,43,359.91
12/08/2022,1,Black Heart,8.56,89,761.84
12/08/2022,2,Fools Gold,8.07,52,419.64
12/08/2022,3,Cold Beer B,7.05,86,606.3
12/08/2022,4,Lost Lager,7.23,32,231.36
12/08/2022,5,King Crush,8.29,66,547.14
12/08/2022,6,Wingman Tro,7.55,99,747.45
12/08/2022,7,Grind Stout,7.86,37,290.82
12/08/2022,8,Juice Shack,8.31,6,49.86
12/08/2022,9,Rocky Road,8.4,22,184.8
12/08/2022,10,Wingman,8.34,34,283.56
12/08/2022,11,Arcade Made,8.82,17,149.94
12/08/2022,12,Punk IPA,7.81,3,23.43
12/08/2022,13,Hazy Jane,8.46,41,346.86
12/08/2022,14,Shore Leave,7.74,36,278.64
12/08/2022,15,Simcoe Solo,7.29,19,138.51
12/08/2022,16,Lucky Break,8.37,38,318.06
13/08/2022,1,Black Heart,8.56,44,376.64
13/08/2022,2,Fools Gold,8.07,40,322.8
13/08/2022,3,Cold Beer B,7.05,88,620.4
13/08/2022,4,Lost Lager,7.23,53,383.19
13/08/2022,5,King Crush,8.29,44,364.76
13/08/2022,6,Wingman Tro,7.55,25,188.75
13/08/2022,7,Grind Stout,7.86,75,589.5
13/08/2022,8,Juice Shack,8.31,71,590.01
13/08/2022,9,Rocky Road,8.4,61,512.4
13/08/2022,10,Wingman,8.34,83,692.22
13/08/2022,11,Arcade Made,8.82,58,511.56
13/08/2022,12,Punk IPA,7.81,68,531.08
13/08/2022,13,Hazy Jane,8.46,63,532.98
13/08/2022,14,Shore Leave,7.74,77,595.98
13/08/2022,15,Simcoe Solo,7.29,73,532.17
13/08/2022,16,Lucky Break,8.37,21,175.77
14/08/2022,1,Black Heart,8.56,34,291.04
14/08/2022,2,Fools Gold,8.07,93,750.51
14/08/2022,3,Cold Beer B,7.05,50,352.5
14/08/2022,4,Lost Lager,7.23,84,607.32
14/08/2022,5,King Crush,8.29,59,489.11
14/08/2022,6,Wingman Tro,7.55,70,528.5
14/08/2022,7,Grind Stout,7.86,61,479.46
14/08/2022,8,Juice Shack,8.31,97,806.07
14/08/2022,9,Rocky Road,8.4,45,378
14/08/2022,10,Wingman,8.34,92,767.28
14/08/2022,11,Arcade Made,8.82,8,70.56
14/08/2022,12,Punk IPA,7.81,71,554.51
14/08/2022,13,Hazy Jane,8.46,35,296.1
14/08/2022,14,Shore Leave,7.74,89,688.86
14/08/2022,15,Simcoe Solo,7.29,16,116.64
14/08/2022,16,Lucky Break,8.37,67,560.79
15/08/2022,1,Black Heart,8.56,77,659.12
15/08/2022,2,Fools Gold,8.07,93,750.51
15/08/2022,3,Cold Beer B,7.05,98,690.9
15/08/2022,4,Lost Lager,7.23,83,600.09
15/08/2022,5,King Crush,8.29,60,497.4
15/08/2022,6,Wingman Tro,7.55,69,520.95
15/08/2022,7,Grind Stout,7.86,30,235.8
15/08/2022,8,Juice Shack,8.31,66,548.46
15/08/2022,9,Rocky Road,8.4,93,781.2
15/08/2022,10,Wingman,8.34,0,0
15/08/2022,11,Arcade Made,8.82,0,0
15/08/2022,12,Punk IPA,7.81,39,304.59
15/08/2022,13,Hazy Jane,8.46,28,236.88
15/08/2022,14,Shore Leave,7.74,24,185.76
15/08/2022,15,Simcoe Solo,7.29,22,160.38
15/08/2022,16,Lucky Break,8.37,80,669.6
16/08/2022,1,Black Heart,8.56,36,308.16
16/08/2022,2,Fools Gold,8.07,21,169.47
16/08/2022,3,Cold Beer B,7.05,64,451.2
16/08/2022,4,Lost Lager,7.23,44,318.12
16/08/2022,5,King Crush,8.29,39,323.31
16/08/2022,6,Wingman Tro,7.55,17,128.35
16/08/2022,7,Grind Stout,7.86,63,495.18
16/08/2022,8,Juice Shack,8.31,7,58.17
16/08/2022,9,Rocky Road,8.4,94,789.6
16/08/2022,10,Wingman,8.34,43,358.62
16/08/2022,11,Arcade Made,8.82,32,282.24
16/08/2022,12,Punk IPA,7.81,67,523.27
16/08/2022,13,Hazy Jane,8.46,38,321.48
16/08/2022,14,Shore Leave,7.74,75,580.5
16/08/2022,15,Simcoe Solo,7.29,90,656.1
16/08/2022,16,Lucky Break,8.37,51,426.87
17/08/2022,1,Black Heart,8.56,78,667.68
17/08/2022,2,Fools Gold,8.07,8,64.56
17/08/2022,3,Cold Beer B,7.05,31,218.55
17/08/2022,4,Lost Lager,7.23,69,498.87
17/08/2022,5,King Crush,8.29,7,58.03
17/08/2022,6,Wingman Tro,7.55,36,271.8
17/08/2022,7,Grind Stout,7.86,57,448.02
17/08/2022,8,Juice Shack,8.31,92,764.52
17/08/2022,9,Rocky Road,8.4,92,772.8
17/08/2022,10,Wingman,8.34,82,683.88
17/08/2022,11,Arcade Made,8.82,49,432.18
17/08/2022,12,Punk IPA,7.81,32,249.92
17/08/2022,13,Hazy Jane,8.46,54,456.84
17/08/2022,14,Shore Leave,7.74,70,541.8
17/08/2022,15,Simcoe Solo,7.29,59,430.11
17/08/2022,16,Lucky Break,8.37,33,276.21
18/08/2022,1,Black Heart,8.56,35,299.6
18/08/2022,2,Fools Gold,8.07,98,790.86
18/08/2022,3,Cold Beer B,7.05,16,112.8
18/08/2022,4,Lost Lager,7.23,76,549.48
18/08/2022,5,King Crush,8.29,88,729.52
18/08/2022,6,Wingman Tro,7.55,63,475.65
18/08/2022,7,Grind Stout,7.86,60,471.6
18/08/2022,8,Juice Shack,8.31,92,764.52
18/08/2022,9,Rocky Road,8.4,32,268.8
18/08/2022,10,Wingman,8.34,23,191.82
18/08/2022,11,Arcade Made,8.82,66,582.12
18/08/2022,12,Punk IPA,7.81,30,234.3
18/08/2022,13,Hazy Jane,8.46,13,109.98
18/08/2022,14,Shore Leave,7.74,68,526.32
18/08/2022,15,Simcoe Solo,7.29,82,597.78
18/08/2022,16,Lucky Break,8.37,56,468.72
19/08/2022,1,Black Heart,8.56,90,770.4
19/08/2022,2,Fools Gold,8.07,68,548.76
19/08/2022,3,Cold Beer B,7.05,74,521.7
19/08/2022,4,Lost Lager,7.23,32,231.36
19/08/2022,5,King Crush,8.29,38,315.02
19/08/2022,6,Wingman Tro,7.55,25,188.75
19/08/2022,7,Grind Stout,7.86,3,23.58
19/08/2022,8,Juice Shack,8.31,17,141.27
19/08/2022,9,Rocky Road,8.4,62,520.8
19/08/2022,10,Wingman,8.34,8,66.72
19/08/2022,11,Arcade Made,8.82,61,538.02
19/08/2022,12,Punk IPA,7.81,67,523.27
19/08/2022,13,Hazy Jane,8.46,62,524.52
19/08/2022,14,Shore Leave,7.74,86,665.64
19/08/2022,15,Simcoe Solo,7.29,72,524.88
19/08/2022,16,Lucky Break,8.37,54,451.98
20/08/2022,1,Black Heart,8.56,90,770.4
20/08/2022,2,Fools Gold,8.07,0,0
20/08/2022,3,Cold Beer B,7.05,61,430.05
20/08/2022,4,Lost Lager,7.23,57,412.11
20/08/2022,5,King Crush,8.29,53,439.37
20/08/2022,6,Wingman Tro,7.55,79,596.45
20/08/2022,7,Grind Stout,7.86,93,730.98
20/08/2022,8,Juice Shack,8.31,92,764.52
20/08/2022,9,Rocky Road,8.4,8,67.2
20/08/2022,10,Wingman,8.34,99,825.66
20/08/2022,11,Arcade Made,8.82,53,467.46
20/08/2022,12,Punk IPA,7.81,19,148.39
20/08/2022,13,Hazy Jane,8.46,41,346.86
20/08/2022,14,Shore Leave,7.74,80,619.2
20/08/2022,15,Simcoe Solo,7.29,85,619.65
20/08/2022,16,Lucky Break,8.37,31,259.47
21/08/2022,1,Black Heart,8.56,35,299.6
21/08/2022,2,Fools Gold,8.07,83,669.81
21/08/2022,3,Cold Beer B,7.05,15,105.75
21/08/2022,4,Lost Lager,7.23,9,65.07
21/08/2022,5,King Crush,8.29,29,240.41
21/08/2022,6,Wingman Tro,7.55,66,498.3
21/08/2022,7,Grind Stout,7.86,15,117.9
21/08/2022,8,Juice Shack,8.31,64,531.84
21/08/2022,9,Rocky Road,8.4,3,25.2
21/08/2022,10,Wingman,8.34,13,108.42
21/08/2022,11,Arcade Made,8.82,92,811.44
21/08/2022,12,Punk IPA,7.81,99,773.19
21/08/2022,13,Hazy Jane,8.46,96,812.16
21/08/2022,14,Shore Leave,7.74,43,332.82
21/08/2022,15,Simcoe Solo,7.29,14,102.06
21/08/2022,16,Lucky Break,8.37,72,602.64
22/08/2022,1,Black Heart,8.56,49,419.44
22/08/2022,2,Fools Gold,8.07,36,290.52
22/08/2022,3,Cold Beer B,7.05,100,705
22/08/2022,4,Lost Lager,7.23,50,361.5
22/08/2022,5,King Crush,8.29,88,729.52
22/08/2022,6,Wingman Tro,7.55,27,203.85
22/08/2022,7,Grind Stout,7.86,6,47.16
22/08/2022,8,Juice Shack,8.31,23,191.13
22/08/2022,9,Rocky Road,8.4,88,739.2
22/08/2022,10,Wingman,8.34,8,66.72
22/08/2022,11,Arcade Made,8.82,94,829.08
22/08/2022,12,Punk IPA,7.81,18,140.58
22/08/2022,13,Hazy Jane,8.46,56,473.76
22/08/2022,14,Shore Leave,7.74,32,247.68
22/08/2022,15,Simcoe Solo,7.29,52,379.08
22/08/2022,16,Lucky Break,8.37,41,343.17
23/08/2022,1,Black Heart,8.56,43,368.08
23/08/2022,2,Fools Gold,8.07,66,532.62
23/08/2022,3,Cold Beer B,7.05,82,578.1
23/08/2022,4,Lost Lager,7.23,4,28.92
23/08/2022,5,King Crush,8.29,60,497.4
23/08/2022,6,Wingman Tro,7.55,82,619.1
23/08/2022,7,Grind Stout,7.86,1,7.86
23/08/2022,8,Juice Shack,8.31,38,315.78
23/08/2022,9,Rocky Road,8.4,42,352.8
23/08/2022,10,Wingman,8.34,67,558.78
23/08/2022,11,Arcade Made,8.82,72,635.04
23/08/2022,12,Punk IPA,7.81,95,741.95
23/08/2022,13,Hazy Jane,8.46,88,744.48
23/08/2022,14,Shore Leave,7.74,76,588.24
23/08/2022,15,Simcoe Solo,7.29,94,685.26
23/08/2022,16,Lucky Break,8.37,61,510.57
24/08/2022,1,Black Heart,8.56,65,556.4
24/08/2022,2,Fools Gold,8.07,33,266.31
24/08/2022,3,Cold Beer B,7.05,19,133.95
24/08/2022,4,Lost Lager,7.23,70,506.1
24/08/2022,5,King Crush,8.29,86,712.94
24/08/2022,6,Wingman Tro,7.55,9,67.95
24/08/2022,7,Grind Stout,7.86,71,558.06
24/08/2022,8,Juice Shack,8.31,71,590.01
24/08/2022,9,Rocky Road,8.4,4,33.6
24/08/2022,10,Wingman,8.34,80,667.2
24/08/2022,11,Arcade Made,8.82,1,8.82
24/08/2022,12,Punk IPA,7.81,4,31.24
24/08/2022,13,Hazy Jane,8.46,77,651.42
24/08/2022,14,Shore Leave,7.74,53,410.22
24/08/2022,15,Simcoe Solo,7.29,17,123.93
24/08/2022,16,Lucky Break,8.37,97,811.89
25/08/2022,1,Black Heart,8.56,80,684.8
25/08/2022,2,Fools Gold,8.07,93,750.51
25/08/2022,3,Cold Beer B,7.05,3,21.15
25/08/2022,4,Lost Lager,7.23,48,347.04
25/08/2022,5,King Crush,8.29,58,480.82
25/08/2022,6,Wingman Tro,7.55,62,468.1
25/08/2022,7,Grind Stout,7.86,12,94.32
25/08/2022,8,Juice Shack,8.31,14,116.34
25/08/2022,9,Rocky Road,8.4,49,411.6
25/08/2022,10,Wingman,8.34,30,250.2
25/08/2022,11,Arcade Made,8.82,37,326.34
25/08/2022,12,Punk IPA,7.81,72,562.32
25/08/2022,13,Hazy Jane,8.46,33,279.18
25/08/2022,14,Shore Leave,7.74,35,270.9
25/08/2022,15,Simcoe Solo,7.29,46,335.34
25/08/2022,16,Lucky Break,8.37,38,318.06
26/08/2022,1,Black Heart,8.56,92,787.52
26/08/2022,2,Fools Gold,8.07,18,145.26
26/08/2022,3,Cold Beer B,7.05,99,697.95
26/08/2022,4,Lost Lager,7.23,10,72.3
26/08/2022,5,King Crush,8.29,39,323.31
26/08/2022,6,Wingman Tro,7.55,25,188.75
26/08/2022,7,Grind Stout,7.86,50,393
26/08/2022,8,Juice Shack,8.31,50,415.5
26/08/2022,9,Rocky Road,8.4,1,8.4
26/08/2022,10,Wingman,8.34,100,834
26/08/2022,11,Arcade Made,8.82,95,837.9
26/08/2022,12,Punk IPA,7.81,34,265.54
26/08/2022,13,Hazy Jane,8.46,56,473.76
26/08/2022,14,Shore Leave,7.74,10,77.4
26/08/2022,15,Simcoe Solo,7.29,58,422.82
26/08/2022,16,Lucky Break,8.37,83,694.71
27/08/2022,1,Black Heart,8.56,88,753.28
27/08/2022,2,Fools Gold,8.07,15,121.05
27/08/2022,3,Cold Beer B,7.05,96,676.8
27/08/2022,4,Lost Lager,7.23,52,375.96
27/08/2022,5,King Crush,8.29,33,273.57
27/08/2022,6,Wingman Tro,7.55,48,362.4
27/08/2022,7,Grind Stout,7.86,68,534.48
27/08/2022,8,Juice Shack,8.31,17,141.27
27/08/2022,9,Rocky Road,8.4,97,814.8
27/08/2022,10,Wingman,8.34,75,625.5
27/08/2022,11,Arcade Made,8.82,34,299.88
27/08/2022,12,Punk IPA,7.81,33,257.73
27/08/2022,13,Hazy Jane,8.46,65,549.9
27/08/2022,14,Shore Leave,7.74,92,712.08
27/08/2022,15,Simcoe Solo,7.29,95,692.55
27/08/2022,16,Lucky Break,8.37,75,627.75
28/08/2022,1,Black Heart,8.56,66,564.96
28/08/2022,2,Fools Gold,8.07,25,201.75
28/08/2022,3,Cold Beer B,7.05,25,176.25
28/08/2022,4,Lost Lager,7.23,82,592.86
28/08/2022,5,King Crush,8.29,26,215.54
28/08/2022,6,Wingman Tro,7.55,95,717.25
28/08/2022,7,Grind Stout,7.86,15,117.9
28/08/2022,8,Juice Shack,8.31,32,265.92
28/08/2022,9,Rocky Road,8.4,54,453.6
28/08/2022,10,Wingman,8.34,2,16.68
28/08/2022,11,Arcade Made,8.82,41,361.62
28/08/2022,12,Punk IPA,7.81,5,39.05
28/08/2022,13,Hazy Jane,8.46,81,685.26
28/08/2022,14,Shore Leave,7.74,60,464.4
28/08/2022,15,Simcoe Solo,7.29,83,605.07
28/08/2022,16,Lucky Break,8.37,28,234.36
29/08/2022,1,Black Heart,8.56,29,248.24
29/08/2022,2,Fools Gold,8.07,35,282.45
29/08/2022,3,Cold Beer B,7.05,12,84.6
29/08/2022,4,Lost Lager,7.23,14,101.22
29/08/2022,5,King Crush,8.29,45,373.05
29/08/2022,6,Wingman Tro,7.55,99,747.45
29/08/2022,7,Grind Stout,7.86,23,180.78
29/08/2022,8,Juice Shack,8.31,30,249.3
29/08/2022,9,Rocky Road,8.4,64,537.6
29/08/2022,10,Wingman,8.34,46,383.64
29/08/2022,11,Arcade Made,8.82,75,661.5
29/08/2022,12,Punk IPA,7.81,19,148.39
29/08/2022,13,Hazy Jane,8.46,42,355.32
29/08/2022,14,Shore Leave,7.74,17,131.58
29/08/2022,15,Simcoe Solo,7.29,43,313.47
29/08/2022,16,Lucky Break,8.37,90,753.3
30/08/2022,1,Black Heart,8.56,37,316.72
30/08/2022,2,Fools Gold,8.07,4,32.28
30/08/2022,3,Cold Beer B,7.05,17,119.85
30/08/2022,4,Lost Lager,7.23,60,433.8
30/08/2022,5,King Crush,8.29,18,149.22
30/08/2022,6,Wingman Tro,7.55,88,664.4
30/08/2022,7,Grind Stout,7.86,76,597.36
30/08/2022,8,Juice Shack,8.31,51,423.81
30/08/2022,9,Rocky Road,8.4,55,462
30/08/2022,10,Wingman,8.34,49,408.66
30/08/2022,11,Arcade Made,8.82,92,811.44
30/08/2022,12,Punk IPA,7.81,86,671.66
30/08/2022,13,Hazy Jane,8.46,29,245.34
30/08/2022,14,Shore Leave,7.74,29,224.46
30/08/2022,15,Simcoe Solo,7.29,1,7.29
30/08/2022,16,Lucky Break,8.37,35,292.95
31/08/2022,1,Black Heart,8.56,36,308.16
31/08/2022,2,Fools Gold,8.07,85,685.95
31/08/2022,3,Cold Beer B,7.05,49,345.45
31/08/2022,4,Lost Lager,7.23,7,50.61
31/08/2022,5,King Crush,8.29,44,364.76
31/08/2022,6,Wingman Tro,7.55,48,362.4
31/08/2022,7,Grind Stout,7.86,32,251.52
31/08/2022,8,Juice Shack,8.31,10,83.1
31/08/2022,9,Rocky Road,8.4,10,84
31/08/2022,10,Wingman,8.34,52,433.68
31/08/2022,11,Arcade Made,8.82,31,273.42
31/08/2022,12,Punk IPA,7.81,95,741.95
31/08/2022,13,Hazy Jane,8.46,42,355.32
31/08/2022,14,Shore Leave,7.74,75,580.5
31/08/2022,15,Simcoe Solo,7.29,60,437.4
31/08/2022,16,Lucky Break,8.37,39,326.43
01/09/2022,1,Black Heart,8.56,53,453.68
01/09/2022,2,Fools Gold,8.07,83,669.81
01/09/2022,3,Cold Beer B,7.05,82,578.1
01/09/2022,4,Lost Lager,7.23,82,592.86
01/09/2022,5,King Crush,8.29,91,754.39
01/09/2022,6,Wingman Tro,7.55,2,15.1
01/09/2022,7,Grind Stout,7.86,51,400.86
01/09/2022,8,Juice Shack,8.31,64,531.84
01/09/2022,9,Rocky Road,8.4,33,277.2
01/09/2022,10,Wingman,8.34,49,408.66
01/09/2022,11,Arcade Made,8.82,28,246.96
01/09/2022,12,Punk IPA,7.81,16,124.96
01/09/2022,13,Hazy Jane,8.46,44,372.24
01/09/2022,14,Shore Leave,7.74,15,116.1
01/09/2022,15,Simcoe Solo,7.29,31,225.99
01/09/2022,16,Lucky Break,8.37,15,125.55
02/09/2022,1,Black Heart,8.56,15,128.4
02/09/2022,2,Fools Gold,8.07,79,637.53
02/09/2022,3,Cold Beer B,7.05,4,28.2
02/09/2022,4,Lost Lager,7.23,89,643.47
02/09/2022,5,King Crush,8.29,13,107.77
02/09/2022,6,Wingman Tro,7.55,48,362.4
02/09/2022,7,Grind Stout,7.86,73,573.78
02/09/2022,8,Juice Shack,8.31,15,124.65
02/09/2022,9,Rocky Road,8.4,53,445.2
02/09/2022,10,Wingman,8.34,51,425.34
02/09/2022,11,Arcade Made,8.82,19,167.58
02/09/2022,12,Punk IPA,7.81,40,312.4
02/09/2022,13,Hazy Jane,8.46,58,490.68
02/09/2022,14,Shore Leave,7.74,95,735.3
02/09/2022,15,Simcoe Solo,7.29,17,123.93
02/09/2022,16,Lucky Break,8.37,94,786.78
03/09/2022,1,Black Heart,8.56,71,607.76
03/09/2022,2,Fools Gold,8.07,72,581.04
03/09/2022,3,Cold Beer B,7.05,81,571.05
03/09/2022,4,Lost Lager,7.23,1,7.23
03/09/2022,5,King Crush,8.29,96,795.84
03/09/2022,6,Wingman Tro,7.55,57,430.35
03/09/2022,7,Grind Stout,7.86,90,707.4
03/09/2022,8,Juice Shack,8.31,68,565.08
03/09/2022,9,Rocky Road,8.4,65,546
03/09/2022,10,Wingman,8.34,25,208.5
03/09/2022,11,Arcade Made,8.82,69,608.58
03/09/2022,12,Punk IPA,7.81,89,695.09
03/09/2022,13,Hazy Jane,8.46,51,431.46
03/09/2022,14,Shore Leave,7.74,2,15.48
03/09/2022,15,Simcoe Solo,7.29,18,131.22
03/09/2022,16,Lucky Break,8.37,87,728.19
04/09/2022,1,Black Heart,8.56,8,68.48
04/09/2022,2,Fools Gold,8.07,12,96.84
04/09/2022,3,Cold Beer B,7.05,70,493.5
04/09/2022,4,Lost Lager,7.23,37,267.51
04/09/2022,5,King Crush,8.29,36,298.44
04/09/2022,6,Wingman Tro,7.55,23,173.65
04/09/2022,7,Grind Stout,7.86,10,78.6
04/09/2022,8,Juice Shack,8.31,95,789.45
04/09/2022,9,Rocky Road,8.4,50,420
04/09/2022,10,Wingman,8.34,72,600.48
04/09/2022,11,Arcade Made,8.82,40,352.8
04/09/2022,12,Punk IPA,7.81,76,593.56
04/09/2022,13,Hazy Jane,8.46,11,93.06
04/09/2022,14,Shore Leave,7.74,46,356.04
04/09/2022,15,Simcoe Solo,7.29,52,379.08
04/09/2022,16,Lucky Break,8.37,64,535.68
05/09/2022,1,Black Heart,8.56,85,727.6
05/09/2022,2,Fools Gold,8.07,95,766.65
05/09/2022,3,Cold Beer B,7.05,99,697.95
05/09/2022,4,Lost Lager,7.23,13,93.99
05/09/2022,5,King Crush,8.29,46,381.34
05/09/2022,6,Wingman Tro,7.55,40,302
05/09/2022,7,Grind Stout,7.86,27,212.22
05/09/2022,8,Juice Shack,8.31,22,182.82
05/09/2022,9,Rocky Road,8.4,30,252
05/09/2022,10,Wingman,8.34,6,50.04
05/09/2022,11,Arcade Made,8.82,50,441
05/09/2022,12,Punk IPA,7.81,2,15.62
05/09/2022,13,Hazy Jane,8.46,70,592.2
05/09/2022,14,Shore Leave,7.74,8,61.92
05/09/2022,15,Simcoe Solo,7.29,9,65.61
05/09/2022,16,Lucky Break,8.37,93,778.41
06/09/2022,1,Black Heart,8.56,98,838.88
06/09/2022,2,Fools Gold,8.07,70,564.9
06/09/2022,3,Cold Beer B,7.05,50,352.5
06/09/2022,4,Lost Lager,7.23,90,650.7
06/09/2022,5,King Crush,8.29,54,447.66
06/09/2022,6,Wingman Tro,7.55,33,249.15
06/09/2022,7,Grind Stout,7.86,99,778.14
06/09/2022,8,Juice Shack,8.31,67,556.77
06/09/2022,9,Rocky Road,8.4,86,722.4
06/09/2022,10,Wingman,8.34,55,458.7
06/09/2022,11,Arcade Made,8.82,25,220.5
06/09/2022,12,Punk IPA,7.81,56,437.36
06/09/2022,13,Hazy Jane,8.46,78,659.88
06/09/2022,14,Shore Leave,7.74,54,417.96
06/09/2022,15,Simcoe Solo,7.29,72,524.88
06/09/2022,16,Lucky Break,8.37,79,661.23
07/09/2022,1,Black Heart,8.56,70,599.2
07/09/2022,2,Fools Gold,8.07,81,653.67
07/09/2022,3,Cold Beer B,7.05,19,133.95
07/09/2022,4,Lost Lager,7.23,93,672.39
07/09/2022,5,King Crush,8.29,43,356.47
07/09/2022,6,Wingman Tro,7.55,64,483.2
07/09/2022,7,Grind Stout,7.86,94,738.84
07/09/2022,8,Juice Shack,8.31,44,365.64
07/09/2022,9,Rocky Road,8.4,80,672
07/09/2022,10,Wingman,8.34,55,458.7
07/09/2022,11,Arcade Made,8.82,82,723.24
07/09/2022,12,Punk IPA,7.81,71,554.51
07/09/2022,13,Hazy Jane,8.46,8,67.68
07/09/2022,14,Shore Leave,7.74,14,108.36
07/09/2022,15,Simcoe Solo,7.29,35,255.15
07/09/2022,16,Lucky Break,8.37,51,426.87
08/09/2022,1,Black Heart,8.56,56,479.36
08/09/2022,2,Fools Gold,8.07,97,782.79
08/09/2022,3,Cold Beer B,7.05,23,162.15
08/09/2022,4,Lost Lager,7.23,53,383.19
08/09/2022,5,King Crush,8.29,23,190.67
08/09/2022,6,Wingman Tro,7.55,92,694.6
08/09/2022,7,Grind Stout,7.86,57,448.02
08/09/2022,8,Juice Shack,8.31,54,448.74
08/09/2022,9,Rocky Road,8.4,37,310.8
08/09/2022,10,Wingman,8.34,24,200.16
08/09/2022,11,Arcade Made,8.82,76,670.32
08/09/2022,12,Punk IPA,7.81,66,515.46
08/09/2022,13,Hazy Jane,8.46,36,304.56
08/09/2022,14,Shore Leave,7.74,92,712.08
08/09/2022,15,Simcoe Solo,7.29,57,415.53
08/09/2022,16,Lucky Break,8.37,94,786.78
09/09/2022,1,Black Heart,8.56,43,368.08
09/09/2022,2,Fools Gold,8.07,92,742.44
09/09/2022,3,Cold Beer B,7.05,62,437.1
09/09/2022,4,Lost Lager,7.23,83,600.09
09/09/2022,5,King Crush,8.29,78,646.62
09/09/2022,6,Wingman Tro,7.55,67,505.85
09/09/2022,7,Grind Stout,7.86,35,275.1
09/09/2022,8,Juice Shack,8.31,61,506.91
09/09/2022,9,Rocky Road,8.4,73,613.2
09/09/2022,10,Wingman,8.34,81,675.54
09/09/2022,11,Arcade Made,8.82,66,582.12
09/09/2022,12,Punk IPA,7.81,23,179.63
09/09/2022,13,Hazy Jane,8.46,86,727.56
09/09/2022,14,Shore Leave,7.74,3,23.22
09/09/2022,15,Simcoe Solo,7.29,60,437.4
09/09/2022,16,Lucky Break,8.37,81,677.97
10/09/2022,1,Black Heart,8.56,7,59.92
10/09/2022,2,Fools Gold,8.07,90,726.3
10/09/2022,3,Cold Beer B,7.05,96,676.8
10/09/2022,4,Lost Lager,7.23,57,412.11
10/09/2022,5,King Crush,8.29,18,149.22
10/09/2022,6,Wingman Tro,7.55,75,566.25
10/09/2022,7,Grind Stout,7.86,47,369.42
10/09/2022,8,Juice Shack,8.31,25,207.75
10/09/2022,9,Rocky Road,8.4,89,747.6
10/09/2022,10,Wingman,8.34,51,425.34
10/09/2022,11,Arcade Made,8.82,85,749.7
10/09/2022,12,Punk IPA,7.81,8,62.48
10/09/2022,13,Hazy Jane,8.46,43,363.78
10/09/2022,14,Shore Leave,7.74,64,495.36
10/09/2022,15,Simcoe Solo,7.29,78,568.62
10/09/2022,16,Lucky Break,8.37,40,334.8
11/09/2022,1,Black Heart,8.56,24,205.44
11/09/2022,2,Fools Gold,8.07,74,597.18
11/09/2022,3,Cold Beer B,7.05,64,451.2
11/09/2022,4,Lost Lager,7.23,10,72.3
11/09/2022,5,King Crush,8.29,13,107.77
11/09/2022,6,Wingman Tro,7.55,73,551.15
11/09/2022,7,Grind Stout,7.86,80,628.8
11/09/2022,8,Juice Shack,8.31,18,149.58
11/09/2022,9,Rocky Road,8.4,38,319.2
11/09/2022,10,Wingman,8.34,8,66.72
11/09/2022,11,Arcade Made,8.82,19,167.58
11/09/2022,12,Punk IPA,7.81,21,164.01
11/09/2022,13,Hazy Jane,8.46,24,203.04
11/09/2022,14,Shore Leave,7.74,93,719.82
11/09/2022,15,Simcoe Solo,7.29,32,233.28
11/09/2022,16,Lucky Break,8.37,63,527.31
12/09/2022,1,Black Heart,8.56,43,368.08
12/09/2022,2,Fools Gold,8.07,60,484.2
12/09/2022,3,Cold Beer B,7.05,70,493.5
12/09/2022,4,Lost Lager,7.23,39,281.97
12/09/2022,5,King Crush,8.29,88,729.52
12/09/2022,6,Wingman Tro,7.55,48,362.4
12/09/2022,7,Grind Stout,7.86,43,337.98
12/09/2022,8,Juice Shack,8.31,93,772.83
12/09/2022,9,Rocky Road,8.4,94,789.6
12/09/2022,10,Wingman,8.34,58,483.72
12/09/2022,11,Arcade Made,8.82,72,635.04
12/09/2022,12,Punk IPA,7.81,5,39.05
12/09/2022,13,Hazy Jane,8.46,44,372.24
12/09/2022,14,Shore Leave,7.74,41,317.34
12/09/2022,15,Simcoe Solo,7.29,19,138.51
12/09/2022,16,Lucky Break,8.37,5,41.85
13/09/2022,1,Black Heart,8.56,1,8.56
13/09/2022,2,Fools Gold,8.07,92,742.44
13/09/2022,3,Cold Beer B,7.05,72,507.6
13/09/2022,4,Lost Lager,7.23,54,390.42
13/09/2022,5,King Crush,8.29,88,729.52
13/09/2022,6,Wingman Tro,7.55,55,415.25
13/09/2022,7,Grind Stout,7.86,31,243.66
13/09/2022,8,Juice Shack,8.31,53,440.43
13/09/2022,9,Rocky Road,8.4,75,630
13/09/2022,10,Wingman,8.34,41,341.94
13/09/2022,11,Arcade Made,8.82,57,502.74
13/09/2022,12,Punk IPA,7.81,55,429.55
13/09/2022,13,Hazy Jane,8.46,11,93.06
13/09/2022,14,Shore Leave,7.74,68,526.32
13/09/2022,15,Simcoe Solo,7.29,82,597.78
13/09/2022,16,Lucky Break,8.37,98,820.26
14/09/2022,1,Black Heart,8.56,59,505.04
14/09/2022,2,Fools Gold,8.07,100,807
14/09/2022,3,Cold Beer B,7.05,0,0
14/09/2022,4,Lost Lager,7.23,26,187.98
14/09/2022,5,King Crush,8.29,91,754.39
14/09/2022,6,Wingman Tro,7.55,80,604
14/09/2022,7,Grind Stout,7.86,68,534.48
14/09/2022,8,Juice Shack,8.31,81,673.11
14/09/2022,9,Rocky Road,8.4,9,75.6
14/09/2022,10,Wingman,8.34,3,25.02
14/09/2022,11,Arcade Made,8.82,11,97.02
14/09/2022,12,Punk IPA,7.81,59,460.79
14/09/2022,13,Hazy Jane,8.46,99,837.54
14/09/2022,14,Shore Leave,7.74,68,526.32
14/09/2022,15,Simcoe Solo,7.29,92,670.68
14/09/2022,16,Lucky Break,8.37,24,200.88
15/09/2022,1,Black Heart,8.56,56,479.36
15/09/2022,2,Fools Gold,8.07,66,532.62
15/09/2022,3,Cold Beer B,7.05,65,458.25
15/09/2022,4,Lost Lager,7.23,94,679.62
15/09/2022,5,King Crush,8.29,29,240.41
15/09/2022,6,Wingman Tro,7.55,49,369.95
15/09/2022,7,Grind Stout,7.86,12,94.32
15/09/2022,8,Juice Shack,8.31,59,490.29
15/09/2022,9,Rocky Road,8.4,75,630
15/09/2022,10,Wingman,8.34,73,608.82
15/09/2022,11,Arcade Made,8.82,1,8.82
15/09/2022,12,Punk IPA,7.81,92,718.52
15/09/2022,13,Hazy Jane,8.46,94,795.24
15/09/2022,14,Shore Leave,7.74,18,139.32
15/09/2022,15,Simcoe Solo,7.29,67,488.43
15/09/2022,16,Lucky Break,8.37,63,527.31
16/09/2022,1,Black Heart,8.56,86,736.16
16/09/2022,2,Fools Gold,8.07,54,435.78
16/09/2022,3,Cold Beer B,7.05,6,42.3
16/09/2022,4,Lost Lager,7.23,96,694.08
16/09/2022,5,King Crush,8.29,39,323.31
16/09/2022,6,Wingman Tro,7.55,6,45.3
16/09/2022,7,Grind Stout,7.86,38,298.68
16/09/2022,8,Juice Shack,8.31,14,116.34
16/09/2022,9,Rocky Road,8.4,39,327.6
16/09/2022,10,Wingman,8.34,95,792.3
16/09/2022,11,Arcade Made,8.82,4,35.28
16/09/2022,12,Punk IPA,7.81,61,476.41
16/09/2022,13,Hazy Jane,8.46,23,194.58
16/09/2022,14,Shore Leave,7.74,26,201.24
16/09/2022,15,Simcoe Solo,7.29,82,597.78
16/09/2022,16,Lucky Break,8.37,65,544.05
17/09/2022,1,Black Heart,8.56,21,179.76
17/09/2022,2,Fools Gold,8.07,54,435.78
17/09/2022,3,Cold Beer B,7.05,97,683.85
17/09/2022,4,Lost Lager,7.23,45,325.35
17/09/2022,5,King Crush,8.29,6,49.74
17/09/2022,6,Wingman Tro,7.55,9,67.95
17/09/2022,7,Grind Stout,7.86,21,165.06
17/09/2022,8,Juice Shack,8.31,35,290.85
17/09/2022,9,Rocky Road,8.4,21,176.4
17/09/2022,10,Wingman,8.34,78,650.52
17/09/2022,11,Arcade Made,8.82,92,811.44
17/09/2022,12,Punk IPA,7.81,24,187.44
17/09/2022,13,Hazy Jane,8.46,48,406.08
17/09/2022,14,Shore Leave,7.74,11,85.14
17/09/2022,15,Simcoe Solo,7.29,24,174.96
17/09/2022,16,Lucky Break,8.37,16,133.92
18/09/2022,1,Black Heart,8.56,86,736.16
18/09/2022,2,Fools Gold,8.07,80,645.6
18/09/2022,3,Cold Beer B,7.05,48,338.4
18/09/2022,4,Lost Lager,7.23,35,253.05
18/09/2022,5,King Crush,8.29,86,712.94
18/09/2022,6,Wingman Tro,7.55,74,558.7
18/09/2022,7,Grind Stout,7.86,58,455.88
18/09/2022,8,Juice Shack,8.31,25,207.75
18/09/2022,9,Rocky Road,8.4,70,588
18/09/2022,10,Wingman,8.34,57,475.38
18/09/2022,11,Arcade Made,8.82,88,776.16
18/09/2022,12,Punk IPA,7.81,97,757.57
18/09/2022,13,Hazy Jane,8.46,89,752.94
18/09/2022,14,Shore Leave,7.74,50,387
18/09/2022,15,Simcoe Solo,7.29,57,415.53
18/09/2022,16,Lucky Break,8.37,100,837
19/09/2022,1,Black Heart,8.56,79,676.24
19/09/2022,2,Fools Gold,8.07,19,153.33
19/09/2022,3,Cold Beer B,7.05,70,493.5
19/09/2022,4,Lost Lager,7.23,8,57.84
19/09/2022,5,King Crush,8.29,60,497.4
19/09/2022,6,Wingman Tro,7.55,74,558.7
19/09/2022,7,Grind Stout,7.86,57,448.02
19/09/2022,8,Juice Shack,8.31,82,681.42
19/09/2022,9,Rocky Road,8.4,16,134.4
19/09/2022,10,Wingman,8.34,91,758.94
19/09/2022,11,Arcade Made,8.82,14,123.48
19/09/2022,12,Punk IPA,7.81,38,296.78
19/09/2022,13,Hazy Jane,8.46,2,16.92
19/09/2022,14,Shore Leave,7.74,8,61.92
19/09/2022,15,Simcoe Solo,7.29,2,14.58
19/09/2022,16,Lucky Break,8.37,10,83.7
20/09/2022,1,Black Heart,8.56,32,273.92
20/09/2022,2,Fools Gold,8.07,97,782.79
20/09/2022,3,Cold Beer B,7.05,5,35.25
20/09/2022,4,Lost Lager,7.23,78,563.94
20/09/2022,5,King Crush,8.29,58,480.82
20/09/2022,6,Wingman Tro,7.55,83,626.65
20/09/2022,7,Grind Stout,7.86,56,440.16
20/09/2022,8,Juice Shack,8.31,46,382.26
20/09/2022,9,Rocky Road,8.4,69,579.6
20/09/2022,10,Wingman,8.34,40,333.6
20/09/2022,11,Arcade Made,8.82,20,176.4
20/09/2022,12,Punk IPA,7.81,34,265.54
20/09/2022,13,Hazy Jane,8.46,41,346.86
20/09/2022,14,Shore Leave,7.74,57,441.18
20/09/2022,15,Simcoe Solo,7.29,52,379.08
20/09/2022,16,Lucky Break,8.37,92,770.04
21/09/2022,1,Black Heart,8.56,89,761.84
21/09/2022,2,Fools Gold,8.07,42,338.94
21/09/2022,3,Cold Beer B,7.05,4,28.2
21/09/2022,4,Lost Lager,7.23,77,556.71
21/09/2022,5,King Crush,8.29,10,82.9
21/09/2022,6,Wingman Tro,7.55,26,196.3
21/09/2022,7,Grind Stout,7.86,65,510.9
21/09/2022,8,Juice Shack,8.31,34,282.54
21/09/2022,9,Rocky Road,8.4,34,285.6
21/09/2022,10,Wingman,8.34,31,258.54
21/09/2022,11,Arcade Made,8.82,33,291.06
21/09/2022,12,Punk IPA,7.81,94,734.14
21/09/2022,13,Hazy Jane,8.46,25,211.5
21/09/2022,14,Shore Leave,7.74,49,379.26
21/09/2022,15,Simcoe Solo,7.29,96,699.84
21/09/2022,16,Lucky Break,8.37,67,560.79
22/09/2022,1,Black Heart,8.56,33,282.48
22/09/2022,2,Fools Gold,8.07,92,742.44
22/09/2022,3,Cold Beer B,7.05,74,521.7
22/09/2022,4,Lost Lager,7.23,42,303.66
22/09/2022,5,King Crush,8.29,97,804.13
22/09/2022,6,Wingman Tro,7.55,89,671.95
22/09/2022,7,Grind Stout,7.86,3,23.58
22/09/2022,8,Juice Shack,8.31,8,66.48
22/09/2022,9,Rocky Road,8.4,44,369.6
22/09/2022,10,Wingman,8.34,60,500.4
22/09/2022,11,Arcade Made,8.82,17,149.94
22/09/2022,12,Punk IPA,7.81,23,179.63
22/09/2022,13,Hazy Jane,8.46,27,228.42
22/09/2022,14,Shore Leave,7.74,53,410.22
22/09/2022,15,Simcoe Solo,7.29,63,459.27
22/09/2022,16,Lucky Break,8.37,58,485.46
23/09/2022,1,Black Heart,8.56,13,111.28
23/09/2022,2,Fools Gold,8.07,1,8.07
23/09/2022,3,Cold Beer B,7.05,62,437.1
23/09/2022,4,Lost Lager,7.23,3,21.69
23/09/2022,5,King Crush,8.29,45,373.05
23/09/2022,6,Wingman Tro,7.55,83,626.65
23/09/2022,7,Grind Stout,7.86,35,275.1
23/09/2022,8,Juice Shack,8.31,92,764.52
23/09/2022,9,Rocky Road,8.4,37,310.8
23/09/2022,10,Wingman,8.34,78,650.52
23/09/2022,11,Arcade Made,8.82,51,449.82
23/09/2022,12,Punk IPA,7.81,48,374.88
23/09/2022,13,Hazy Jane,8.46,21,177.66
23/09/2022,14,Shore Leave,7.74,87,673.38
23/09/2022,15,Simcoe Solo,7.29,81,590.49
23/09/2022,16,Lucky Break,8.37,62,518.94
24/09/2022,1,Black Heart,8.56,40,342.4
24/09/2022,2,Fools Gold,8.07,99,798.93
24/09/2022,3,Cold Beer B,7.05,34,239.7
24/09/2022,4,Lost Lager,7.23,59,426.57
24/09/2022,5,King Crush,8.29,58,480.82
24/09/2022,6,Wingman Tro,7.55,34,256.7
24/09/2022,7,Grind Stout,7.86,77,605.22
24/09/2022,8,Juice Shack,8.31,23,191.13
24/09/2022,9,Rocky Road,8.4,6,50.4
24/09/2022,10,Wingman,8.34,53,442.02
24/09/2022,11,Arcade Made,8.82,24,211.68
24/09/2022,12,Punk IPA,7.81,29,226.49
24/09/2022,13,Hazy Jane,8.46,80,676.8
24/09/2022,14,Shore Leave,7.74,69,534.06
24/09/2022,15,Simcoe Solo,7.29,58,422.82
24/09/2022,16,Lucky Break,8.37,54,451.98
25/09/2022,1,Black Heart,8.56,25,214
25/09/2022,2,Fools Gold,8.07,44,355.08
25/09/2022,3,Cold Beer B,7.05,16,112.8
25/09/2022,4,Lost Lager,7.23,95,686.85
25/09/2022,5,King Crush,8.29,77,638.33
25/09/2022,6,Wingman Tro,7.55,43,324.65
25/09/2022,7,Grind Stout,7.86,93,730.98
25/09/2022,8,Juice Shack,8.31,2,16.62
25/09/2022,9,Rocky Road,8.4,68,571.2
25/09/2022,10,Wingman,8.34,44,366.96
25/09/2022,11,Arcade Made,8.82,5,44.1
25/09/2022,12,Punk IPA,7.81,20,156.2
25/09/2022,13,Hazy Jane,8.46,38,321.48
25/09/2022,14,Shore Leave,7.74,83,642.42
25/09/2022,15,Simcoe Solo,7.29,19,138.51
25/09/2022,16,Lucky Break,8.37,17,142.29
26/09/2022,1,Black Heart,8.56,14,119.84
26/09/2022,2,Fools Gold,8.07,73,589.11
26/09/2022,3,Cold Beer B,7.05,38,267.9
26/09/2022,4,Lost Lager,7.23,19,137.37
26/09/2022,5,King Crush,8.29,45,373.05
26/09/2022,6,Wingman Tro,7.55,51,385.05
26/09/2022,7,Grind Stout,7.86,62,487.32
26/09/2022,8,Juice Shack,8.31,59,490.29
26/09/2022,9,Rocky Road,8.4,42,352.8
26/09/2022,10,Wingman,8.34,19,158.46
26/09/2022,11,Arcade Made,8.82,7,61.74
26/09/2022,12,Punk IPA,7.81,74,577.94
26/09/2022,13,Hazy Jane,8.46,11,93.06
26/09/2022,14,Shore Leave,7.74,66,510.84
26/09/2022,15,Simcoe Solo,7.29,89,648.81
26/09/2022,16,Lucky Break,8.37,65,544.05
27/09/2022,1,Black Heart,8.56,21,179.76
27/09/2022,2,Fools Gold,8.07,74,597.18
27/09/2022,3,Cold Beer B,7.05,80,564
27/09/2022,4,Lost Lager,7.23,71,513.33
27/09/2022,5,King Crush,8.29,30,248.7
27/09/2022,6,Wingman Tro,7.55,21,158.55
27/09/2022,7,Grind Stout,7.86,47,369.42
27/09/2022,8,Juice Shack,8.31,16,132.96
27/09/2022,9,Rocky Road,8.4,92,772.8
27/09/2022,10,Wingman,8.34,8,66.72
27/09/2022,11,Arcade Made,8.82,33,291.06
27/09/2022,12,Punk IPA,7.81,92,718.52
27/09/2022,13,Hazy Jane,8.46,95,803.7
27/09/2022,14,Shore Leave,7.74,98,758.52
27/09/2022,15,Simcoe Solo,7.29,58,422.82
27/09/2022,16,Lucky Break,8.37,4,33.48
28/09/2022,1,Black Heart,8.56,15,128.4
28/09/2022,2,Fools Gold,8.07,5,40.35
28/09/2022,3,Cold Beer B,7.05,89,627.45
28/09/2022,4,Lost Lager,7.23,92,665.16
28/09/2022,5,King Crush,8.29,82,679.78
28/09/2022,6,Wingman Tro,7.55,4,30.2
28/09/2022,7,Grind Stout,7.86,58,455.88
28/09/2022,8,Juice Shack,8.31,3,24.93
28/09/2022,9,Rocky Road,8.4,19,159.6
28/09/2022,10,Wingman,8.34,34,283.56
28/09/2022,11,Arcade Made,8.82,67,590.94
28/09/2022,12,Punk IPA,7.81,2,15.62
28/09/2022,13,Hazy Jane,8.46,74,626.04
28/09/2022,14,Shore Leave,7.74,7,54.18
28/09/2022,15,Simcoe Solo,7.29,11,80.19
28/09/2022,16,Lucky Break,8.37,79,661.23
29/09/2022,1,Black Heart,8.56,80,684.8
29/09/2022,2,Fools Gold,8.07,67,540.69
29/09/2022,3,Cold Beer B,7.05,25,176.25
29/09/2022,4,Lost Lager,7.23,58,419.34
29/09/2022,5,King Crush,8.29,38,315.02
29/09/2022,6,Wingman Tro,7.55,63,475.65
29/09/2022,7,Grind Stout,7.86,18,141.48
29/09/2022,8,Juice Shack,8.31,32,265.92
29/09/2022,9,Rocky Road,8.4,69,579.6
29/09/2022,10,Wingman,8.34,51,425.34
29/09/2022,11,Arcade Made,8.82,17,149.94
29/09/2022,12,Punk IPA,7.81,20,156.2
29/09/2022,13,Hazy Jane,8.46,50,423
29/09/2022,14,Shore Leave,7.74,31,239.94
29/09/2022,15,Simcoe Solo,7.29,33,240.57
29/09/2022,16,Lucky Break,8.37,70,585.9
30/09/2022,1,Black Heart,8.56,2,17.12
30/09/2022,2,Fools Gold,8.07,62,500.34
30/09/2022,3,Cold Beer B,7.05,24,169.2
30/09/2022,4,Lost Lager,7.23,50,361.5
30/09/2022,5,King Crush,8.29,52,431.08
30/09/2022,6,Wingman Tro,7.55,34,256.7
30/09/2022,7,Grind Stout,7.86,14,110.04
30/09/2022,8,Juice Shack,8.31,83,689.73
30/09/2022,9,Rocky Road,8.4,13,109.2
30/09/2022,10,Wingman,8.34,33,275.22
30/09/2022,11,Arcade Made,8.82,13,114.66
30/09/2022,12,Punk IPA,7.81,60,468.6
30/09/2022,13,Hazy Jane,8.46,53,448.38
30/09/2022,14,Shore Leave,7.74,23,178.02
30/09/2022,15,Simcoe Solo,7.29,62,451.98
30/09/2022,16,Lucky Break,8.37,100,837
01/10/2022,1,Black Heart,8.56,64,547.84
01/10/2022,2,Fools Gold,8.07,99,798.93
01/10/2022,3,Cold Beer B,7.05,84,592.2
01/10/2022,4,Lost Lager,7.23,59,426.57
01/10/2022,5,King Crush,8.29,8,66.32
01/10/2022,6,Wingman Tro,7.55,43,324.65
01/10/2022,7,Grind Stout,7.86,71,558.06
01/10/2022,8,Juice Shack,8.31,17,141.27
01/10/2022,9,Rocky Road,8.4,87,730.8
01/10/2022,10,Wingman,8.34,72,600.48
01/10/2022,11,Arcade Made,8.82,83,732.06
01/10/2022,12,Punk IPA,7.81,64,499.84
01/10/2022,13,Hazy Jane,8.46,48,406.08
01/10/2022,14,Shore Leave,7.74,78,603.72
01/10/2022,15,Simcoe Solo,7.29,5,36.45
01/10/2022,16,Lucky Break,8.37,30,251.1
02/10/2022,1,Black Heart,8.56,18,154.08
02/10/2022,2,Fools Gold,8.07,24,193.68
02/10/2022,3,Cold Beer B,7.05,71,500.55
02/10/2022,4,Lost Lager,7.23,23,166.29
02/10/2022,5,King Crush,8.29,27,223.83
02/10/2022,6,Wingman Tro,7.55,37,279.35
02/10/2022,7,Grind Stout,7.86,36,282.96
02/10/2022,8,Juice Shack,8.31,65,540.15
02/10/2022,9,Rocky Road,8.4,50,420
02/10/2022,10,Wingman,8.34,78,650.52
02/10/2022,11,Arcade Made,8.82,46,405.72
02/10/2022,12,Punk IPA,7.81,74,577.94
02/10/2022,13,Hazy Jane,8.46,93,786.78
02/10/2022,14,Shore Leave,7.74,99,766.26
02/10/2022,15,Simcoe Solo,7.29,14,102.06
02/10/2022,16,Lucky Break,8.37,16,133.92
03/10/2022,1,Black Heart,8.56,44,376.64
03/10/2022,2,Fools Gold,8.07,55,443.85
03/10/2022,3,Cold Beer B,7.05,82,578.1
03/10/2022,4,Lost Lager,7.23,42,303.66
03/10/2022,5,King Crush,8.29,45,373.05
03/10/2022,6,Wingman Tro,7.55,9,67.95
03/10/2022,7,Grind Stout,7.86,22,172.92
03/10/2022,8,Juice Shack,8.31,54,448.74
03/10/2022,9,Rocky Road,8.4,21,176.4
03/10/2022,10,Wingman,8.34,18,150.12
03/10/2022,11,Arcade Made,8.82,98,864.36
03/10/2022,12,Punk IPA,7.81,93,726.33
03/10/2022,13,Hazy Jane,8.46,93,786.78
03/10/2022,14,Shore Leave,7.74,47,363.78
03/10/2022,15,Simcoe Solo,7.29,38,277.02
03/10/2022,16,Lucky Break,8.37,33,276.21
04/10/2022,1,Black Heart,8.56,3,25.68
04/10/2022,2,Fools Gold,8.07,84,677.88
04/10/2022,3,Cold Beer B,7.05,83,585.15
04/10/2022,4,Lost Lager,7.23,2,14.46
04/10/2022,5,King Crush,8.29,32,265.28
04/10/2022,6,Wingman Tro,7.55,28,211.4
04/10/2022,7,Grind Stout,7.86,53,416.58
04/10/2022,8,Juice Shack,8.31,97,806.07
04/10/2022,9,Rocky Road,8.4,5,42
04/10/2022,10,Wingman,8.34,45,375.3
04/10/2022,11,Arcade Made,8.82,5,44.1
04/10/2022,12,Punk IPA,7.81,70,546.7
04/10/2022,13,Hazy Jane,8.46,88,744.48
04/10/2022,14,Shore Leave,7.74,36,278.64
04/10/2022,15,Simcoe Solo,7.29,54,393.66
04/10/2022,16,Lucky Break,8.37,77,644.49
05/10/2022,1,Black Heart,8.56,42,359.52
05/10/2022,2,Fools Gold,8.07,77,621.39
05/10/2022,3,Cold Beer B,7.05,62,437.1
05/10/2022,4,Lost Lager,7.23,21,151.83
05/10/2022,5,King Crush,8.29,4,33.16
05/10/2022,6,Wingman Tro,7.55,74,558.7
05/10/2022,7,Grind Stout,7.86,77,605.22
05/10/2022,8,Juice Shack,8.31,42,349.02
05/10/2022,9,Rocky Road,8.4,65,546
05/10/2022,10,Wingman,8.34,31,258.54
05/10/2022,11,Arcade Made,8.82,64,564.48
05/10/2022,12,Punk IPA,7.81,35,273.35
05/10/2022,13,Hazy Jane,8.46,56,473.76
05/10/2022,14,Shore Leave,7.74,8,61.92
05/10/2022,15,Simcoe Solo,7.29,8,58.32
05/10/2022,16,Lucky Break,8.37,22,184.14
06/10/2022,1,Black Heart,8.56,54,462.24
06/10/2022,2,Fools Gold,8.07,28,225.96
06/10/2022,3,Cold Beer B,7.05,86,606.3
06/10/2022,4,Lost Lager,7.23,11,79.53
06/10/2022,5,King Crush,8.29,87,721.23
06/10/2022,6,Wingman Tro,7.55,52,392.6
06/10/2022,7,Grind Stout,7.86,95,746.7
06/10/2022,8,Juice Shack,8.31,18,149.58
06/10/2022,9,Rocky Road,8.4,11,92.4
06/10/2022,10,Wingman,8.34,26,216.84
06/10/2022,11,Arcade Made,8.82,85,749.7
06/10/2022,12,Punk IPA,7.81,78,609.18
06/10/2022,13,Hazy Jane,8.46,18,152.28
06/10/2022,14,Shore Leave,7.74,76,588.24
06/10/2022,15,Simcoe Solo,7.29,49,357.21
06/10/2022,16,Lucky Break,8.37,12,100.44
07/10/2022,1,Black Heart,8.56,18,154.08
07/10/2022,2,Fools Gold,8.07,14,112.98
07/10/2022,3,Cold Beer B,7.05,77,542.85
07/10/2022,4,Lost Lager,7.23,21,151.83
07/10/2022,5,King Crush,8.29,94,779.26
07/10/2022,6,Wingman Tro,7.55,22,166.1
07/10/2022,7,Grind Stout,7.86,84,660.24
07/10/2022,8,Juice Shack,8.31,65,540.15
07/10/2022,9,Rocky Road,8.4,86,722.4
07/10/2022,10,Wingman,8.34,77,642.18
07/10/2022,11,Arcade Made,8.82,28,246.96
07/10/2022,12,Punk IPA,7.81,73,570.13
07/10/2022,13,Hazy Jane,8.46,33,279.18
07/10/2022,14,Shore Leave,7.74,54,417.96
07/10/2022,15,Simcoe Solo,7.29,52,379.08
07/10/2022,16,Lucky Break,8.37,19,159.03
08/10/2022,1,Black Heart,8.56,96,821.76
08/10/2022,2,Fools Gold,8.07,79,637.53
08/10/2022,3,Cold Beer B,7.05,69,486.45
08/10/2022,4,Lost Lager,7.23,53,383.19
08/10/2022,5,King Crush,8.29,100,829
08/10/2022,6,Wingman Tro,7.55,1,7.55
08/10/2022,7,Grind Stout,7.86,50,393
08/10/2022,8,Juice Shack,8.31,59,490.29
08/10/2022,9,Rocky Road,8.4,32,268.8
08/10/2022,10,Wingman,8.34,29,241.86
08/10/2022,11,Arcade Made,8.82,30,264.6
08/10/2022,12,Punk IPA,7.81,63,492.03
08/10/2022,13,Hazy Jane,8.46,13,109.98
08/10/2022,14,Shore Leave,7.74,23,178.02
08/10/2022,15,Simcoe Solo,7.29,73,532.17
08/10/2022,16,Lucky Break,8.37,90,753.3
09/10/2022,1,Black Heart,8.56,2,17.12
09/10/2022,2,Fools Gold,8.07,97,782.79
09/10/2022,3,Cold Beer B,7.05,70,493.5
09/10/2022,4,Lost Lager,7.23,13,93.99
09/10/2022,5,King Crush,8.29,5,41.45
09/10/2022,6,Wingman Tro,7.55,89,671.95
09/10/2022,7,Grind Stout,7.86,41,322.26
09/10/2022,8,Juice Shack,8.31,47,390.57
09/10/2022,9,Rocky Road,8.4,49,411.6
09/10/2022,10,Wingman,8.34,60,500.4
09/10/2022,11,Arcade Made,8.82,75,661.5
09/10/2022,12,Punk IPA,7.81,13,101.53
09/10/2022,13,Hazy Jane,8.46,13,109.98
09/10/2022,14,Shore Leave,7.74,1,7.74
09/10/2022,15,Simcoe Solo,7.29,15,109.35
09/10/2022,16,Lucky Break,8.37,72,602.64
10/10/2022,1,Black Heart,8.56,33,282.48
10/10/2022,2,Fools Gold,8.07,0,0
10/10/2022,3,Cold Beer B,7.05,93,655.65
10/10/2022,4,Lost Lager,7.23,12,86.76
10/10/2022,5,King Crush,8.29,43,356.47
10/10/2022,6,Wingman Tro,7.55,11,83.05
10/10/2022,7,Grind Stout,7.86,9,70.74
10/10/2022,8,Juice Shack,8.31,0,0
10/10/2022,9,Rocky Road,8.4,97,814.8
10/10/2022,10,Wingman,8.34,85,708.9
10/10/2022,11,Arcade Made,8.82,48,423.36
10/10/2022,12,Punk IPA,7.81,83,648.23
10/10/2022,13,Hazy Jane,8.46,74,626.04
10/10/2022,14,Shore Leave,7.74,29,224.46
10/10/2022,15,Simcoe Solo,7.29,4,29.16
10/10/2022,16,Lucky Break,8.37,59,493.83
11/10/2022,1,Black Heart,8.56,29,248.24
11/10/2022,2,Fools Gold,8.07,99,798.93
11/10/2022,3,Cold Beer B,7.05,79,556.95
11/10/2022,4,Lost Lager,7.23,71,513.33
11/10/2022,5,King Crush,8.29,69,572.01
11/10/2022,6,Wingman Tro,7.55,63,475.65
11/10/2022,7,Grind Stout,7.86,10,78.6
11/10/2022,8,Juice Shack,8.31,79,656.49
11/10/2022,9,Rocky Road,8.4,52,436.8
11/10/2022,10,Wingman,8.34,11,91.74
11/10/2022,11,Arcade Made,8.82,52,458.64
11/10/2022,12,Punk IPA,7.81,7,54.67
11/10/2022,13,Hazy Jane,8.46,83,702.18
11/10/2022,14,Shore Leave,7.74,24,185.76
11/10/2022,15,Simcoe Solo,7.29,63,459.27
11/10/2022,16,Lucky Break,8.37,18,150.66
12/10/2022,1,Black Heart,8.56,14,119.84
12/10/2022,2,Fools Gold,8.07,90,726.3
12/10/2022,3,Cold Beer B,7.05,5,35.25
12/10/2022,4,Lost Lager,7.23,80,578.4
12/10/2022,5,King Crush,8.29,6,49.74
12/10/2022,6,Wingman Tro,7.55,84,634.2
12/10/2022,7,Grind Stout,7.86,95,746.7
12/10/2022,8,Juice Shack,8.31,99,822.69
12/10/2022,9,Rocky Road,8.4,83,697.2
12/10/2022,10,Wingman,8.34,54,450.36
12/10/2022,11,Arcade Made,8.82,40,352.8
12/10/2022,12,Punk IPA,7.81,89,695.09
12/10/2022,13,Hazy Jane,8.46,53,448.38
12/10/2022,14,Shore Leave,7.74,26,201.24
12/10/2022,15,Simcoe Solo,7.29,85,619.65
12/10/2022,16,Lucky Break,8.37,51,426.87
13/10/2022,1,Black Heart,8.56,37,316.72
13/10/2022,2,Fools Gold,8.07,17,137.19
13/10/2022,3,Cold Beer B,7.05,84,592.2
13/10/2022,4,Lost Lager,7.23,67,484.41
13/10/2022,5,King Crush,8.29,50,414.5
13/10/2022,6,Wingman Tro,7.55,66,498.3
13/10/2022,7,Grind Stout,7.86,29,227.94
13/10/2022,8,Juice Shack,8.31,78,648.18
13/10/2022,9,Rocky Road,8.4,82,688.8
13/10/2022,10,Wingman,8.34,18,150.12
13/10/2022,11,Arcade Made,8.82,94,829.08
13/10/2022,12,Punk IPA,7.81,18,140.58
13/10/2022,13,Hazy Jane,8.46,43,363.78
13/10/2022,14,Shore Leave,7.74,74,572.76
13/10/2022,15,Simcoe Solo,7.29,84,612.36
13/10/2022,16,Lucky Break,8.37,38,318.06
14/10/2022,1,Black Heart,8.56,55,470.8
14/10/2022,2,Fools Gold,8.07,91,734.37
14/10/2022,3,Cold Beer B,7.05,82,578.1
14/10/2022,4,Lost Lager,7.23,80,578.4
14/10/2022,5,King Crush,8.29,16,132.64
14/10/2022,6,Wingman Tro,7.55,97,732.35
14/10/2022,7,Grind Stout,7.86,20,157.2
14/10/2022,8,Juice Shack,8.31,21,174.51
14/10/2022,9,Rocky Road,8.4,36,302.4
14/10/2022,10,Wingman,8.34,40,333.6
14/10/2022,11,Arcade Made,8.82,14,123.48
14/10/2022,12,Punk IPA,7.81,80,624.8
14/10/2022,13,Hazy Jane,8.46,69,583.74
14/10/2022,14,Shore Leave,7.74,28,216.72
14/10/2022,15,Simcoe Solo,7.29,70,510.3
14/10/2022,16,Lucky Break,8.37,94,786.78
15/10/2022,1,Black Heart,8.56,82,701.92
15/10/2022,2,Fools Gold,8.07,74,597.18
15/10/2022,3,Cold Beer B,7.05,63,444.15
15/10/2022,4,Lost Lager,7.23,48,347.04
15/10/2022,5,King Crush,8.29,29,240.41
15/10/2022,6,Wingman Tro,7.55,93,702.15
15/10/2022,7,Grind Stout,7.86,75,589.5
15/10/2022,8,Juice Shack,8.31,50,415.5
15/10/2022,9,Rocky Road,8.4,82,688.8
15/10/2022,10,Wingman,8.34,7,58.38
15/10/2022,11,Arcade Made,8.82,73,643.86
15/10/2022,12,Punk IPA,7.81,80,624.8
15/10/2022,13,Hazy Jane,8.46,61,516.06
15/10/2022,14,Shore Leave,7.74,26,201.24
15/10/2022,15,Simcoe Solo,7.29,78,568.62
15/10/2022,16,Lucky Break,8.37,78,652.86
16/10/2022,1,Black Heart,8.56,97,830.32
16/10/2022,2,Fools Gold,8.07,96,774.72
16/10/2022,3,Cold Beer B,7.05,14,98.7
16/10/2022,4,Lost Lager,7.23,76,549.48
16/10/2022,5,King Crush,8.29,58,480.82
16/10/2022,6,Wingman Tro,7.55,66,498.3
16/10/2022,7,Grind Stout,7.86,34,267.24
16/10/2022,8,Juice Shack,8.31,72,598.32
16/10/2022,9,Rocky Road,8.4,1,8.4
16/10/2022,10,Wingman,8.34,49,408.66
16/10/2022,11,Arcade Made,8.82,79,696.78
16/10/2022,12,Punk IPA,7.81,18,140.58
16/10/2022,13,Hazy Jane,8.46,100,846
16/10/2022,14,Shore Leave,7.74,14,108.36
16/10/2022,15,Simcoe Solo,7.29,35,255.15
16/10/2022,16,Lucky Break,8.37,72,602.64
17/10/2022,1,Black Heart,8.56,17,145.52
17/10/2022,2,Fools Gold,8.07,36,290.52
17/10/2022,3,Cold Beer B,7.05,6,42.3
17/10/2022,4,Lost Lager,7.23,91,657.93
17/10/2022,5,King Crush,8.29,24,198.96
17/10/2022,6,Wingman Tro,7.55,76,573.8
17/10/2022,7,Grind Stout,7.86,54,424.44
17/10/2022,8,Juice Shack,8.31,90,747.9
17/10/2022,9,Rocky Road,8.4,100,840
17/10/2022,10,Wingman,8.34,66,550.44
17/10/2022,11,Arcade Made,8.82,46,405.72
17/10/2022,12,Punk IPA,7.81,47,367.07
17/10/2022,13,Hazy Jane,8.46,79,668.34
17/10/2022,14,Shore Leave,7.74,100,774
17/10/2022,15,Simcoe Solo,7.29,87,634.23
17/10/2022,16,Lucky Break,8.37,81,677.97
18/10/2022,1,Black Heart,8.56,33,282.48
18/10/2022,2,Fools Gold,8.07,83,669.81
18/10/2022,3,Cold Beer B,7.05,47,331.35
18/10/2022,4,Lost Lager,7.23,50,361.5
18/10/2022,5,King Crush,8.29,5,41.45
18/10/2022,6,Wingman Tro,7.55,26,196.3
18/10/2022,7,Grind Stout,7.86,13,102.18
18/10/2022,8,Juice Shack,8.31,86,714.66
18/10/2022,9,Rocky Road,8.4,24,201.6
18/10/2022,10,Wingman,8.34,50,417
18/10/2022,11,Arcade Made,8.82,100,882
18/10/2022,12,Punk IPA,7.81,10,78.1
18/10/2022,13,Hazy Jane,8.46,63,532.98
18/10/2022,14,Shore Leave,7.74,54,417.96
18/10/2022,15,Simcoe Solo,7.29,27,196.83
18/10/2022,16,Lucky Break,8.37,36,301.32
19/10/2022,1,Black Heart,8.56,47,402.32
19/10/2022,2,Fools Gold,8.07,39,314.73
19/10/2022,3,Cold Beer B,7.05,96,676.8
19/10/2022,4,Lost Lager,7.23,99,715.77
19/10/2022,5,King Crush,8.29,78,646.62
19/10/2022,6,Wingman Tro,7.55,56,422.8
19/10/2022,7,Grind Stout,7.86,3,23.58
19/10/2022,8,Juice Shack,8.31,80,664.8
19/10/2022,9,Rocky Road,8.4,55,462
19/10/2022,10,Wingman,8.34,14,116.76
19/10/2022,11,Arcade Made,8.82,88,776.16
19/10/2022,12,Punk IPA,7.81,20,156.2
19/10/2022,13,Hazy Jane,8.46,82,693.72
19/10/2022,14,Shore Leave,7.74,98,758.52
19/10/2022,15,Simcoe Solo,7.29,91,663.39
19/10/2022,16,Lucky Break,8.37,84,703.08
20/10/2022,1,Black Heart,8.56,91,778.96
20/10/2022,2,Fools Gold,8.07,4,32.28
20/10/2022,3,Cold Beer B,7.05,4,28.2
20/10/2022,4,Lost Lager,7.23,10,72.3
20/10/2022,5,King Crush,8.29,43,356.47
20/10/2022,6,Wingman Tro,7.55,22,166.1
20/10/2022,7,Grind Stout,7.86,2,15.72
20/10/2022,8,Juice Shack,8.31,84,698.04
20/10/2022,9,Rocky Road,8.4,81,680.4
20/10/2022,10,Wingman,8.34,82,683.88
20/10/2022,11,Arcade Made,8.82,13,114.66
20/10/2022,12,Punk IPA,7.81,59,460.79
20/10/2022,13,Hazy Jane,8.46,5,42.3
20/10/2022,14,Shore Leave,7.74,64,495.36
20/10/2022,15,Simcoe Solo,7.29,6,43.74
20/10/2022,16,Lucky Break,8.37,63,527.31
21/10/2022,1,Black Heart,8.56,36,308.16
21/10/2022,2,Fools Gold,8.07,60,484.2
21/10/2022,3,Cold Beer B,7.05,30,211.5
21/10/2022,4,Lost Lager,7.23,64,462.72
21/10/2022,5,King Crush,8.29,67,555.43
21/10/2022,6,Wingman Tro,7.55,86,649.3
21/10/2022,7,Grind Stout,7.86,81,636.66
21/10/2022,8,Juice Shack,8.31,65,540.15
21/10/2022,9,Rocky Road,8.4,59,495.6
21/10/2022,10,Wingman,8.34,76,633.84
21/10/2022,11,Arcade Made,8.82,40,352.8
21/10/2022,12,Punk IPA,7.81,77,601.37
21/10/2022,13,Hazy Jane,8.46,27,228.42
21/10/2022,14,Shore Leave,7.74,40,309.6
21/10/2022,15,Simcoe Solo,7.29,69,503.01
21/10/2022,16,Lucky Break,8.37,95,795.15
22/10/2022,1,Black Heart,8.56,29,248.24
22/10/2022,2,Fools Gold,8.07,0,0
22/10/2022,3,Cold Beer B,7.05,69,486.45
22/10/2022,4,Lost Lager,7.23,34,245.82
22/10/2022,5,King Crush,8.29,86,712.94
22/10/2022,6,Wingman Tro,7.55,8,60.4
22/10/2022,7,Grind Stout,7.86,30,235.8
22/10/2022,8,Juice Shack,8.31,34,282.54
22/10/2022,9,Rocky Road,8.4,15,126
22/10/2022,10,Wingman,8.34,40,333.6
22/10/2022,11,Arcade Made,8.82,28,246.96
22/10/2022,12,Punk IPA,7.81,18,140.58
22/10/2022,13,Hazy Jane,8.46,79,668.34
22/10/2022,14,Shore Leave,7.74,4,30.96
22/10/2022,15,Simcoe Solo,7.29,43,313.47
22/10/2022,16,Lucky Break,8.37,69,577.53
23/10/2022,1,Black Heart,8.56,4,34.24
23/10/2022,2,Fools Gold,8.07,42,338.94
23/10/2022,3,Cold Beer B,7.05,39,274.95
23/10/2022,4,Lost Lager,7.23,94,679.62
23/10/2022,5,King Crush,8.29,23,190.67
23/10/2022,6,Wingman Tro,7.55,6,45.3
23/10/2022,7,Grind Stout,7.86,39,306.54
23/10/2022,8,Juice Shack,8.31,44,365.64
23/10/2022,9,Rocky Road,8.4,57,478.8
23/10/2022,10,Wingman,8.34,87,725.58
23/10/2022,11,Arcade Made,8.82,10,88.2
23/10/2022,12,Punk IPA,7.81,88,687.28
23/10/2022,13,Hazy Jane,8.46,76,642.96
23/10/2022,14,Shore Leave,7.74,93,719.82
23/10/2022,15,Simcoe Solo,7.29,63,459.27
23/10/2022,16,Lucky Break,8.37,7,58.59
24/10/2022,1,Black Heart,8.56,73,624.88
24/10/2022,2,Fools Gold,8.07,50,403.5
24/10/2022,3,Cold Beer B,7.05,84,592.2
24/10/2022,4,Lost Lager,7.23,67,484.41
24/10/2022,5,King Crush,8.29,99,820.71
24/10/2022,6,Wingman Tro,7.55,73,551.15
24/10/2022,7,Grind Stout,7.86,72,565.92
24/10/2022,8,Juice Shack,8.31,100,831
24/10/2022,9,Rocky Road,8.4,26,218.4
24/10/2022,10,Wingman,8.34,4,33.36
24/10/2022,11,Arcade Made,8.82,24,211.68
24/10/2022,12,Punk IPA,7.81,91,710.71
24/10/2022,13,Hazy Jane,8.46,89,752.94
24/10/2022,14,Shore Leave,7.74,42,325.08
24/10/2022,15,Simcoe Solo,7.29,77,561.33
24/10/2022,16,Lucky Break,8.37,93,778.41
25/10/2022,1,Black Heart,8.56,66,564.96
25/10/2022,2,Fools Gold,8.07,65,524.55
25/10/2022,3,Cold Beer B,7.05,57,401.85
25/10/2022,4,Lost Lager,7.23,78,563.94
25/10/2022,5,King Crush,8.29,32,265.28
25/10/2022,6,Wingman Tro,7.55,77,581.35
25/10/2022,7,Grind Stout,7.86,53,416.58
25/10/2022,8,Juice Shack,8.31,28,232.68
25/10/2022,9,Rocky Road,8.4,15,126
25/10/2022,10,Wingman,8.34,95,792.3
25/10/2022,11,Arcade Made,8.82,34,299.88
25/10/2022,12,Punk IPA,7.81,8,62.48
25/10/2022,13,Hazy Jane,8.46,57,482.22
25/10/2022,14,Shore Leave,7.74,76,588.24
25/10/2022,15,Simcoe Solo,7.29,76,554.04
25/10/2022,16,Lucky Break,8.37,61,510.57
26/10/2022,1,Black Heart,8.56,26,222.56
26/10/2022,2,Fools Gold,8.07,38,306.66
26/10/2022,3,Cold Beer B,7.05,13,91.65
26/10/2022,4,Lost Lager,7.23,75,542.25
26/10/2022,5,King Crush,8.29,60,497.4
26/10/2022,6,Wingman Tro,7.55,43,324.65
26/10/2022,7,Grind Stout,7.86,74,581.64
26/10/2022,8,Juice Shack,8.31,35,290.85
26/10/2022,9,Rocky Road,8.4,28,235.2
26/10/2022,10,Wingman,8.34,78,650.52
26/10/2022,11,Arcade Made,8.82,28,246.96
26/10/2022,12,Punk IPA,7.81,61,476.41
26/10/2022,13,Hazy Jane,8.46,57,482.22
26/10/2022,14,Shore Leave,7.74,91,704.34
26/10/2022,15,Simcoe Solo,7.29,92,670.68
26/10/2022,16,Lucky Break,8.37,76,636.12
27/10/2022,1,Black Heart,8.56,97,830.32
27/10/2022,2,Fools Gold,8.07,77,621.39
27/10/2022,3,Cold Beer B,7.05,91,641.55
27/10/2022,4,Lost Lager,7.23,90,650.7
27/10/2022,5,King Crush,8.29,20,165.8
27/10/2022,6,Wingman Tro,7.55,92,694.6
27/10/2022,7,Grind Stout,7.86,16,125.76
27/10/2022,8,Juice Shack,8.31,67,556.77
27/10/2022,9,Rocky Road,8.4,11,92.4
27/10/2022,10,Wingman,8.34,22,183.48
27/10/2022,11,Arcade Made,8.82,94,829.08
27/10/2022,12,Punk IPA,7.81,81,632.61
27/10/2022,13,Hazy Jane,8.46,55,465.3
27/10/2022,14,Shore Leave,7.74,97,750.78
27/10/2022,15,Simcoe Solo,7.29,70,510.3
27/10/2022,16,Lucky Break,8.37,72,602.64
28/10/2022,1,Black Heart,8.56,90,770.4
28/10/2022,2,Fools Gold,8.07,17,137.19
28/10/2022,3,Cold Beer B,7.05,71,500.55
28/10/2022,4,Lost Lager,7.23,9,65.07
28/10/2022,5,King Crush,8.29,81,671.49
28/10/2022,6,Wingman Tro,7.55,17,128.35
28/10/2022,7,Grind Stout,7.86,0,0
28/10/2022,8,Juice Shack,8.31,96,797.76
28/10/2022,9,Rocky Road,8.4,57,478.8
28/10/2022,10,Wingman,8.34,21,175.14
28/10/2022,11,Arcade Made,8.82,11,97.02
28/10/2022,12,Punk IPA,7.81,81,632.61
28/10/2022,13,Hazy Jane,8.46,82,693.72
28/10/2022,14,Shore Leave,7.74,46,356.04
28/10/2022,15,Simcoe Solo,7.29,94,685.26
28/10/2022,16,Lucky Break,8.37,60,502.2
29/10/2022,1,Black Heart,8.56,70,599.2
29/10/2022,2,Fools Gold,8.07,35,282.45
29/10/2022,3,Cold Beer B,7.05,47,331.35
29/10/2022,4,Lost Lager,7.23,51,368.73
29/10/2022,5,King Crush,8.29,52,431.08
29/10/2022,6,Wingman Tro,7.55,35,264.25
29/10/2022,7,Grind Stout,7.86,44,345.84
29/10/2022,8,Juice Shack,8.31,80,664.8
29/10/2022,9,Rocky Road,8.4,11,92.4
29/10/2022,10,Wingman,8.34,92,767.28
29/10/2022,11,Arcade Made,8.82,42,370.44
29/10/2022,12,Punk IPA,7.81,100,781
29/10/2022,13,Hazy Jane,8.46,76,642.96
29/10/2022,14,Shore Leave,7.74,0,0
29/10/2022,15,Simcoe Solo,7.29,98,714.42
29/10/2022,16,Lucky Break,8.37,35,292.95
30/10/2022,1,Black Heart,8.56,22,188.32
30/10/2022,2,Fools Gold,8.07,7,56.49
30/10/2022,3,Cold Beer B,7.05,8,56.4
30/10/2022,4,Lost Lager,7.23,99,715.77
30/10/2022,5,King Crush,8.29,97,804.13
30/10/2022,6,Wingman Tro,7.55,94,709.7
30/10/2022,7,Grind Stout,7.86,87,683.82
30/10/2022,8,Juice Shack,8.31,85,706.35
30/10/2022,9,Rocky Road,8.4,86,722.4
30/10/2022,10,Wingman,8.34,42,350.28
30/10/2022,11,Arcade Made,8.82,3,26.46
30/10/2022,12,Punk IPA,7.81,3,23.43
30/10/2022,13,Hazy Jane,8.46,52,439.92
30/10/2022,14,Shore Leave,7.74,40,309.6
30/10/2022,15,Simcoe Solo,7.29,2,14.58
30/10/2022,16,Lucky Break,8.37,85,711.45
31/10/2022,1,Black Heart,8.56,4,34.24
31/10/2022,2,Fools Gold,8.07,41,330.87
31/10/2022,3,Cold Beer B,7.05,98,690.9
31/10/2022,4,Lost Lager,7.23,51,368.73
31/10/2022,5,King Crush,8.29,8,66.32
31/10/2022,6,Wingman Tro,7.55,19,143.45
31/10/2022,7,Grind Stout,7.86,21,165.06
31/10/2022,8,Juice Shack,8.31,80,664.8
31/10/2022,9,Rocky Road,8.4,18,151.2
31/10/2022,10,Wingman,8.34,62,517.08
31/10/2022,11,Arcade Made,8.82,64,564.48
31/10/2022,12,Punk IPA,7.81,49,382.69
31/10/2022,13,Hazy Jane,8.46,2,16.92
31/10/2022,14,Shore Leave,7.74,0,0
31/10/2022,15,Simcoe Solo,7.29,87,634.23
31/10/2022,16,Lucky Break,8.37,5,41.85
01/11/2022,1,Black Heart,8.56,75,642
01/11/2022,2,Fools Gold,8.07,18,145.26
01/11/2022,3,Cold Beer B,7.05,46,324.3
01/11/2022,4,Lost Lager,7.23,14,101.22
01/11/2022,5,King Crush,8.29,67,555.43
01/11/2022,6,Wingman Tro,7.55,57,430.35
01/11/2022,7,Grind Stout,7.86,40,314.4
01/11/2022,8,Juice Shack,8.31,64,531.84
01/11/2022,9,Rocky Road,8.4,22,184.8
01/11/2022,10,Wingman,8.34,32,266.88
01/11/2022,11,Arcade Made,8.82,36,317.52
01/11/2022,12,Punk IPA,7.81,15,117.15
01/11/2022,13,Hazy Jane,8.46,10,84.6
01/11/2022,14,Shore Leave,7.74,4,30.96
01/11/2022,15,Simcoe Solo,7.29,22,160.38
01/11/2022,16,Lucky Break,8.37,81,677.97
02/11/2022,1,Black Heart,8.56,71,607.76
02/11/2022,2,Fools Gold,8.07,50,403.5
02/11/2022,3,Cold Beer B,7.05,29,204.45
02/11/2022,4,Lost Lager,7.23,83,600.09
02/11/2022,5,King Crush,8.29,83,688.07
02/11/2022,6,Wingman Tro,7.55,47,354.85
02/11/2022,7,Grind Stout,7.86,18,141.48
02/11/2022,8,Juice Shack,8.31,20,166.2
02/11/2022,9,Rocky Road,8.4,100,840
02/11/2022,10,Wingman,8.34,4,33.36
02/11/2022,11,Arcade Made,8.82,23,202.86
02/11/2022,12,Punk IPA,7.81,46,359.26
02/11/2022,13,Hazy Jane,8.46,55,465.3
02/11/2022,14,Shore Leave,7.74,22,170.28
02/11/2022,15,Simcoe Solo,7.29,15,109.35
02/11/2022,16,Lucky Break,8.37,4,33.48
03/11/2022,1,Black Heart,8.56,59,505.04
03/11/2022,2,Fools Gold,8.07,14,112.98
03/11/2022,3,Cold Beer B,7.05,38,267.9
03/11/2022,4,Lost Lager,7.23,53,383.19
03/11/2022,5,King Crush,8.29,59,489.11
03/11/2022,6,Wingman Tro,7.55,85,641.75
03/11/2022,7,Grind Stout,7.86,93,730.98
03/11/2022,8,Juice Shack,8.31,64,531.84
03/11/2022,9,Rocky Road,8.4,84,705.6
03/11/2022,10,Wingman,8.34,68,567.12
03/11/2022,11,Arcade Made,8.82,41,361.62
03/11/2022,12,Punk IPA,7.81,67,523.27
03/11/2022,13,Hazy Jane,8.46,95,803.7
03/11/2022,14,Shore Leave,7.74,72,557.28
03/11/2022,15,Simcoe Solo,7.29,52,379.08
03/11/2022,16,Lucky Break,8.37,71,594.27
04/11/2022,1,Black Heart,8.56,95,813.2
04/11/2022,2,Fools Gold,8.07,80,645.6
04/11/2022,3,Cold Beer B,7.05,57,401.85
04/11/2022,4,Lost Lager,7.23,78,563.94
04/11/2022,5,King Crush,8.29,59,489.11
04/11/2022,6,Wingman Tro,7.55,14,105.7
04/11/2022,7,Grind Stout,7.86,10,78.6
04/11/2022,8,Juice Shack,8.31,80,664.8
04/11/2022,9,Rocky Road,8.4,37,310.8
04/11/2022,10,Wingman,8.34,77,642.18
04/11/2022,11,Arcade Made,8.82,15,132.3
04/11/2022,12,Punk IPA,7.81,34,265.54
04/11/2022,13,Hazy Jane,8.46,48,406.08
04/11/2022,14,Shore Leave,7.74,18,139.32
04/11/2022,15,Simcoe Solo,7.29,5,36.45
04/11/2022,16,Lucky Break,8.37,16,133.92
05/11/2022,1,Black Heart,8.56,59,505.04
05/11/2022,2,Fools Gold,8.07,8,64.56
05/11/2022,3,Cold Beer B,7.05,74,521.7
05/11/2022,4,Lost Lager,7.23,61,441.03
05/11/2022,5,King Crush,8.29,5,41.45
05/11/2022,6,Wingman Tro,7.55,29,218.95
05/11/2022,7,Grind Stout,7.86,95,746.7
05/11/2022,8,Juice Shack,8.31,100,831
05/11/2022,9,Rocky Road,8.4,71,596.4
05/11/2022,10,Wingman,8.34,15,125.1
05/11/2022,11,Arcade Made,8.82,52,458.64
05/11/2022,12,Punk IPA,7.81,46,359.26
05/11/2022,13,Hazy Jane,8.46,59,499.14
05/11/2022,14,Shore Leave,7.74,23,178.02
05/11/2022,15,Simcoe Solo,7.29,94,685.26
05/11/2022,16,Lucky Break,8.37,70,585.9
06/11/2022,1,Black Heart,8.56,51,436.56
06/11/2022,2,Fools Gold,8.07,94,758.58
06/11/2022,3,Cold Beer B,7.05,24,169.2
06/11/2022,4,Lost Lager,7.23,23,166.29
06/11/2022,5,King Crush,8.29,98,812.42
06/11/2022,6,Wingman Tro,7.55,32,241.6
06/11/2022,7,Grind Stout,7.86,56,440.16
06/11/2022,8,Juice Shack,8.31,6,49.86
06/11/2022,9,Rocky Road,8.4,3,25.2
06/11/2022,10,Wingman,8.34,48,400.32
06/11/2022,11,Arcade Made,8.82,19,167.58
06/11/2022,12,Punk IPA,7.81,53,413.93
06/11/2022,13,Hazy Jane,8.46,37,313.02
06/11/2022,14,Shore Leave,7.74,82,634.68
06/11/2022,15,Simcoe Solo,7.29,72,524.88
06/11/2022,16,Lucky Break,8.37,17,142.29
07/11/2022,1,Black Heart,8.56,71,607.76
07/11/2022,2,Fools Gold,8.07,70,564.9
07/11/2022,3,Cold Beer B,7.05,61,430.05
07/11/2022,4,Lost Lager,7.23,45,325.35
07/11/2022,5,King Crush,8.29,64,530.56
07/11/2022,6,Wingman Tro,7.55,39,294.45
07/11/2022,7,Grind Stout,7.86,52,408.72
07/11/2022,8,Juice Shack,8.31,18,149.58
07/11/2022,9,Rocky Road,8.4,69,579.6
07/11/2022,10,Wingman,8.34,25,208.5
07/11/2022,11,Arcade Made,8.82,80,705.6
07/11/2022,12,Punk IPA,7.81,0,0
07/11/2022,13,Hazy Jane,8.46,81,685.26
07/11/2022,14,Shore Leave,7.74,5,38.7
07/11/2022,15,Simcoe Solo,7.29,19,138.51
07/11/2022,16,Lucky Break,8.37,90,753.3
08/11/2022,1,Black Heart,8.56,60,513.6
08/11/2022,2,Fools Gold,8.07,17,137.19
08/11/2022,3,Cold Beer B,7.05,26,183.3
08/11/2022,4,Lost Lager,7.23,40,289.2
08/11/2022,5,King Crush,8.29,57,472.53
08/11/2022,6,Wingman Tro,7.55,11,83.05
08/11/2022,7,Grind Stout,7.86,77,605.22
08/11/2022,8,Juice Shack,8.31,43,357.33
08/11/2022,9,Rocky Road,8.4,8,67.2
08/11/2022,10,Wingman,8.34,48,400.32
08/11/2022,11,Arcade Made,8.82,30,264.6
08/11/2022,12,Punk IPA,7.81,29,226.49
08/11/2022,13,Hazy Jane,8.46,37,313.02
08/11/2022,14,Shore Leave,7.74,83,642.42
08/11/2022,15,Simcoe Solo,7.29,33,240.57
08/11/2022,16,Lucky Break,8.37,53,443.61
09/11/2022,1,Black Heart,8.56,35,299.6
09/11/2022,2,Fools Gold,8.07,40,322.8
09/11/2022,3,Cold Beer B,7.05,97,683.85
09/11/2022,4,Lost Lager,7.23,70,506.1
09/11/2022,5,King Crush,8.29,1,8.29
09/11/2022,6,Wingman Tro,7.55,5,37.75
09/11/2022,7,Grind Stout,7.86,34,267.24
09/11/2022,8,Juice Shack,8.31,63,523.53
09/11/2022,9,Rocky Road,8.4,93,781.2
09/11/2022,10,Wingman,8.34,4,33.36
09/11/2022,11,Arcade Made,8.82,25,220.5
09/11/2022,12,Punk IPA,7.81,56,437.36
09/11/2022,13,Hazy Jane,8.46,14,118.44
09/11/2022,14,Shore Leave,7.74,79,611.46
09/11/2022,15,Simcoe Solo,7.29,64,466.56
09/11/2022,16,Lucky Break,8.37,71,594.27
10/11/2022,1,Black Heart,8.56,71,607.76
10/11/2022,2,Fools Gold,8.07,31,250.17
10/11/2022,3,Cold Beer B,7.05,91,641.55
10/11/2022,4,Lost Lager,7.23,58,419.34
10/11/2022,5,King Crush,8.29,8,66.32
10/11/2022,6,Wingman Tro,7.55,47,354.85
10/11/2022,7,Grind Stout,7.86,98,770.28
10/11/2022,8,Juice Shack,8.31,99,822.69
10/11/2022,9,Rocky Road,8.4,9,75.6
10/11/2022,10,Wingman,8.34,74,617.16
10/11/2022,11,Arcade Made,8.82,26,229.32
10/11/2022,12,Punk IPA,7.81,37,288.97
10/11/2022,13,Hazy Jane,8.46,31,262.26
10/11/2022,14,Shore Leave,7.74,90,696.6
10/11/2022,15,Simcoe Solo,7.29,97,707.13
10/11/2022,16,Lucky Break,8.37,20,167.4
11/11/2022,1,Black Heart,8.56,31,265.36
11/11/2022,2,Fools Gold,8.07,47,379.29
11/11/2022,3,Cold Beer B,7.05,86,606.3
11/11/2022,4,Lost Lager,7.23,1,7.23
11/11/2022,5,King Crush,8.29,76,630.04
11/11/2022,6,Wingman Tro,7.55,3,22.65
11/11/2022,7,Grind Stout,7.86,92,723.12
11/11/2022,8,Juice Shack,8.31,35,290.85
11/11/2022,9,Rocky Road,8.4,14,117.6
11/11/2022,10,Wingman,8.34,45,375.3
11/11/2022,11,Arcade Made,8.82,57,502.74
11/11/2022,12,Punk IPA,7.81,5,39.05
11/11/2022,13,Hazy Jane,8.46,90,761.4
11/11/2022,14,Shore Leave,7.74,86,665.64
11/11/2022,15,Simcoe Solo,7.29,9,65.61
11/11/2022,16,Lucky Break,8.37,0,0
12/11/2022,1,Black Heart,8.56,7,59.92
12/11/2022,2,Fools Gold,8.07,36,290.52
12/11/2022,3,Cold Beer B,7.05,1,7.05
12/11/2022,4,Lost Lager,7.23,37,267.51
12/11/2022,5,King Crush,8.29,42,348.18
12/11/2022,6,Wingman Tro,7.55,62,468.1
12/11/2022,7,Grind Stout,7.86,52,408.72
12/11/2022,8,Juice Shack,8.31,60,498.6
12/11/2022,9,Rocky Road,8.4,19,159.6
12/11/2022,10,Wingman,8.34,81,675.54
12/11/2022,11,Arcade Made,8.82,58,511.56
12/11/2022,12,Punk IPA,7.81,100,781
12/11/2022,13,Hazy Jane,8.46,60,507.6
12/11/2022,14,Shore Leave,7.74,24,185.76
12/11/2022,15,Simcoe Solo,7.29,22,160.38
12/11/2022,16,Lucky Break,8.37,87,728.19
13/11/2022,1,Black Heart,8.56,52,445.12
13/11/2022,2,Fools Gold,8.07,80,645.6
13/11/2022,3,Cold Beer B,7.05,19,133.95
13/11/2022,4,Lost Lager,7.23,79,571.17
13/11/2022,5,King Crush,8.29,9,74.61
13/11/2022,6,Wingman Tro,7.55,81,611.55
13/11/2022,7,Grind Stout,7.86,58,455.88
13/11/2022,8,Juice Shack,8.31,2,16.62
13/11/2022,9,Rocky Road,8.4,76,638.4
13/11/2022,10,Wingman,8.34,32,266.88
13/11/2022,11,Arcade Made,8.82,78,687.96
13/11/2022,12,Punk IPA,7.81,43,335.83
13/11/2022,13,Hazy Jane,8.46,28,236.88
13/11/2022,14,Shore Leave,7.74,14,108.36
13/11/2022,15,Simcoe Solo,7.29,55,400.95
13/11/2022,16,Lucky Break,8.37,92,770.04
14/11/2022,1,Black Heart,8.56,30,256.8
14/11/2022,2,Fools Gold,8.07,56,451.92
14/11/2022,3,Cold Beer B,7.05,88,620.4
14/11/2022,4,Lost Lager,7.23,60,433.8
14/11/2022,5,King Crush,8.29,2,16.58
14/11/2022,6,Wingman Tro,7.55,42,317.1
14/11/2022,7,Grind Stout,7.86,60,471.6
14/11/2022,8,Juice Shack,8.31,68,565.08
14/11/2022,9,Rocky Road,8.4,78,655.2
14/11/2022,10,Wingman,8.34,38,316.92
14/11/2022,11,Arcade Made,8.82,76,670.32
14/11/2022,12,Punk IPA,7.81,41,320.21
14/11/2022,13,Hazy Jane,8.46,66,558.36
14/11/2022,14,Shore Leave,7.74,62,479.88
14/11/2022,15,Simcoe Solo,7.29,13,94.77
14/11/2022,16,Lucky Break,8.37,52,435.24
15/11/2022,1,Black Heart,8.56,6,51.36
15/11/2022,2,Fools Gold,8.07,47,379.29
15/11/2022,3,Cold Beer B,7.05,7,49.35
15/11/2022,4,Lost Lager,7.23,100,723
15/11/2022,5,King Crush,8.29,68,563.72
15/11/2022,6,Wingman Tro,7.55,43,324.65
15/11/2022,7,Grind Stout,7.86,99,778.14
15/11/2022,8,Juice Shack,8.31,54,448.74
15/11/2022,9,Rocky Road,8.4,10,84
15/11/2022,10,Wingman,8.34,78,650.52
15/11/2022,11,Arcade Made,8.82,14,123.48
15/11/2022,12,Punk IPA,7.81,82,640.42
15/11/2022,13,Hazy Jane,8.46,67,566.82
15/11/2022,14,Shore Leave,7.74,65,503.1
15/11/2022,15,Simcoe Solo,7.29,63,459.27
15/11/2022,16,Lucky Break,8.37,64,535.68
16/11/2022,1,Black Heart,8.56,7,59.92
16/11/2022,2,Fools Gold,8.07,72,581.04
16/11/2022,3,Cold Beer B,7.05,57,401.85
16/11/2022,4,Lost Lager,7.23,84,607.32
16/11/2022,5,King Crush,8.29,49,406.21
16/11/2022,6,Wingman Tro,7.55,0,0
16/11/2022,7,Grind Stout,7.86,40,314.4
16/11/2022,8,Juice Shack,8.31,31,257.61
16/11/2022,9,Rocky Road,8.4,73,613.2
16/11/2022,10,Wingman,8.34,78,650.52
16/11/2022,11,Arcade Made,8.82,85,749.7
16/11/2022,12,Punk IPA,7.81,51,398.31
16/11/2022,13,Hazy Jane,8.46,52,439.92
16/11/2022,14,Shore Leave,7.74,32,247.68
16/11/2022,15,Simcoe Solo,7.29,2,14.58
16/11/2022,16,Lucky Break,8.37,2,16.74
17/11/2022,1,Black Heart,8.56,94,804.64
17/11/2022,2,Fools Gold,8.07,33,266.31
17/11/2022,3,Cold Beer B,7.05,32,225.6
17/11/2022,4,Lost Lager,7.23,93,672.39
17/11/2022,5,King Crush,8.29,15,124.35
17/11/2022,6,Wingman Tro,7.55,52,392.6
17/11/2022,7,Grind Stout,7.86,51,400.86
17/11/2022,8,Juice Shack,8.31,50,415.5
17/11/2022,9,Rocky Road,8.4,22,184.8
17/11/2022,10,Wingman,8.34,25,208.5
17/11/2022,11,Arcade Made,8.82,89,784.98
17/11/2022,12,Punk IPA,7.81,88,687.28
17/11/2022,13,Hazy Jane,8.46,97,820.62
17/11/2022,14,Shore Leave,7.74,28,216.72
17/11/2022,15,Simcoe Solo,7.29,91,663.39
17/11/2022,16,Lucky Break,8.37,59,493.83
18/11/2022,1,Black Heart,8.56,79,676.24
18/11/2022,2,Fools Gold,8.07,67,540.69
18/11/2022,3,Cold Beer B,7.05,22,155.1
18/11/2022,4,Lost Lager,7.23,92,665.16
18/11/2022,5,King Crush,8.29,1,8.29
18/11/2022,6,Wingman Tro,7.55,100,755
18/11/2022,7,Grind Stout,7.86,91,715.26
18/11/2022,8,Juice Shack,8.31,59,490.29
18/11/2022,9,Rocky Road,8.4,76,638.4
18/11/2022,10,Wingman,8.34,4,33.36
18/11/2022,11,Arcade Made,8.82,62,546.84
18/11/2022,12,Punk IPA,7.81,19,148.39
18/11/2022,13,Hazy Jane,8.46,39,329.94
18/11/2022,14,Shore Leave,7.74,30,232.2
18/11/2022,15,Simcoe Solo,7.29,61,444.69
18/11/2022,16,Lucky Break,8.37,60,502.2
19/11/2022,1,Black Heart,8.56,80,684.8
19/11/2022,2,Fools Gold,8.07,88,710.16
19/11/2022,3,Cold Beer B,7.05,94,662.7
19/11/2022,4,Lost Lager,7.23,14,101.22
19/11/2022,5,King Crush,8.29,58,480.82
19/11/2022,6,Wingman Tro,7.55,30,226.5
19/11/2022,7,Grind Stout,7.86,82,644.52
19/11/2022,8,Juice Shack,8.31,71,590.01
19/11/2022,9,Rocky Road,8.4,80,672
19/11/2022,10,Wingman,8.34,62,517.08
19/11/2022,11,Arcade Made,8.82,80,705.6
19/11/2022,12,Punk IPA,7.81,25,195.25
19/11/2022,13,Hazy Jane,8.46,42,355.32
19/11/2022,14,Shore Leave,7.74,27,208.98
19/11/2022,15,Simcoe Solo,7.29,85,619.65
19/11/2022,16,Lucky Break,8.37,38,318.06
20/11/2022,1,Black Heart,8.56,86,736.16
20/11/2022,2,Fools Gold,8.07,49,395.43
20/11/2022,3,Cold Beer B,7.05,17,119.85
20/11/2022,4,Lost Lager,7.23,38,274.74
20/11/2022,5,King Crush,8.29,47,389.63
20/11/2022,6,Wingman Tro,7.55,21,158.55
20/11/2022,7,Grind Stout,7.86,53,416.58
20/11/2022,8,Juice Shack,8.31,46,382.26
20/11/2022,9,Rocky Road,8.4,88,739.2
20/11/2022,10,Wingman,8.34,44,366.96
20/11/2022,11,Arcade Made,8.82,30,264.6
20/11/2022,12,Punk IPA,7.81,34,265.54
20/11/2022,13,Hazy Jane,8.46,13,109.98
20/11/2022,14,Shore Leave,7.74,90,696.6
20/11/2022,15,Simcoe Solo,7.29,28,204.12
20/11/2022,16,Lucky Break,8.37,41,343.17
21/11/2022,1,Black Heart,8.56,25,214
21/11/2022,2,Fools Gold,8.07,100,807
21/11/2022,3,Cold Beer B,7.05,48,338.4
21/11/2022,4,Lost Lager,7.23,11,79.53
21/11/2022,5,King Crush,8.29,2,16.58
21/11/2022,6,Wingman Tro,7.55,37,279.35
21/11/2022,7,Grind Stout,7.86,89,699.54
21/11/2022,8,Juice Shack,8.31,14,116.34
21/11/2022,9,Rocky Road,8.4,2,16.8
21/11/2022,10,Wingman,8.34,71,592.14
21/11/2022,11,Arcade Made,8.82,37,326.34
21/11/2022,12,Punk IPA,7.81,37,288.97
21/11/2022,13,Hazy Jane,8.46,87,736.02
21/11/2022,14,Shore Leave,7.74,71,549.54
21/11/2022,15,Simcoe Solo,7.29,1,7.29
21/11/2022,16,Lucky Break,8.37,20,167.4
22/11/2022,1,Black Heart,8.56,63,539.28
22/11/2022,2,Fools Gold,8.07,2,16.14
22/11/2022,3,Cold Beer B,7.05,18,126.9
22/11/2022,4,Lost Lager,7.23,47,339.81
22/11/2022,5,King Crush,8.29,47,389.63
22/11/2022,6,Wingman Tro,7.55,45,339.75
22/11/2022,7,Grind Stout,7.86,54,424.44
22/11/2022,8,Juice Shack,8.31,59,490.29
22/11/2022,9,Rocky Road,8.4,87,730.8
22/11/2022,10,Wingman,8.34,72,600.48
22/11/2022,11,Arcade Made,8.82,84,740.88
22/11/2022,12,Punk IPA,7.81,57,445.17
22/11/2022,13,Hazy Jane,8.46,37,313.02
22/11/2022,14,Shore Leave,7.74,0,0
22/11/2022,15,Simcoe Solo,7.29,43,313.47
22/11/2022,16,Lucky Break,8.37,4,33.48
23/11/2022,1,Black Heart,8.56,57,487.92
23/11/2022,2,Fools Gold,8.07,96,774.72
23/11/2022,3,Cold Beer B,7.05,98,690.9
23/11/2022,4,Lost Lager,7.23,46,332.58
23/11/2022,5,King Crush,8.29,70,580.3
23/11/2022,6,Wingman Tro,7.55,7,52.85
23/11/2022,7,Grind Stout,7.86,0,0
23/11/2022,8,Juice Shack,8.31,14,116.34
23/11/2022,9,Rocky Road,8.4,3,25.2
23/11/2022,10,Wingman,8.34,23,191.82
23/11/2022,11,Arcade Made,8.82,86,758.52
23/11/2022,12,Punk IPA,7.81,37,288.97
23/11/2022,13,Hazy Jane,8.46,5,42.3
23/11/2022,14,Shore Leave,7.74,77,595.98
23/11/2022,15,Simcoe Solo,7.29,66,481.14
23/11/2022,16,Lucky Break,8.37,35,292.95
24/11/2022,1,Black Heart,8.56,24,205.44
24/11/2022,2,Fools Gold,8.07,81,653.67
24/11/2022,3,Cold Beer B,7.05,60,423
24/11/2022,4,Lost Lager,7.23,58,419.34
24/11/2022,5,King Crush,8.29,91,754.39
24/11/2022,6,Wingman Tro,7.55,90,679.5
24/11/2022,7,Grind Stout,7.86,50,393
24/11/2022,8,Juice Shack,8.31,70,581.7
24/11/2022,9,Rocky Road,8.4,79,663.6
24/11/2022,10,Wingman,8.34,59,492.06
24/11/2022,11,Arcade Made,8.82,26,229.32
24/11/2022,12,Punk IPA,7.81,41,320.21
24/11/2022,13,Hazy Jane,8.46,25,211.5
24/11/2022,14,Shore Leave,7.74,87,673.38
24/11/2022,15,Simcoe Solo,7.29,59,430.11
24/11/2022,16,Lucky Break,8.37,68,569.16
25/11/2022,1,Black Heart,8.56,9,77.04
25/11/2022,2,Fools Gold,8.07,23,185.61
25/11/2022,3,Cold Beer B,7.05,64,451.2
25/11/2022,4,Lost Lager,7.23,78,563.94
25/11/2022,5,King Crush,8.29,49,406.21
25/11/2022,6,Wingman Tro,7.55,81,611.55
25/11/2022,7,Grind Stout,7.86,14,110.04
25/11/2022,8,Juice Shack,8.31,36,299.16
25/11/2022,9,Rocky Road,8.4,14,117.6
25/11/2022,10,Wingman,8.34,37,308.58
25/11/2022,11,Arcade Made,8.82,9,79.38
25/11/2022,12,Punk IPA,7.81,12,93.72
25/11/2022,13,Hazy Jane,8.46,24,203.04
25/11/2022,14,Shore Leave,7.74,77,595.98
25/11/2022,15,Simcoe Solo,7.29,71,517.59
25/11/2022,16,Lucky Break,8.37,1,8.37
26/11/2022,1,Black Heart,8.56,40,342.4
26/11/2022,2,Fools Gold,8.07,99,798.93
26/11/2022,3,Cold Beer B,7.05,67,472.35
26/11/2022,4,Lost Lager,7.23,52,375.96
26/11/2022,5,King Crush,8.29,43,356.47
26/11/2022,6,Wingman Tro,7.55,68,513.4
26/11/2022,7,Grind Stout,7.86,1,7.86
26/11/2022,8,Juice Shack,8.31,89,739.59
26/11/2022,9,Rocky Road,8.4,29,243.6
26/11/2022,10,Wingman,8.34,46,383.64
26/11/2022,11,Arcade Made,8.82,75,661.5
26/11/2022,12,Punk IPA,7.81,0,0
26/11/2022,13,Hazy Jane,8.46,63,532.98
26/11/2022,14,Shore Leave,7.74,96,743.04
26/11/2022,15,Simcoe Solo,7.29,83,605.07
26/11/2022,16,Lucky Break,8.37,61,510.57
27/11/2022,1,Black Heart,8.56,100,856
27/11/2022,2,Fools Gold,8.07,52,419.64
27/11/2022,3,Cold Beer B,7.05,69,486.45
27/11/2022,4,Lost Lager,7.23,14,101.22
27/11/2022,5,King Crush,8.29,51,422.79
27/11/2022,6,Wingman Tro,7.55,58,437.9
27/11/2022,7,Grind Stout,7.86,87,683.82
27/11/2022,8,Juice Shack,8.31,67,556.77
27/11/2022,9,Rocky Road,8.4,86,722.4
27/11/2022,10,Wingman,8.34,76,633.84
27/11/2022,11,Arcade Made,8.82,73,643.86
27/11/2022,12,Punk IPA,7.81,89,695.09
27/11/2022,13,Hazy Jane,8.46,81,685.26
27/11/2022,14,Shore Leave,7.74,61,472.14
27/11/2022,15,Simcoe Solo,7.29,100,729
27/11/2022,16,Lucky Break,8.37,10,83.7
28/11/2022,1,Black Heart,8.56,10,85.6
28/11/2022,2,Fools Gold,8.07,85,685.95
28/11/2022,3,Cold Beer B,7.05,89,627.45
28/11/2022,4,Lost Lager,7.23,78,563.94
28/11/2022,5,King Crush,8.29,4,33.16
28/11/2022,6,Wingman Tro,7.55,73,551.15
28/11/2022,7,Grind Stout,7.86,100,786
28/11/2022,8,Juice Shack,8.31,4,33.24
28/11/2022,9,Rocky Road,8.4,36,302.4
28/11/2022,10,Wingman,8.34,76,633.84
28/11/2022,11,Arcade Made,8.82,7,61.74
28/11/2022,12,Punk IPA,7.81,80,624.8
28/11/2022,13,Hazy Jane,8.46,83,702.18
28/11/2022,14,Shore Leave,7.74,14,108.36
28/11/2022,15,Simcoe Solo,7.29,98,714.42
28/11/2022,16,Lucky Break,8.37,68,569.16
29/11/2022,1,Black Heart,8.56,42,359.52
29/11/2022,2,Fools Gold,8.07,10,80.7
29/11/2022,3,Cold Beer B,7.05,77,542.85
29/11/2022,4,Lost Lager,7.23,33,238.59
29/11/2022,5,King Crush,8.29,54,447.66
29/11/2022,6,Wingman Tro,7.55,19,143.45
29/11/2022,7,Grind Stout,7.86,56,440.16
29/11/2022,8,Juice Shack,8.31,49,407.19
29/11/2022,9,Rocky Road,8.4,27,226.8
29/11/2022,10,Wingman,8.34,52,433.68
29/11/2022,11,Arcade Made,8.82,27,238.14
29/11/2022,12,Punk IPA,7.81,7,54.67
29/11/2022,13,Hazy Jane,8.46,51,431.46
29/11/2022,14,Shore Leave,7.74,90,696.6
29/11/2022,15,Simcoe Solo,7.29,57,415.53
29/11/2022,16,Lucky Break,8.37,100,837
30/11/2022,1,Black Heart,8.56,62,530.72
30/11/2022,2,Fools Gold,8.07,5,40.35
30/11/2022,3,Cold Beer B,7.05,71,500.55
30/11/2022,4,Lost Lager,7.23,31,224.13
30/11/2022,5,King Crush,8.29,0,0
30/11/2022,6,Wingman Tro,7.55,6,45.3
30/11/2022,7,Grind Stout,7.86,83,652.38
30/11/2022,8,Juice Shack,8.31,41,340.71
30/11/2022,9,Rocky Road,8.4,81,680.4
30/11/2022,10,Wingman,8.34,74,617.16
30/11/2022,11,Arcade Made,8.82,20,176.4
30/11/2022,12,Punk IPA,7.81,79,616.99
30/11/2022,13,Hazy Jane,8.46,12,101.52
30/11/2022,14,Shore Leave,7.74,46,356.04
30/11/2022,15,Simcoe Solo,7.29,31,225.99
30/11/2022,16,Lucky Break,8.37,53,443.61
01/12/2022,1,Black Heart,8.56,25,214
01/12/2022,2,Fools Gold,8.07,86,694.02
01/12/2022,3,Cold Beer B,7.05,24,169.2
01/12/2022,4,Lost Lager,7.23,89,643.47
01/12/2022,5,King Crush,8.29,23,190.67
01/12/2022,6,Wingman Tro,7.55,18,135.9
01/12/2022,7,Grind Stout,7.86,80,628.8
01/12/2022,8,Juice Shack,8.31,81,673.11
01/12/2022,9,Rocky Road,8.4,24,201.6
01/12/2022,10,Wingman,8.34,64,533.76
01/12/2022,11,Arcade Made,8.82,49,432.18
01/12/2022,12,Punk IPA,7.81,65,507.65
01/12/2022,13,Hazy Jane,8.46,42,355.32
01/12/2022,14,Shore Leave,7.74,85,657.9
01/12/2022,15,Simcoe Solo,7.29,75,546.75
01/12/2022,16,Lucky Break,8.37,90,753.3
02/12/2022,1,Black Heart,8.56,70,599.2
02/12/2022,2,Fools Gold,8.07,6,48.42
02/12/2022,3,Cold Beer B,7.05,91,641.55
02/12/2022,4,Lost Lager,7.23,47,339.81
02/12/2022,5,King Crush,8.29,30,248.7
02/12/2022,6,Wingman Tro,7.55,37,279.35
02/12/2022,7,Grind Stout,7.86,63,495.18
02/12/2022,8,Juice Shack,8.31,24,199.44
02/12/2022,9,Rocky Road,8.4,31,260.4
02/12/2022,10,Wingman,8.34,43,358.62
02/12/2022,11,Arcade Made,8.82,31,273.42
02/12/2022,12,Punk IPA,7.81,97,757.57
02/12/2022,13,Hazy Jane,8.46,96,812.16
02/12/2022,14,Shore Leave,7.74,40,309.6
02/12/2022,15,Simcoe Solo,7.29,58,422.82
02/12/2022,16,Lucky Break,8.37,67,560.79
03/12/2022,1,Black Heart,8.56,97,830.32
03/12/2022,2,Fools Gold,8.07,21,169.47
03/12/2022,3,Cold Beer B,7.05,86,606.3
03/12/2022,4,Lost Lager,7.23,51,368.73
03/12/2022,5,King Crush,8.29,100,829
03/12/2022,6,Wingman Tro,7.55,24,181.2
03/12/2022,7,Grind Stout,7.86,8,62.88
03/12/2022,8,Juice Shack,8.31,94,781.14
03/12/2022,9,Rocky Road,8.4,16,134.4
03/12/2022,10,Wingman,8.34,44,366.96
03/12/2022,11,Arcade Made,8.82,89,784.98
03/12/2022,12,Punk IPA,7.81,71,554.51
03/12/2022,13,Hazy Jane,8.46,19,160.74
03/12/2022,14,Shore Leave,7.74,82,634.68
03/12/2022,15,Simcoe Solo,7.29,81,590.49
03/12/2022,16,Lucky Break,8.37,14,117.18
04/12/2022,1,Black Heart,8.56,81,693.36
04/12/2022,2,Fools Gold,8.07,86,694.02
04/12/2022,3,Cold Beer B,7.05,6,42.3
04/12/2022,4,Lost Lager,7.23,81,585.63
04/12/2022,5,King Crush,8.29,8,66.32
04/12/2022,6,Wingman Tro,7.55,47,354.85
04/12/2022,7,Grind Stout,7.86,39,306.54
04/12/2022,8,Juice Shack,8.31,51,423.81
04/12/2022,9,Rocky Road,8.4,54,453.6
04/12/2022,10,Wingman,8.34,66,550.44
04/12/2022,11,Arcade Made,8.82,40,352.8
04/12/2022,12,Punk IPA,7.81,4,31.24
04/12/2022,13,Hazy Jane,8.46,11,93.06
04/12/2022,14,Shore Leave,7.74,7,54.18
04/12/2022,15,Simcoe Solo,7.29,8,58.32
04/12/2022,16,Lucky Break,8.37,28,234.36
05/12/2022,1,Black Heart,8.56,5,42.8
05/12/2022,2,Fools Gold,8.07,87,702.09
05/12/2022,3,Cold Beer B,7.05,9,63.45
05/12/2022,4,Lost Lager,7.23,68,491.64
05/12/2022,5,King Crush,8.29,15,124.35
05/12/2022,6,Wingman Tro,7.55,9,67.95
05/12/2022,7,Grind Stout,7.86,0,0
05/12/2022,8,Juice Shack,8.31,44,365.64
05/12/2022,9,Rocky Road,8.4,50,420
05/12/2022,10,Wingman,8.34,24,200.16
05/12/2022,11,Arcade Made,8.82,7,61.74
05/12/2022,12,Punk IPA,7.81,43,335.83
05/12/2022,13,Hazy Jane,8.46,45,380.7
05/12/2022,14,Shore Leave,7.74,95,735.3
05/12/2022,15,Simcoe Solo,7.29,97,707.13
05/12/2022,16,Lucky Break,8.37,87,728.19
06/12/2022,1,Black Heart,8.56,22,188.32
06/12/2022,2,Fools Gold,8.07,17,137.19
06/12/2022,3,Cold Beer B,7.05,41,289.05
06/12/2022,4,Lost Lager,7.23,15,108.45
06/12/2022,5,King Crush,8.29,51,422.79
06/12/2022,6,Wingman Tro,7.55,56,422.8
06/12/2022,7,Grind Stout,7.86,88,691.68
06/12/2022,8,Juice Shack,8.31,27,224.37
06/12/2022,9,Rocky Road,8.4,61,512.4
06/12/2022,10,Wingman,8.34,14,116.76
06/12/2022,11,Arcade Made,8.82,9,79.38
06/12/2022,12,Punk IPA,7.81,59,460.79
06/12/2022,13,Hazy Jane,8.46,51,431.46
06/12/2022,14,Shore Leave,7.74,85,657.9
06/12/2022,15,Simcoe Solo,7.29,31,225.99
06/12/2022,16,Lucky Break,8.37,40,334.8
07/12/2022,1,Black Heart,8.56,11,94.16
07/12/2022,2,Fools Gold,8.07,12,96.84
07/12/2022,3,Cold Beer B,7.05,30,211.5
07/12/2022,4,Lost Lager,7.23,92,665.16
07/12/2022,5,King Crush,8.29,99,820.71
07/12/2022,6,Wingman Tro,7.55,22,166.1
07/12/2022,7,Grind Stout,7.86,12,94.32
07/12/2022,8,Juice Shack,8.31,36,299.16
07/12/2022,9,Rocky Road,8.4,21,176.4
07/12/2022,10,Wingman,8.34,97,808.98
07/12/2022,11,Arcade Made,8.82,13,114.66
07/12/2022,12,Punk IPA,7.81,86,671.66
07/12/2022,13,Hazy Jane,8.46,43,363.78
07/12/2022,14,Shore Leave,7.74,4,30.96
07/12/2022,15,Simcoe Solo,7.29,56,408.24
07/12/2022,16,Lucky Break,8.37,11,92.07
08/12/2022,1,Black Heart,8.56,79,676.24
08/12/2022,2,Fools Gold,8.07,96,774.72
08/12/2022,3,Cold Beer B,7.05,25,176.25
08/12/2022,4,Lost Lager,7.23,65,469.95
08/12/2022,5,King Crush,8.29,72,596.88
08/12/2022,6,Wingman Tro,7.55,52,392.6
08/12/2022,7,Grind Stout,7.86,90,707.4
08/12/2022,8,Juice Shack,8.31,70,581.7
08/12/2022,9,Rocky Road,8.4,41,344.4
08/12/2022,10,Wingman,8.34,79,658.86
08/12/2022,11,Arcade Made,8.82,59,520.38
08/12/2022,12,Punk IPA,7.81,13,101.53
08/12/2022,13,Hazy Jane,8.46,61,516.06
08/12/2022,14,Shore Leave,7.74,74,572.76
08/12/2022,15,Simcoe Solo,7.29,37,269.73
08/12/2022,16,Lucky Break,8.37,20,167.4
09/12/2022,1,Black Heart,8.56,44,376.64
09/12/2022,2,Fools Gold,8.07,12,96.84
09/12/2022,3,Cold Beer B,7.05,33,232.65
09/12/2022,4,Lost Lager,7.23,24,173.52
09/12/2022,5,King Crush,8.29,33,273.57
09/12/2022,6,Wingman Tro,7.55,81,611.55
09/12/2022,7,Grind Stout,7.86,49,385.14
09/12/2022,8,Juice Shack,8.31,47,390.57
09/12/2022,9,Rocky Road,8.4,16,134.4
09/12/2022,10,Wingman,8.34,5,41.7
09/12/2022,11,Arcade Made,8.82,91,802.62
09/12/2022,12,Punk IPA,7.81,86,671.66
09/12/2022,13,Hazy Jane,8.46,4,33.84
09/12/2022,14,Shore Leave,7.74,58,448.92
09/12/2022,15,Simcoe Solo,7.29,59,430.11
09/12/2022,16,Lucky Break,8.37,95,795.15
10/12/2022,1,Black Heart,8.56,23,196.88
10/12/2022,2,Fools Gold,8.07,54,435.78
10/12/2022,3,Cold Beer B,7.05,10,70.5
10/12/2022,4,Lost Lager,7.23,70,506.1
10/12/2022,5,King Crush,8.29,53,439.37
10/12/2022,6,Wingman Tro,7.55,71,536.05
10/12/2022,7,Grind Stout,7.86,47,369.42
10/12/2022,8,Juice Shack,8.31,12,99.72
10/12/2022,9,Rocky Road,8.4,92,772.8
10/12/2022,10,Wingman,8.34,21,175.14
10/12/2022,11,Arcade Made,8.82,74,652.68
10/12/2022,12,Punk IPA,7.81,47,367.07
10/12/2022,13,Hazy Jane,8.46,95,803.7
10/12/2022,14,Shore Leave,7.74,19,147.06
10/12/2022,15,Simcoe Solo,7.29,63,459.27
10/12/2022,16,Lucky Break,8.37,23,192.51
11/12/2022,1,Black Heart,8.56,39,333.84
11/12/2022,2,Fools Gold,8.07,40,322.8
11/12/2022,3,Cold Beer B,7.05,82,578.1
11/12/2022,4,Lost Lager,7.23,67,484.41
11/12/2022,5,King Crush,8.29,19,157.51
11/12/2022,6,Wingman Tro,7.55,97,732.35
11/12/2022,7,Grind Stout,7.86,29,227.94
11/12/2022,8,Juice Shack,8.31,68,565.08
11/12/2022,9,Rocky Road,8.4,52,436.8
11/12/2022,10,Wingman,8.34,22,183.48
11/12/2022,11,Arcade Made,8.82,13,114.66
11/12/2022,12,Punk IPA,7.81,77,601.37
11/12/2022,13,Hazy Jane,8.46,92,778.32
11/12/2022,14,Shore Leave,7.74,44,340.56
11/12/2022,15,Simcoe Solo,7.29,52,379.08
11/12/2022,16,Lucky Break,8.37,90,753.3
12/12/2022,1,Black Heart,8.56,85,727.6
12/12/2022,2,Fools Gold,8.07,7,56.49
12/12/2022,3,Cold Beer B,7.05,31,218.55
12/12/2022,4,Lost Lager,7.23,23,166.29
12/12/2022,5,King Crush,8.29,38,315.02
12/12/2022,6,Wingman Tro,7.55,10,75.5
12/12/2022,7,Grind Stout,7.86,6,47.16
12/12/2022,8,Juice Shack,8.31,57,473.67
12/12/2022,9,Rocky Road,8.4,70,588
12/12/2022,10,Wingman,8.34,89,742.26
12/12/2022,11,Arcade Made,8.82,44,388.08
12/12/2022,12,Punk IPA,7.81,30,234.3
12/12/2022,13,Hazy Jane,8.46,77,651.42
12/12/2022,14,Shore Leave,7.74,59,456.66
12/12/2022,15,Simcoe Solo,7.29,20,145.8
12/12/2022,16,Lucky Break,8.37,0,0
13/12/2022,1,Black Heart,8.56,40,342.4
13/12/2022,2,Fools Gold,8.07,22,177.54
13/12/2022,3,Cold Beer B,7.05,35,246.75
13/12/2022,4,Lost Lager,7.23,53,383.19
13/12/2022,5,King Crush,8.29,85,704.65
13/12/2022,6,Wingman Tro,7.55,44,332.2
13/12/2022,7,Grind Stout,7.86,8,62.88
13/12/2022,8,Juice Shack,8.31,81,673.11
13/12/2022,9,Rocky Road,8.4,99,831.6
13/12/2022,10,Wingman,8.34,1,8.34
13/12/2022,11,Arcade Made,8.82,35,308.7
13/12/2022,12,Punk IPA,7.81,45,351.45
13/12/2022,13,Hazy Jane,8.46,44,372.24
13/12/2022,14,Shore Leave,7.74,66,510.84
13/12/2022,15,Simcoe Solo,7.29,71,517.59
13/12/2022,16,Lucky Break,8.37,62,518.94
14/12/2022,1,Black Heart,8.56,2,17.12
14/12/2022,2,Fools Gold,8.07,79,637.53
14/12/2022,3,Cold Beer B,7.05,14,98.7
14/12/2022,4,Lost Lager,7.23,24,173.52
14/12/2022,5,King Crush,8.29,65,538.85
14/12/2022,6,Wingman Tro,7.55,58,437.9
14/12/2022,7,Grind Stout,7.86,96,754.56
14/12/2022,8,Juice Shack,8.31,63,523.53
14/12/2022,9,Rocky Road,8.4,61,512.4
14/12/2022,10,Wingman,8.34,95,792.3
14/12/2022,11,Arcade Made,8.82,69,608.58
14/12/2022,12,Punk IPA,7.81,25,195.25
14/12/2022,13,Hazy Jane,8.46,52,439.92
14/12/2022,14,Shore Leave,7.74,60,464.4
14/12/2022,15,Simcoe Solo,7.29,87,634.23
14/12/2022,16,Lucky Break,8.37,28,234.36
15/12/2022,1,Black Heart,8.56,88,753.28
15/12/2022,2,Fools Gold,8.07,76,613.32
15/12/2022,3,Cold Beer B,7.05,26,183.3
15/12/2022,4,Lost Lager,7.23,69,498.87
15/12/2022,5,King Crush,8.29,46,381.34
15/12/2022,6,Wingman Tro,7.55,7,52.85
15/12/2022,7,Grind Stout,7.86,7,55.02
15/12/2022,8,Juice Shack,8.31,78,648.18
15/12/2022,9,Rocky Road,8.4,26,218.4
15/12/2022,10,Wingman,8.34,43,358.62
15/12/2022,11,Arcade Made,8.82,51,449.82
15/12/2022,12,Punk IPA,7.81,83,648.23
15/12/2022,13,Hazy Jane,8.46,97,820.62
15/12/2022,14,Shore Leave,7.74,97,750.78
15/12/2022,15,Simcoe Solo,7.29,60,437.4
15/12/2022,16,Lucky Break,8.37,40,334.8
16/12/2022,1,Black Heart,8.56,39,333.84
16/12/2022,2,Fools Gold,8.07,34,274.38
16/12/2022,3,Cold Beer B,7.05,3,21.15
16/12/2022,4,Lost Lager,7.23,46,332.58
16/12/2022,5,King Crush,8.29,50,414.5
16/12/2022,6,Wingman Tro,7.55,24,181.2
16/12/2022,7,Grind Stout,7.86,78,613.08
16/12/2022,8,Juice Shack,8.31,45,373.95
16/12/2022,9,Rocky Road,8.4,14,117.6
16/12/2022,10,Wingman,8.34,74,617.16
16/12/2022,11,Arcade Made,8.82,40,352.8
16/12/2022,12,Punk IPA,7.81,74,577.94
16/12/2022,13,Hazy Jane,8.46,73,617.58
16/12/2022,14,Shore Leave,7.74,19,147.06
16/12/2022,15,Simcoe Solo,7.29,59,430.11
16/12/2022,16,Lucky Break,8.37,11,92.07
17/12/2022,1,Black Heart,8.56,10,85.6
17/12/2022,2,Fools Gold,8.07,66,532.62
17/12/2022,3,Cold Beer B,7.05,67,472.35
17/12/2022,4,Lost Lager,7.23,4,28.92
17/12/2022,5,King Crush,8.29,66,547.14
17/12/2022,6,Wingman Tro,7.55,21,158.55
17/12/2022,7,Grind Stout,7.86,45,353.7
17/12/2022,8,Juice Shack,8.31,27,224.37
17/12/2022,9,Rocky Road,8.4,94,789.6
17/12/2022,10,Wingman,8.34,50,417
17/12/2022,11,Arcade Made,8.82,33,291.06
17/12/2022,12,Punk IPA,7.81,6,46.86
17/12/2022,13,Hazy Jane,8.46,3,25.38
17/12/2022,14,Shore Leave,7.74,56,433.44
17/12/2022,15,Simcoe Solo,7.29,48,349.92
17/12/2022,16,Lucky Break,8.37,73,611.01
18/12/2022,1,Black Heart,8.56,55,470.8
18/12/2022,2,Fools Gold,8.07,21,169.47
18/12/2022,3,Cold Beer B,7.05,38,267.9
18/12/2022,4,Lost Lager,7.23,1,7.23
18/12/2022,5,King Crush,8.29,44,364.76
18/12/2022,6,Wingman Tro,7.55,52,392.6
18/12/2022,7,Grind Stout,7.86,48,377.28
18/12/2022,8,Juice Shack,8.31,55,457.05
18/12/2022,9,Rocky Road,8.4,83,697.2
18/12/2022,10,Wingman,8.34,93,775.62
18/12/2022,11,Arcade Made,8.82,89,784.98
18/12/2022,12,Punk IPA,7.81,67,523.27
18/12/2022,13,Hazy Jane,8.46,17,143.82
18/12/2022,14,Shore Leave,7.74,36,278.64
18/12/2022,15,Simcoe Solo,7.29,37,269.73
18/12/2022,16,Lucky Break,8.37,93,778.41
19/12/2022,1,Black Heart,8.56,1,8.56
19/12/2022,2,Fools Gold,8.07,73,589.11
19/12/2022,3,Cold Beer B,7.05,55,387.75
19/12/2022,4,Lost Lager,7.23,26,187.98
19/12/2022,5,King Crush,8.29,15,124.35
19/12/2022,6,Wingman Tro,7.55,86,649.3
19/12/2022,7,Grind Stout,7.86,52,408.72
19/12/2022,8,Juice Shack,8.31,60,498.6
19/12/2022,9,Rocky Road,8.4,62,520.8
19/12/2022,10,Wingman,8.34,55,458.7
19/12/2022,11,Arcade Made,8.82,29,255.78
19/12/2022,12,Punk IPA,7.81,85,663.85
19/12/2022,13,Hazy Jane,8.46,75,634.5
19/12/2022,14,Shore Leave,7.74,45,348.3
19/12/2022,15,Simcoe Solo,7.29,60,437.4
19/12/2022,16,Lucky Break,8.37,89,744.93
20/12/2022,1,Black Heart,8.56,19,162.64
20/12/2022,2,Fools Gold,8.07,75,605.25
20/12/2022,3,Cold Beer B,7.05,51,359.55
20/12/2022,4,Lost Lager,7.23,29,209.67
20/12/2022,5,King Crush,8.29,18,149.22
20/12/2022,6,Wingman Tro,7.55,14,105.7
20/12/2022,7,Grind Stout,7.86,91,715.26
20/12/2022,8,Juice Shack,8.31,52,432.12
20/12/2022,9,Rocky Road,8.4,3,25.2
20/12/2022,10,Wingman,8.34,54,450.36
20/12/2022,11,Arcade Made,8.82,48,423.36
20/12/2022,12,Punk IPA,7.81,99,773.19
20/12/2022,13,Hazy Jane,8.46,13,109.98
20/12/2022,14,Shore Leave,7.74,100,774
20/12/2022,15,Simcoe Solo,7.29,41,298.89
20/12/2022,16,Lucky Break,8.37,15,125.55
21/12/2022,1,Black Heart,8.56,44,376.64
21/12/2022,2,Fools Gold,8.07,72,581.04
21/12/2022,3,Cold Beer B,7.05,86,606.3
21/12/2022,4,Lost Lager,7.23,47,339.81
21/12/2022,5,King Crush,8.29,83,688.07
21/12/2022,6,Wingman Tro,7.55,50,377.5
21/12/2022,7,Grind Stout,7.86,93,730.98
21/12/2022,8,Juice Shack,8.31,61,506.91
21/12/2022,9,Rocky Road,8.4,58,487.2
21/12/2022,10,Wingman,8.34,90,750.6
21/12/2022,11,Arcade Made,8.82,51,449.82
21/12/2022,12,Punk IPA,7.81,83,648.23
21/12/2022,13,Hazy Jane,8.46,0,0
21/12/2022,14,Shore Leave,7.74,69,534.06
21/12/2022,15,Simcoe Solo,7.29,11,80.19
21/12/2022,16,Lucky Break,8.37,8,66.96
22/12/2022,1,Black Heart,8.56,43,368.08
22/12/2022,2,Fools Gold,8.07,55,443.85
22/12/2022,3,Cold Beer B,7.05,11,77.55
22/12/2022,4,Lost Lager,7.23,93,672.39
22/12/2022,5,King Crush,8.29,91,754.39
22/12/2022,6,Wingman Tro,7.55,97,732.35
22/12/2022,7,Grind Stout,7.86,36,282.96
22/12/2022,8,Juice Shack,8.31,94,781.14
22/12/2022,9,Rocky Road,8.4,5,42
22/12/2022,10,Wingman,8.34,23,191.82
22/12/2022,11,Arcade Made,8.82,78,687.96
22/12/2022,12,Punk IPA,7.81,31,242.11
22/12/2022,13,Hazy Jane,8.46,49,414.54
22/12/2022,14,Shore Leave,7.74,0,0
22/12/2022,15,Simcoe Solo,7.29,57,415.53
22/12/2022,16,Lucky Break,8.37,6,50.22
23/12/2022,1,Black Heart,8.56,39,333.84
23/12/2022,2,Fools Gold,8.07,5,40.35
23/12/2022,3,Cold Beer B,7.05,89,627.45
23/12/2022,4,Lost Lager,7.23,12,86.76
23/12/2022,5,King Crush,8.29,86,712.94
23/12/2022,6,Wingman Tro,7.55,78,588.9
23/12/2022,7,Grind Stout,7.86,25,196.5
23/12/2022,8,Juice Shack,8.31,65,540.15
23/12/2022,9,Rocky Road,8.4,91,764.4
23/12/2022,10,Wingman,8.34,71,592.14
23/12/2022,11,Arcade Made,8.82,94,829.08
23/12/2022,12,Punk IPA,7.81,87,679.47
23/12/2022,13,Hazy Jane,8.46,65,549.9
23/12/2022,14,Shore Leave,7.74,33,255.42
23/12/2022,15,Simcoe Solo,7.29,15,109.35
23/12/2022,16,Lucky Break,8.37,31,259.47
24/12/2022,1,Black Heart,8.56,100,856
24/12/2022,2,Fools Gold,8.07,74,597.18
24/12/2022,3,Cold Beer B,7.05,66,465.3
24/12/2022,4,Lost Lager,7.23,68,491.64
24/12/2022,5,King Crush,8.29,30,248.7
24/12/2022,6,Wingman Tro,7.55,6,45.3
24/12/2022,7,Grind Stout,7.86,18,141.48
24/12/2022,8,Juice Shack,8.31,46,382.26
24/12/2022,9,Rocky Road,8.4,15,126
24/12/2022,10,Wingman,8.34,19,158.46
24/12/2022,11,Arcade Made,8.82,47,414.54
24/12/2022,12,Punk IPA,7.81,12,93.72
24/12/2022,13,Hazy Jane,8.46,84,710.64
24/12/2022,14,Shore Leave,7.74,55,425.7
24/12/2022,15,Simcoe Solo,7.29,84,612.36
24/12/2022,16,Lucky Break,8.37,13,108.81
25/12/2022,1,Black Heart,8.56,58,496.48
25/12/2022,2,Fools Gold,8.07,71,572.97
25/12/2022,3,Cold Beer B,7.05,70,493.5
25/12/2022,4,Lost Lager,7.23,94,679.62
25/12/2022,5,King Crush,8.29,41,339.89
25/12/2022,6,Wingman Tro,7.55,15,113.25
25/12/2022,7,Grind Stout,7.86,76,597.36
25/12/2022,8,Juice Shack,8.31,77,639.87
25/12/2022,9,Rocky Road,8.4,63,529.2
25/12/2022,10,Wingman,8.34,89,742.26
25/12/2022,11,Arcade Made,8.82,9,79.38
25/12/2022,12,Punk IPA,7.81,46,359.26
25/12/2022,13,Hazy Jane,8.46,76,642.96
25/12/2022,14,Shore Leave,7.74,94,727.56
25/12/2022,15,Simcoe Solo,7.29,13,94.77
25/12/2022,16,Lucky Break,8.37,64,535.68
26/12/2022,1,Black Heart,8.56,57,487.92
26/12/2022,2,Fools Gold,8.07,82,661.74
26/12/2022,3,Cold Beer B,7.05,10,70.5
26/12/2022,4,Lost Lager,7.23,100,723
26/12/2022,5,King Crush,8.29,72,596.88
26/12/2022,6,Wingman Tro,7.55,74,558.7
26/12/2022,7,Grind Stout,7.86,93,730.98
26/12/2022,8,Juice Shack,8.31,22,182.82
26/12/2022,9,Rocky Road,8.4,76,638.4
26/12/2022,10,Wingman,8.34,70,583.8
26/12/2022,11,Arcade Made,8.82,54,476.28
26/12/2022,12,Punk IPA,7.81,82,640.42
26/12/2022,13,Hazy Jane,8.46,99,837.54
26/12/2022,14,Shore Leave,7.74,22,170.28
26/12/2022,15,Simcoe Solo,7.29,83,605.07
26/12/2022,16,Lucky Break,8.37,3,25.11
27/12/2022,1,Black Heart,8.56,75,642
27/12/2022,2,Fools Gold,8.07,41,330.87
27/12/2022,3,Cold Beer B,7.05,74,521.7
27/12/2022,4,Lost Lager,7.23,10,72.3
27/12/2022,5,King Crush,8.29,7,58.03
27/12/2022,6,Wingman Tro,7.55,58,437.9
27/12/2022,7,Grind Stout,7.86,63,495.18
27/12/2022,8,Juice Shack,8.31,43,357.33
27/12/2022,9,Rocky Road,8.4,93,781.2
27/12/2022,10,Wingman,8.34,52,433.68
27/12/2022,11,Arcade Made,8.82,16,141.12
27/12/2022,12,Punk IPA,7.81,86,671.66
27/12/2022,13,Hazy Jane,8.46,28,236.88
27/12/2022,14,Shore Leave,7.74,71,549.54
27/12/2022,15,Simcoe Solo,7.29,8,58.32
27/12/2022,16,Lucky Break,8.37,75,627.75
28/12/2022,1,Black Heart,8.56,15,128.4
28/12/2022,2,Fools Gold,8.07,61,492.27
28/12/2022,3,Cold Beer B,7.05,20,141
28/12/2022,4,Lost Lager,7.23,71,513.33
28/12/2022,5,King Crush,8.29,69,572.01
28/12/2022,6,Wingman Tro,7.55,72,543.6
28/12/2022,7,Grind Stout,7.86,22,172.92
28/12/2022,8,Juice Shack,8.31,18,149.58
28/12/2022,9,Rocky Road,8.4,29,243.6
28/12/2022,10,Wingman,8.34,57,475.38
28/12/2022,11,Arcade Made,8.82,27,238.14
28/12/2022,12,Punk IPA,7.81,60,468.6
28/12/2022,13,Hazy Jane,8.46,77,651.42
28/12/2022,14,Shore Leave,7.74,80,619.2
28/12/2022,15,Simcoe Solo,7.29,83,605.07
28/12/2022,16,Lucky Break,8.37,74,619.38
29/12/2022,1,Black Heart,8.56,24,205.44
29/12/2022,2,Fools Gold,8.07,60,484.2
29/12/2022,3,Cold Beer B,7.05,3,21.15
29/12/2022,4,Lost Lager,7.23,40,289.2
29/12/2022,5,King Crush,8.29,10,82.9
29/12/2022,6,Wingman Tro,7.55,27,203.85
29/12/2022,7,Grind Stout,7.86,0,0
29/12/2022,8,Juice Shack,8.31,76,631.56
29/12/2022,9,Rocky Road,8.4,40,336
29/12/2022,10,Wingman,8.34,42,350.28
29/12/2022,11,Arcade Made,8.82,91,802.62
29/12/2022,12,Punk IPA,7.81,37,288.97
29/12/2022,13,Hazy Jane,8.46,21,177.66
29/12/2022,14,Shore Leave,7.74,94,727.56
29/12/2022,15,Simcoe Solo,7.29,87,634.23
29/12/2022,16,Lucky Break,8.37,89,744.93
30/12/2022,1,Black Heart,8.56,48,410.88
30/12/2022,2,Fools Gold,8.07,5,40.35
30/12/2022,3,Cold Beer B,7.05,75,528.75
30/12/2022,4,Lost Lager,7.23,91,657.93
30/12/2022,5,King Crush,8.29,76,630.04
30/12/2022,6,Wingman Tro,7.55,25,188.75
30/12/2022,7,Grind Stout,7.86,82,644.52
30/12/2022,8,Juice Shack,8.31,96,797.76
30/12/2022,9,Rocky Road,8.4,82,688.8
30/12/2022,10,Wingman,8.34,64,533.76
30/12/2022,11,Arcade Made,8.82,20,176.4
30/12/2022,12,Punk IPA,7.81,90,702.9
30/12/2022,13,Hazy Jane,8.46,56,473.76
30/12/2022,14,Shore Leave,7.74,71,549.54
30/12/2022,15,Simcoe Solo,7.29,65,473.85
30/12/2022,16,Lucky Break,8.37,65,544.05
31/12/2022,1,Black Heart,8.56,16,136.96
31/12/2022,2,Fools Gold,8.07,74,597.18
31/12/2022,3,Cold Beer B,7.05,29,204.45
31/12/2022,4,Lost Lager,7.23,99,715.77
31/12/2022,5,King Crush,8.29,66,547.14
31/12/2022,6,Wingman Tro,7.55,49,369.95
31/12/2022,7,Grind Stout,7.86,3,23.58
31/12/2022,8,Juice Shack,8.31,71,590.01
31/12/2022,9,Rocky Road,8.4,76,638.4
31/12/2022,10,Wingman,8.34,18,150.12
31/12/2022,11,Arcade Made,8.82,31,273.42
31/12/2022,12,Punk IPA,7.81,89,695.09
31/12/2022,13,Hazy Jane,8.46,4,33.84
31/12/2022,14,Shore Leave,7.74,44,340.56
31/12/2022,15,Simcoe Solo,7.29,72,524.88
31/12/2022,16,Lucky Break,8.37,86,719.82
01/01/2023,1,Black Heart,9.3,67,623.1
01/01/2023,2,Fools Gold,8.16,27,220.32
01/01/2023,3,Cold Beer B,8.37,59,493.83
01/01/2023,4,Lost Lager,9.1,5,45.5
01/01/2023,5,King Crush,8.71,26,226.46
01/01/2023,6,Wingman Tro,8.51,7,59.57
01/01/2023,7,Grind Stout,9.45,21,198.45
01/01/2023,8,Juice Shack,8.64,14,120.96
01/01/2023,9,Rocky Road,9.44,78,736.32
01/01/2023,10,Wingman,9.15,52,475.8
01/01/2023,11,Arcade Made,7.76,13,100.88
01/01/2023,12,Punk IPA,7.64,59,450.76
01/01/2023,13,Hazy Jane,8.05,32,257.6
01/01/2023,14,Shore Leave,8.95,99,886.05
01/01/2023,15,Simcoe Solo,9.31,33,307.23
01/01/2023,16,Lucky Break,7.69,35,269.15
02/01/2023,1,Black Heart,9.3,5,46.5
02/01/2023,2,Fools Gold,8.16,30,244.8
02/01/2023,3,Cold Beer B,8.37,23,192.51
02/01/2023,4,Lost Lager,9.1,95,864.5
02/01/2023,5,King Crush,8.71,61,531.31
02/01/2023,6,Wingman Tro,8.51,79,672.29
02/01/2023,7,Grind Stout,9.45,82,774.9
02/01/2023,8,Juice Shack,8.64,8,69.12
02/01/2023,9,Rocky Road,9.44,19,179.36
02/01/2023,10,Wingman,9.15,9,82.35
02/01/2023,11,Arcade Made,7.76,8,62.08
02/01/2023,12,Punk IPA,7.64,64,488.96
02/01/2023,13,Hazy Jane,8.05,47,378.35
02/01/2023,14,Shore Leave,8.95,53,474.35
02/01/2023,15,Simcoe Solo,9.31,90,837.9
02/01/2023,16,Lucky Break,7.69,15,115.35
03/01/2023,1,Black Heart,9.3,68,632.4
03/01/2023,2,Fools Gold,8.16,45,367.2
03/01/2023,3,Cold Beer B,8.37,49,410.13
03/01/2023,4,Lost Lager,9.1,70,637
03/01/2023,5,King Crush,8.71,42,365.82
03/01/2023,6,Wingman Tro,8.51,76,646.76
03/01/2023,7,Grind Stout,9.45,81,765.45
03/01/2023,8,Juice Shack,8.64,9,77.76
03/01/2023,9,Rocky Road,9.44,48,453.12
03/01/2023,10,Wingman,9.15,26,237.9
03/01/2023,11,Arcade Made,7.76,53,411.28
03/01/2023,12,Punk IPA,7.64,83,634.12
03/01/2023,13,Hazy Jane,8.05,72,579.6
03/01/2023,14,Shore Leave,8.95,24,214.8
03/01/2023,15,Simcoe Solo,9.31,16,148.96
03/01/2023,16,Lucky Break,7.69,72,553.68
04/01/2023,1,Black Heart,9.3,75,697.5
04/01/2023,2,Fools Gold,8.16,54,440.64
04/01/2023,3,Cold Beer B,8.37,8,66.96
04/01/2023,4,Lost Lager,9.1,43,391.3
04/01/2023,5,King Crush,8.71,7,60.97
04/01/2023,6,Wingman Tro,8.51,66,561.66
04/01/2023,7,Grind Stout,9.45,52,491.4
04/01/2023,8,Juice Shack,8.64,21,181.44
04/01/2023,9,Rocky Road,9.44,97,915.68
04/01/2023,10,Wingman,9.15,85,777.75
04/01/2023,11,Arcade Made,7.76,33,256.08
04/01/2023,12,Punk IPA,7.64,100,764
04/01/2023,13,Hazy Jane,8.05,63,507.15
04/01/2023,14,Shore Leave,8.95,61,545.95
04/01/2023,15,Simcoe Solo,9.31,29,269.99
04/01/2023,16,Lucky Break,7.69,14,107.66
05/01/2023,1,Black Heart,9.3,69,641.7
05/01/2023,2,Fools Gold,8.16,59,481.44
05/01/2023,3,Cold Beer B,8.37,31,259.47
05/01/2023,4,Lost Lager,9.1,31,282.1
05/01/2023,5,King Crush,8.71,32,278.72
05/01/2023,6,Wingman Tro,8.51,98,833.98
05/01/2023,7,Grind Stout,9.45,58,548.1
05/01/2023,8,Juice Shack,8.64,94,812.16
05/01/2023,9,Rocky Road,9.44,93,877.92
05/01/2023,10,Wingman,9.15,86,786.9
05/01/2023,11,Arcade Made,7.76,5,38.8
05/01/2023,12,Punk IPA,7.64,64,488.96
05/01/2023,13,Hazy Jane,8.05,3,24.15
05/01/2023,14,Shore Leave,8.95,0,0
05/01/2023,15,Simcoe Solo,9.31,64,595.84
05/01/2023,16,Lucky Break,7.69,25,192.25
06/01/2023,1,Black Heart,9.3,12,111.6
06/01/2023,2,Fools Gold,8.16,55,448.8
06/01/2023,3,Cold Beer B,8.37,13,108.81
06/01/2023,4,Lost Lager,9.1,37,336.7
06/01/2023,5,King Crush,8.71,100,871
06/01/2023,6,Wingman Tro,8.51,51,434.01
06/01/2023,7,Grind Stout,9.45,75,708.75
06/01/2023,8,Juice Shack,8.64,31,267.84
06/01/2023,9,Rocky Road,9.44,78,736.32
06/01/2023,10,Wingman,9.15,11,100.65
06/01/2023,11,Arcade Made,7.76,30,232.8
06/01/2023,12,Punk IPA,7.64,64,488.96
06/01/2023,13,Hazy Jane,8.05,49,394.45
06/01/2023,14,Shore Leave,8.95,58,519.1
06/01/2023,15,Simcoe Solo,9.31,74,688.94
06/01/2023,16,Lucky Break,7.69,64,492.16
07/01/2023,1,Black Heart,9.3,55,511.5
07/01/2023,2,Fools Gold,8.16,74,603.84
07/01/2023,3,Cold Beer B,8.37,24,200.88
07/01/2023,4,Lost Lager,9.1,29,263.9
07/01/2023,5,King Crush,8.71,2,17.42
07/01/2023,6,Wingman Tro,8.51,93,791.43
07/01/2023,7,Grind Stout,9.45,90,850.5
07/01/2023,8,Juice Shack,8.64,70,604.8
07/01/2023,9,Rocky Road,9.44,54,509.76
07/01/2023,10,Wingman,9.15,66,603.9
07/01/2023,11,Arcade Made,7.76,47,364.72
07/01/2023,12,Punk IPA,7.64,77,588.28
07/01/2023,13,Hazy Jane,8.05,3,24.15
07/01/2023,14,Shore Leave,8.95,63,563.85
07/01/2023,15,Simcoe Solo,9.31,30,279.3
07/01/2023,16,Lucky Break,7.69,41,315.29
08/01/2023,1,Black Heart,9.3,74,688.2
08/01/2023,2,Fools Gold,8.16,82,669.12
08/01/2023,3,Cold Beer B,8.37,10,83.7
08/01/2023,4,Lost Lager,9.1,37,336.7
08/01/2023,5,King Crush,8.71,89,775.19
08/01/2023,6,Wingman Tro,8.51,81,689.31
08/01/2023,7,Grind Stout,9.45,33,311.85
08/01/2023,8,Juice Shack,8.64,17,146.88
08/01/2023,9,Rocky Road,9.44,75,708
08/01/2023,10,Wingman,9.15,91,832.65
08/01/2023,11,Arcade Made,7.76,9,69.84
08/01/2023,12,Punk IPA,7.64,37,282.68
08/01/2023,13,Hazy Jane,8.05,20,161
08/01/2023,14,Shore Leave,8.95,90,805.5
08/01/2023,15,Simcoe Solo,9.31,55,512.05
08/01/2023,16,Lucky Break,7.69,60,461.4
09/01/2023,1,Black Heart,9.3,46,427.8
09/01/2023,2,Fools Gold,8.16,64,522.24
09/01/2023,3,Cold Beer B,8.37,47,393.39
09/01/2023,4,Lost Lager,9.1,97,882.7
09/01/2023,5,King Crush,8.71,63,548.73
09/01/2023,6,Wingman Tro,8.51,49,416.99
09/01/2023,7,Grind Stout,9.45,27,255.15
09/01/2023,8,Juice Shack,8.64,40,345.6
09/01/2023,9,Rocky Road,9.44,28,264.32
09/01/2023,10,Wingman,9.15,59,539.85
09/01/2023,11,Arcade Made,7.76,30,232.8
09/01/2023,12,Punk IPA,7.64,33,252.12
09/01/2023,13,Hazy Jane,8.05,14,112.7
09/01/2023,14,Shore Leave,8.95,72,644.4
09/01/2023,15,Simcoe Solo,9.31,12,111.72
09/01/2023,16,Lucky Break,7.69,44,338.36
10/01/2023,1,Black Heart,9.3,80,744
10/01/2023,2,Fools Gold,8.16,48,391.68
10/01/2023,3,Cold Beer B,8.37,55,460.35
10/01/2023,4,Lost Lager,9.1,30,273
10/01/2023,5,King Crush,8.71,31,270.01
10/01/2023,6,Wingman Tro,8.51,18,153.18
10/01/2023,7,Grind Stout,9.45,89,841.05
10/01/2023,8,Juice Shack,8.64,36,311.04
10/01/2023,9,Rocky Road,9.44,14,132.16
10/01/2023,10,Wingman,9.15,31,283.65
10/01/2023,11,Arcade Made,7.76,19,147.44
10/01/2023,12,Punk IPA,7.64,86,657.04
10/01/2023,13,Hazy Jane,8.05,30,241.5
10/01/2023,14,Shore Leave,8.95,60,537
10/01/2023,15,Simcoe Solo,9.31,46,428.26
10/01/2023,16,Lucky Break,7.69,27,207.63
11/01/2023,1,Black Heart,9.3,73,678.9
11/01/2023,2,Fools Gold,8.16,99,807.84
11/01/2023,3,Cold Beer B,8.37,91,761.67
11/01/2023,4,Lost Lager,9.1,48,436.8
11/01/2023,5,King Crush,8.71,8,69.68
11/01/2023,6,Wingman Tro,8.51,96,816.96
11/01/2023,7,Grind Stout,9.45,38,359.1
11/01/2023,8,Juice Shack,8.64,38,328.32
11/01/2023,9,Rocky Road,9.44,1,9.44
11/01/2023,10,Wingman,9.15,62,567.3
11/01/2023,11,Arcade Made,7.76,36,279.36
11/01/2023,12,Punk IPA,7.64,6,45.84
11/01/2023,13,Hazy Jane,8.05,79,635.95
11/01/2023,14,Shore Leave,8.95,77,689.15
11/01/2023,15,Simcoe Solo,9.31,60,558.6
11/01/2023,16,Lucky Break,7.69,35,269.15
12/01/2023,1,Black Heart,9.3,76,706.8
12/01/2023,2,Fools Gold,8.16,40,326.4
12/01/2023,3,Cold Beer B,8.37,91,761.67
12/01/2023,4,Lost Lager,9.1,68,618.8
12/01/2023,5,King Crush,8.71,92,801.32
12/01/2023,6,Wingman Tro,8.51,18,153.18
12/01/2023,7,Grind Stout,9.45,36,340.2
12/01/2023,8,Juice Shack,8.64,1,8.64
12/01/2023,9,Rocky Road,9.44,31,292.64
12/01/2023,10,Wingman,9.15,90,823.5
12/01/2023,11,Arcade Made,7.76,89,690.64
12/01/2023,12,Punk IPA,7.64,25,191
12/01/2023,13,Hazy Jane,8.05,99,796.95
12/01/2023,14,Shore Leave,8.95,30,268.5
12/01/2023,15,Simcoe Solo,9.31,73,679.63
12/01/2023,16,Lucky Break,7.69,55,422.95
13/01/2023,1,Black Heart,9.3,13,120.9
13/01/2023,2,Fools Gold,8.16,69,563.04
13/01/2023,3,Cold Beer B,8.37,57,477.09
13/01/2023,4,Lost Lager,9.1,58,527.8
13/01/2023,5,King Crush,8.71,60,522.6
13/01/2023,6,Wingman Tro,8.51,55,468.05
13/01/2023,7,Grind Stout,9.45,57,538.65
13/01/2023,8,Juice Shack,8.64,32,276.48
13/01/2023,9,Rocky Road,9.44,15,141.6
13/01/2023,10,Wingman,9.15,62,567.3
13/01/2023,11,Arcade Made,7.76,58,450.08
13/01/2023,12,Punk IPA,7.64,100,764
13/01/2023,13,Hazy Jane,8.05,53,426.65
13/01/2023,14,Shore Leave,8.95,40,358
13/01/2023,15,Simcoe Solo,9.31,78,726.18
13/01/2023,16,Lucky Break,7.69,84,645.96
14/01/2023,1,Black Heart,9.3,56,520.8
14/01/2023,2,Fools Gold,8.16,67,546.72
14/01/2023,3,Cold Beer B,8.37,37,309.69
14/01/2023,4,Lost Lager,9.1,41,373.1
14/01/2023,5,King Crush,8.71,96,836.16
14/01/2023,6,Wingman Tro,8.51,22,187.22
14/01/2023,7,Grind Stout,9.45,37,349.65
14/01/2023,8,Juice Shack,8.64,2,17.28
14/01/2023,9,Rocky Road,9.44,3,28.32
14/01/2023,10,Wingman,9.15,32,292.8
14/01/2023,11,Arcade Made,7.76,19,147.44
14/01/2023,12,Punk IPA,7.64,65,496.6
14/01/2023,13,Hazy Jane,8.05,98,788.9
14/01/2023,14,Shore Leave,8.95,82,733.9
14/01/2023,15,Simcoe Solo,9.31,79,735.49
14/01/2023,16,Lucky Break,7.69,17,130.73
15/01/2023,1,Black Heart,9.3,51,474.3
15/01/2023,2,Fools Gold,8.16,75,612
15/01/2023,3,Cold Beer B,8.37,4,33.48
15/01/2023,4,Lost Lager,9.1,17,154.7
15/01/2023,5,King Crush,8.71,98,853.58
15/01/2023,6,Wingman Tro,8.51,49,416.99
15/01/2023,7,Grind Stout,9.45,92,869.4
15/01/2023,8,Juice Shack,8.64,42,362.88
15/01/2023,9,Rocky Road,9.44,23,217.12
15/01/2023,10,Wingman,9.15,26,237.9
15/01/2023,11,Arcade Made,7.76,91,706.16
15/01/2023,12,Punk IPA,7.64,54,412.56
15/01/2023,13,Hazy Jane,8.05,100,805
15/01/2023,14,Shore Leave,8.95,28,250.6
15/01/2023,15,Simcoe Solo,9.31,34,316.54
15/01/2023,16,Lucky Break,7.69,90,692.1
16/01/2023,1,Black Heart,9.3,100,930
16/01/2023,2,Fools Gold,8.16,55,448.8
16/01/2023,3,Cold Beer B,8.37,27,225.99
16/01/2023,4,Lost Lager,9.1,76,691.6
16/01/2023,5,King Crush,8.71,33,287.43
16/01/2023,6,Wingman Tro,8.51,33,280.83
16/01/2023,7,Grind Stout,9.45,3,28.35
16/01/2023,8,Juice Shack,8.64,96,829.44
16/01/2023,9,Rocky Road,9.44,86,811.84
16/01/2023,10,Wingman,9.15,15,137.25
16/01/2023,11,Arcade Made,7.76,65,504.4
16/01/2023,12,Punk IPA,7.64,64,488.96
16/01/2023,13,Hazy Jane,8.05,43,346.15
16/01/2023,14,Shore Leave,8.95,12,107.4
16/01/2023,15,Simcoe Solo,9.31,38,353.78
16/01/2023,16,Lucky Break,7.69,59,453.71
17/01/2023,1,Black Heart,9.3,56,520.8
17/01/2023,2,Fools Gold,8.16,11,89.76
17/01/2023,3,Cold Beer B,8.37,32,267.84
17/01/2023,4,Lost Lager,9.1,88,800.8
17/01/2023,5,King Crush,8.71,59,513.89
17/01/2023,6,Wingman Tro,8.51,88,748.88
17/01/2023,7,Grind Stout,9.45,45,425.25
17/01/2023,8,Juice Shack,8.64,38,328.32
17/01/2023,9,Rocky Road,9.44,97,915.68
17/01/2023,10,Wingman,9.15,90,823.5
17/01/2023,11,Arcade Made,7.76,63,488.88
17/01/2023,12,Punk IPA,7.64,3,22.92
17/01/2023,13,Hazy Jane,8.05,65,523.25
17/01/2023,14,Shore Leave,8.95,60,537
17/01/2023,15,Simcoe Solo,9.31,34,316.54
17/01/2023,16,Lucky Break,7.69,12,92.28
18/01/2023,1,Black Heart,9.3,38,353.4
18/01/2023,2,Fools Gold,8.16,19,155.04
18/01/2023,3,Cold Beer B,8.37,17,142.29
18/01/2023,4,Lost Lager,9.1,84,764.4
18/01/2023,5,King Crush,8.71,83,722.93
18/01/2023,6,Wingman Tro,8.51,94,799.94
18/01/2023,7,Grind Stout,9.45,79,746.55
18/01/2023,8,Juice Shack,8.64,40,345.6
18/01/2023,9,Rocky Road,9.44,29,273.76
18/01/2023,10,Wingman,9.15,26,237.9
18/01/2023,11,Arcade Made,7.76,74,574.24
18/01/2023,12,Punk IPA,7.64,68,519.52
18/01/2023,13,Hazy Jane,8.05,37,297.85
18/01/2023,14,Shore Leave,8.95,73,653.35
18/01/2023,15,Simcoe Solo,9.31,97,903.07
18/01/2023,16,Lucky Break,7.69,27,207.63
19/01/2023,1,Black Heart,9.3,44,409.2
19/01/2023,2,Fools Gold,8.16,23,187.68
19/01/2023,3,Cold Beer B,8.37,2,16.74
19/01/2023,4,Lost Lager,9.1,47,427.7
19/01/2023,5,King Crush,8.71,85,740.35
19/01/2023,6,Wingman Tro,8.51,85,723.35
19/01/2023,7,Grind Stout,9.45,27,255.15
19/01/2023,8,Juice Shack,8.64,42,362.88
19/01/2023,9,Rocky Road,9.44,31,292.64
19/01/2023,10,Wingman,9.15,52,475.8
19/01/2023,11,Arcade Made,7.76,40,310.4
19/01/2023,12,Punk IPA,7.64,22,168.08
19/01/2023,13,Hazy Jane,8.05,85,684.25
19/01/2023,14,Shore Leave,8.95,100,895
19/01/2023,15,Simcoe Solo,9.31,74,688.94
19/01/2023,16,Lucky Break,7.69,31,238.39
20/01/2023,1,Black Heart,9.3,14,130.2
20/01/2023,2,Fools Gold,8.16,81,660.96
20/01/2023,3,Cold Beer B,8.37,60,502.2
20/01/2023,4,Lost Lager,9.1,2,18.2
20/01/2023,5,King Crush,8.71,56,487.76
20/01/2023,6,Wingman Tro,8.51,99,842.49
20/01/2023,7,Grind Stout,9.45,34,321.3
20/01/2023,8,Juice Shack,8.64,17,146.88
20/01/2023,9,Rocky Road,9.44,12,113.28
20/01/2023,10,Wingman,9.15,45,411.75
20/01/2023,11,Arcade Made,7.76,62,481.12
20/01/2023,12,Punk IPA,7.64,34,259.76
20/01/2023,13,Hazy Jane,8.05,82,660.1
20/01/2023,14,Shore Leave,8.95,9,80.55
20/01/2023,15,Simcoe Solo,9.31,75,698.25
20/01/2023,16,Lucky Break,7.69,76,584.44
21/01/2023,1,Black Heart,9.3,46,427.8
21/01/2023,2,Fools Gold,8.16,29,236.64
21/01/2023,3,Cold Beer B,8.37,22,184.14
21/01/2023,4,Lost Lager,9.1,15,136.5
21/01/2023,5,King Crush,8.71,33,287.43
21/01/2023,6,Wingman Tro,8.51,96,816.96
21/01/2023,7,Grind Stout,9.45,96,907.2
21/01/2023,8,Juice Shack,8.64,83,717.12
21/01/2023,9,Rocky Road,9.44,41,387.04
21/01/2023,10,Wingman,9.15,78,713.7
21/01/2023,11,Arcade Made,7.76,100,776
21/01/2023,12,Punk IPA,7.64,13,99.32
21/01/2023,13,Hazy Jane,8.05,0,0
21/01/2023,14,Shore Leave,8.95,52,465.4
21/01/2023,15,Simcoe Solo,9.31,7,65.17
21/01/2023,16,Lucky Break,7.69,28,215.32
22/01/2023,1,Black Heart,9.3,28,260.4
22/01/2023,2,Fools Gold,8.16,26,212.16
22/01/2023,3,Cold Beer B,8.37,32,267.84
22/01/2023,4,Lost Lager,9.1,40,364
22/01/2023,5,King Crush,8.71,67,583.57
22/01/2023,6,Wingman Tro,8.51,51,434.01
22/01/2023,7,Grind Stout,9.45,97,916.65
22/01/2023,8,Juice Shack,8.64,89,768.96
22/01/2023,9,Rocky Road,9.44,8,75.52
22/01/2023,10,Wingman,9.15,64,585.6
22/01/2023,11,Arcade Made,7.76,92,713.92
22/01/2023,12,Punk IPA,7.64,50,382
22/01/2023,13,Hazy Jane,8.05,51,410.55
22/01/2023,14,Shore Leave,8.95,64,572.8
22/01/2023,15,Simcoe Solo,9.31,49,456.19
22/01/2023,16,Lucky Break,7.69,39,299.91
23/01/2023,1,Black Heart,9.3,7,65.1
23/01/2023,2,Fools Gold,8.16,3,24.48
23/01/2023,3,Cold Beer B,8.37,45,376.65
23/01/2023,4,Lost Lager,9.1,10,91
23/01/2023,5,King Crush,8.71,0,0
23/01/2023,6,Wingman Tro,8.51,26,221.26
23/01/2023,7,Grind Stout,9.45,13,122.85
23/01/2023,8,Juice Shack,8.64,25,216
23/01/2023,9,Rocky Road,9.44,63,594.72
23/01/2023,10,Wingman,9.15,5,45.75
23/01/2023,11,Arcade Made,7.76,1,7.76
23/01/2023,12,Punk IPA,7.64,55,420.2
23/01/2023,13,Hazy Jane,8.05,65,523.25
23/01/2023,14,Shore Leave,8.95,51,456.45
23/01/2023,15,Simcoe Solo,9.31,25,232.75
23/01/2023,16,Lucky Break,7.69,61,469.09
24/01/2023,1,Black Heart,9.3,20,186
24/01/2023,2,Fools Gold,8.16,7,57.12
24/01/2023,3,Cold Beer B,8.37,21,175.77
24/01/2023,4,Lost Lager,9.1,16,145.6
24/01/2023,5,King Crush,8.71,22,191.62
24/01/2023,6,Wingman Tro,8.51,59,502.09
24/01/2023,7,Grind Stout,9.45,16,151.2
24/01/2023,8,Juice Shack,8.64,22,190.08
24/01/2023,9,Rocky Road,9.44,48,453.12
24/01/2023,10,Wingman,9.15,64,585.6
24/01/2023,11,Arcade Made,7.76,82,636.32
24/01/2023,12,Punk IPA,7.64,78,595.92
24/01/2023,13,Hazy Jane,8.05,0,0
24/01/2023,14,Shore Leave,8.95,61,545.95
24/01/2023,15,Simcoe Solo,9.31,92,856.52
24/01/2023,16,Lucky Break,7.69,28,215.32
25/01/2023,1,Black Heart,9.3,82,762.6
25/01/2023,2,Fools Gold,8.16,51,416.16
25/01/2023,3,Cold Beer B,8.37,58,485.46
25/01/2023,4,Lost Lager,9.1,87,791.7
25/01/2023,5,King Crush,8.71,67,583.57
25/01/2023,6,Wingman Tro,8.51,79,672.29
25/01/2023,7,Grind Stout,9.45,69,652.05
25/01/2023,8,Juice Shack,8.64,51,440.64
25/01/2023,9,Rocky Road,9.44,74,698.56
25/01/2023,10,Wingman,9.15,0,0
25/01/2023,11,Arcade Made,7.76,96,744.96
25/01/2023,12,Punk IPA,7.64,5,38.2
25/01/2023,13,Hazy Jane,8.05,61,491.05
25/01/2023,14,Shore Leave,8.95,31,277.45
25/01/2023,15,Simcoe Solo,9.31,77,716.87
25/01/2023,16,Lucky Break,7.69,30,230.7
26/01/2023,1,Black Heart,9.3,72,669.6
26/01/2023,2,Fools Gold,8.16,81,660.96
26/01/2023,3,Cold Beer B,8.37,25,209.25
26/01/2023,4,Lost Lager,9.1,4,36.4
26/01/2023,5,King Crush,8.71,38,330.98
26/01/2023,6,Wingman Tro,8.51,16,136.16
26/01/2023,7,Grind Stout,9.45,77,727.65
26/01/2023,8,Juice Shack,8.64,72,622.08
26/01/2023,9,Rocky Road,9.44,29,273.76
26/01/2023,10,Wingman,9.15,67,613.05
26/01/2023,11,Arcade Made,7.76,14,108.64
26/01/2023,12,Punk IPA,7.64,44,336.16
26/01/2023,13,Hazy Jane,8.05,9,72.45
26/01/2023,14,Shore Leave,8.95,69,617.55
26/01/2023,15,Simcoe Solo,9.31,93,865.83
26/01/2023,16,Lucky Break,7.69,48,369.12
27/01/2023,1,Black Heart,9.3,49,455.7
27/01/2023,2,Fools Gold,8.16,11,89.76
27/01/2023,3,Cold Beer B,8.37,26,217.62
27/01/2023,4,Lost Lager,9.1,92,837.2
27/01/2023,5,King Crush,8.71,28,243.88
27/01/2023,6,Wingman Tro,8.51,79,672.29
27/01/2023,7,Grind Stout,9.45,13,122.85
27/01/2023,8,Juice Shack,8.64,24,207.36
27/01/2023,9,Rocky Road,9.44,46,434.24
27/01/2023,10,Wingman,9.15,41,375.15
27/01/2023,11,Arcade Made,7.76,49,380.24
27/01/2023,12,Punk IPA,7.64,28,213.92
27/01/2023,13,Hazy Jane,8.05,81,652.05
27/01/2023,14,Shore Leave,8.95,69,617.55
27/01/2023,15,Simcoe Solo,9.31,100,931
27/01/2023,16,Lucky Break,7.69,7,53.83
28/01/2023,1,Black Heart,9.3,40,372
28/01/2023,2,Fools Gold,8.16,22,179.52
28/01/2023,3,Cold Beer B,8.37,69,577.53
28/01/2023,4,Lost Lager,9.1,83,755.3
28/01/2023,5,King Crush,8.71,80,696.8
28/01/2023,6,Wingman Tro,8.51,73,621.23
28/01/2023,7,Grind Stout,9.45,22,207.9
28/01/2023,8,Juice Shack,8.64,29,250.56
28/01/2023,9,Rocky Road,9.44,0,0
28/01/2023,10,Wingman,9.15,35,320.25
28/01/2023,11,Arcade Made,7.76,45,349.2
28/01/2023,12,Punk IPA,7.64,59,450.76
28/01/2023,13,Hazy Jane,8.05,93,748.65
28/01/2023,14,Shore Leave,8.95,69,617.55
28/01/2023,15,Simcoe Solo,9.31,62,577.22
28/01/2023,16,Lucky Break,7.69,40,307.6
29/01/2023,1,Black Heart,9.3,97,902.1
29/01/2023,2,Fools Gold,8.16,49,399.84
29/01/2023,3,Cold Beer B,8.37,21,175.77
29/01/2023,4,Lost Lager,9.1,92,837.2
29/01/2023,5,King Crush,8.71,9,78.39
29/01/2023,6,Wingman Tro,8.51,60,510.6
29/01/2023,7,Grind Stout,9.45,25,236.25
29/01/2023,8,Juice Shack,8.64,45,388.8
29/01/2023,9,Rocky Road,9.44,98,925.12
29/01/2023,10,Wingman,9.15,14,128.1
29/01/2023,11,Arcade Made,7.76,80,620.8
29/01/2023,12,Punk IPA,7.64,44,336.16
29/01/2023,13,Hazy Jane,8.05,37,297.85
29/01/2023,14,Shore Leave,8.95,85,760.75
29/01/2023,15,Simcoe Solo,9.31,76,707.56
29/01/2023,16,Lucky Break,7.69,83,638.27
30/01/2023,1,Black Heart,9.3,43,399.9
30/01/2023,2,Fools Gold,8.16,13,106.08
30/01/2023,3,Cold Beer B,8.37,46,385.02
30/01/2023,4,Lost Lager,9.1,80,728
30/01/2023,5,King Crush,8.71,22,191.62
30/01/2023,6,Wingman Tro,8.51,44,374.44
30/01/2023,7,Grind Stout,9.45,47,444.15
30/01/2023,8,Juice Shack,8.64,20,172.8
30/01/2023,9,Rocky Road,9.44,43,405.92
30/01/2023,10,Wingman,9.15,44,402.6
30/01/2023,11,Arcade Made,7.76,33,256.08
30/01/2023,12,Punk IPA,7.64,90,687.6
30/01/2023,13,Hazy Jane,8.05,48,386.4
30/01/2023,14,Shore Leave,8.95,86,769.7
30/01/2023,15,Simcoe Solo,9.31,47,437.57
30/01/2023,16,Lucky Break,7.69,4,30.76
31/01/2023,1,Black Heart,9.3,92,855.6
31/01/2023,2,Fools Gold,8.16,66,538.56
31/01/2023,3,Cold Beer B,8.37,70,585.9
31/01/2023,4,Lost Lager,9.1,71,646.1
31/01/2023,5,King Crush,8.71,77,670.67
31/01/2023,6,Wingman Tro,8.51,39,331.89
31/01/2023,7,Grind Stout,9.45,95,897.75
31/01/2023,8,Juice Shack,8.64,56,483.84
31/01/2023,9,Rocky Road,9.44,38,358.72
31/01/2023,10,Wingman,9.15,60,549
31/01/2023,11,Arcade Made,7.76,37,287.12
31/01/2023,12,Punk IPA,7.64,39,297.96
31/01/2023,13,Hazy Jane,8.05,59,474.95
31/01/2023,14,Shore Leave,8.95,46,411.7
31/01/2023,15,Simcoe Solo,9.31,20,186.2
31/01/2023,16,Lucky Break,7.69,95,730.55
01/02/2023,1,Black Heart,9.3,16,148.8
01/02/2023,2,Fools Gold,8.16,23,187.68
01/02/2023,3,Cold Beer B,8.37,93,778.41
01/02/2023,4,Lost Lager,9.1,65,591.5
01/02/2023,5,King Crush,8.71,18,156.78
01/02/2023,6,Wingman Tro,8.51,58,493.58
01/02/2023,7,Grind Stout,9.45,3,28.35
01/02/2023,8,Juice Shack,8.64,48,414.72
01/02/2023,9,Rocky Road,9.44,91,859.04
01/02/2023,10,Wingman,9.15,46,420.9
01/02/2023,11,Arcade Made,7.76,5,38.8
01/02/2023,12,Punk IPA,7.64,84,641.76
01/02/2023,13,Hazy Jane,8.05,68,547.4
01/02/2023,14,Shore Leave,8.95,37,331.15
01/02/2023,15,Simcoe Solo,9.31,63,586.53
01/02/2023,16,Lucky Break,7.69,1,7.69
02/02/2023,1,Black Heart,9.3,3,27.9
02/02/2023,2,Fools Gold,8.16,15,122.4
02/02/2023,3,Cold Beer B,8.37,74,619.38
02/02/2023,4,Lost Lager,9.1,40,364
02/02/2023,5,King Crush,8.71,71,618.41
02/02/2023,6,Wingman Tro,8.51,52,442.52
02/02/2023,7,Grind Stout,9.45,21,198.45
02/02/2023,8,Juice Shack,8.64,97,838.08
02/02/2023,9,Rocky Road,9.44,89,840.16
02/02/2023,10,Wingman,9.15,69,631.35
02/02/2023,11,Arcade Made,7.76,61,473.36
02/02/2023,12,Punk IPA,7.64,86,657.04
02/02/2023,13,Hazy Jane,8.05,35,281.75
02/02/2023,14,Shore Leave,8.95,95,850.25
02/02/2023,15,Simcoe Solo,9.31,84,782.04
02/02/2023,16,Lucky Break,7.69,16,123.04
03/02/2023,1,Black Heart,9.3,13,120.9
03/02/2023,2,Fools Gold,8.16,13,106.08
03/02/2023,3,Cold Beer B,8.37,39,326.43
03/02/2023,4,Lost Lager,9.1,30,273
03/02/2023,5,King Crush,8.71,36,313.56
03/02/2023,6,Wingman Tro,8.51,45,382.95
03/02/2023,7,Grind Stout,9.45,49,463.05
03/02/2023,8,Juice Shack,8.64,87,751.68
03/02/2023,9,Rocky Road,9.44,9,84.96
03/02/2023,10,Wingman,9.15,88,805.2
03/02/2023,11,Arcade Made,7.76,10,77.6
03/02/2023,12,Punk IPA,7.64,42,320.88
03/02/2023,13,Hazy Jane,8.05,95,764.75
03/02/2023,14,Shore Leave,8.95,14,125.3
03/02/2023,15,Simcoe Solo,9.31,96,893.76
03/02/2023,16,Lucky Break,7.69,66,507.54
04/02/2023,1,Black Heart,9.3,91,846.3
04/02/2023,2,Fools Gold,8.16,83,677.28
04/02/2023,3,Cold Beer B,8.37,90,753.3
04/02/2023,4,Lost Lager,9.1,11,100.1
04/02/2023,5,King Crush,8.71,42,365.82
04/02/2023,6,Wingman Tro,8.51,18,153.18
04/02/2023,7,Grind Stout,9.45,68,642.6
04/02/2023,8,Juice Shack,8.64,85,734.4
04/02/2023,9,Rocky Road,9.44,77,726.88
04/02/2023,10,Wingman,9.15,93,850.95
04/02/2023,11,Arcade Made,7.76,48,372.48
04/02/2023,12,Punk IPA,7.64,57,435.48
04/02/2023,13,Hazy Jane,8.05,85,684.25
04/02/2023,14,Shore Leave,8.95,8,71.6
04/02/2023,15,Simcoe Solo,9.31,73,679.63
04/02/2023,16,Lucky Break,7.69,5,38.45
05/02/2023,1,Black Heart,9.3,37,344.1
05/02/2023,2,Fools Gold,8.16,75,612
05/02/2023,3,Cold Beer B,8.37,31,259.47
05/02/2023,4,Lost Lager,9.1,63,573.3
05/02/2023,5,King Crush,8.71,2,17.42
05/02/2023,6,Wingman Tro,8.51,0,0
05/02/2023,7,Grind Stout,9.45,36,340.2
05/02/2023,8,Juice Shack,8.64,26,224.64
05/02/2023,9,Rocky Road,9.44,11,103.84
05/02/2023,10,Wingman,9.15,82,750.3
05/02/2023,11,Arcade Made,7.76,2,15.52
05/02/2023,12,Punk IPA,7.64,75,573
05/02/2023,13,Hazy Jane,8.05,93,748.65
05/02/2023,14,Shore Leave,8.95,36,322.2
05/02/2023,15,Simcoe Solo,9.31,18,167.58
05/02/2023,16,Lucky Break,7.69,29,223.01
06/02/2023,1,Black Heart,9.3,7,65.1
06/02/2023,2,Fools Gold,8.16,19,155.04
06/02/2023,3,Cold Beer B,8.37,32,267.84
06/02/2023,4,Lost Lager,9.1,14,127.4
06/02/2023,5,King Crush,8.71,61,531.31
06/02/2023,6,Wingman Tro,8.51,28,238.28
06/02/2023,7,Grind Stout,9.45,24,226.8
06/02/2023,8,Juice Shack,8.64,12,103.68
06/02/2023,9,Rocky Road,9.44,72,679.68
06/02/2023,10,Wingman,9.15,2,18.3
06/02/2023,11,Arcade Made,7.76,80,620.8
06/02/2023,12,Punk IPA,7.64,79,603.56
06/02/2023,13,Hazy Jane,8.05,90,724.5
06/02/2023,14,Shore Leave,8.95,34,304.3
06/02/2023,15,Simcoe Solo,9.31,12,111.72
06/02/2023,16,Lucky Break,7.69,93,715.17
07/02/2023,1,Black Heart,9.3,41,381.3
07/02/2023,2,Fools Gold,8.16,5,40.8
07/02/2023,3,Cold Beer B,8.37,22,184.14
07/02/2023,4,Lost Lager,9.1,55,500.5
07/02/2023,5,King Crush,8.71,90,783.9
07/02/2023,6,Wingman Tro,8.51,89,757.39
07/02/2023,7,Grind Stout,9.45,29,274.05
07/02/2023,8,Juice Shack,8.64,66,570.24
07/02/2023,9,Rocky Road,9.44,84,792.96
07/02/2023,10,Wingman,9.15,52,475.8
07/02/2023,11,Arcade Made,7.76,33,256.08
07/02/2023,12,Punk IPA,7.64,52,397.28
07/02/2023,13,Hazy Jane,8.05,20,161
07/02/2023,14,Shore Leave,8.95,2,17.9
07/02/2023,15,Simcoe Solo,9.31,12,111.72
07/02/2023,16,Lucky Break,7.69,94,722.86
08/02/2023,1,Black Heart,9.3,72,669.6
08/02/2023,2,Fools Gold,8.16,45,367.2
08/02/2023,3,Cold Beer B,8.37,80,669.6
08/02/2023,4,Lost Lager,9.1,27,245.7
08/02/2023,5,King Crush,8.71,38,330.98
08/02/2023,6,Wingman Tro,8.51,56,476.56
08/02/2023,7,Grind Stout,9.45,77,727.65
08/02/2023,8,Juice Shack,8.64,53,457.92
08/02/2023,9,Rocky Road,9.44,23,217.12
08/02/2023,10,Wingman,9.15,85,777.75
08/02/2023,11,Arcade Made,7.76,14,108.64
08/02/2023,12,Punk IPA,7.64,75,573
08/02/2023,13,Hazy Jane,8.05,37,297.85
08/02/2023,14,Shore Leave,8.95,18,161.1
08/02/2023,15,Simcoe Solo,9.31,74,688.94
08/02/2023,16,Lucky Break,7.69,8,61.52
09/02/2023,1,Black Heart,9.3,31,288.3
09/02/2023,2,Fools Gold,8.16,37,301.92
09/02/2023,3,Cold Beer B,8.37,21,175.77
09/02/2023,4,Lost Lager,9.1,8,72.8
09/02/2023,5,King Crush,8.71,82,714.22
09/02/2023,6,Wingman Tro,8.51,79,672.29
09/02/2023,7,Grind Stout,9.45,74,699.3
09/02/2023,8,Juice Shack,8.64,75,648
09/02/2023,9,Rocky Road,9.44,81,764.64
09/02/2023,10,Wingman,9.15,84,768.6
09/02/2023,11,Arcade Made,7.76,42,325.92
09/02/2023,12,Punk IPA,7.64,98,748.72
09/02/2023,13,Hazy Jane,8.05,98,788.9
09/02/2023,14,Shore Leave,8.95,5,44.75
09/02/2023,15,Simcoe Solo,9.31,81,754.11
09/02/2023,16,Lucky Break,7.69,33,253.77
10/02/2023,1,Black Heart,9.3,0,0
10/02/2023,2,Fools Gold,8.16,19,155.04
10/02/2023,3,Cold Beer B,8.37,60,502.2
10/02/2023,4,Lost Lager,9.1,62,564.2
10/02/2023,5,King Crush,8.71,27,235.17
10/02/2023,6,Wingman Tro,8.51,69,587.19
10/02/2023,7,Grind Stout,9.45,15,141.75
10/02/2023,8,Juice Shack,8.64,6,51.84
10/02/2023,9,Rocky Road,9.44,44,415.36
10/02/2023,10,Wingman,9.15,38,347.7
10/02/2023,11,Arcade Made,7.76,19,147.44
10/02/2023,12,Punk IPA,7.64,99,756.36
10/02/2023,13,Hazy Jane,8.05,80,644
10/02/2023,14,Shore Leave,8.95,52,465.4
10/02/2023,15,Simcoe Solo,9.31,73,679.63
10/02/2023,16,Lucky Break,7.69,63,484.47
11/02/2023,1,Black Heart,9.3,99,920.7
11/02/2023,2,Fools Gold,8.16,96,783.36
11/02/2023,3,Cold Beer B,8.37,31,259.47
11/02/2023,4,Lost Lager,9.1,56,509.6
11/02/2023,5,King Crush,8.71,94,818.74
11/02/2023,6,Wingman Tro,8.51,77,655.27
11/02/2023,7,Grind Stout,9.45,54,510.3
11/02/2023,8,Juice Shack,8.64,60,518.4
11/02/2023,9,Rocky Road,9.44,31,292.64
11/02/2023,10,Wingman,9.15,33,301.95
11/02/2023,11,Arcade Made,7.76,78,605.28
11/02/2023,12,Punk IPA,7.64,73,557.72
11/02/2023,13,Hazy Jane,8.05,70,563.5
11/02/2023,14,Shore Leave,8.95,19,170.05
11/02/2023,15,Simcoe Solo,9.31,24,223.44
11/02/2023,16,Lucky Break,7.69,78,599.82
12/02/2023,1,Black Heart,9.3,27,251.1
12/02/2023,2,Fools Gold,8.16,48,391.68
12/02/2023,3,Cold Beer B,8.37,28,234.36
12/02/2023,4,Lost Lager,9.1,6,54.6
12/02/2023,5,King Crush,8.71,57,496.47
12/02/2023,6,Wingman Tro,8.51,72,612.72
12/02/2023,7,Grind Stout,9.45,55,519.75
12/02/2023,8,Juice Shack,8.64,43,371.52
12/02/2023,9,Rocky Road,9.44,40,377.6
12/02/2023,10,Wingman,9.15,3,27.45
12/02/2023,11,Arcade Made,7.76,12,93.12
12/02/2023,12,Punk IPA,7.64,94,718.16
12/02/2023,13,Hazy Jane,8.05,53,426.65
12/02/2023,14,Shore Leave,8.95,26,232.7
12/02/2023,15,Simcoe Solo,9.31,9,83.79
12/02/2023,16,Lucky Break,7.69,51,392.19
13/02/2023,1,Black Heart,9.3,54,502.2
13/02/2023,2,Fools Gold,8.16,19,155.04
13/02/2023,3,Cold Beer B,8.37,2,16.74
13/02/2023,4,Lost Lager,9.1,1,9.1
13/02/2023,5,King Crush,8.71,51,444.21
13/02/2023,6,Wingman Tro,8.51,100,851
13/02/2023,7,Grind Stout,9.45,78,737.1
13/02/2023,8,Juice Shack,8.64,55,475.2
13/02/2023,9,Rocky Road,9.44,51,481.44
13/02/2023,10,Wingman,9.15,72,658.8
13/02/2023,11,Arcade Made,7.76,49,380.24
13/02/2023,12,Punk IPA,7.64,45,343.8
13/02/2023,13,Hazy Jane,8.05,84,676.2
13/02/2023,14,Shore Leave,8.95,91,814.45
13/02/2023,15,Simcoe Solo,9.31,52,484.12
13/02/2023,16,Lucky Break,7.69,24,184.56
14/02/2023,1,Black Heart,9.3,10,93
14/02/2023,2,Fools Gold,8.16,22,179.52
14/02/2023,3,Cold Beer B,8.37,90,753.3
14/02/2023,4,Lost Lager,9.1,70,637
14/02/2023,5,King Crush,8.71,18,156.78
14/02/2023,6,Wingman Tro,8.51,36,306.36
14/02/2023,7,Grind Stout,9.45,22,207.9
14/02/2023,8,Juice Shack,8.64,77,665.28
14/02/2023,9,Rocky Road,9.44,77,726.88
14/02/2023,10,Wingman,9.15,38,347.7
14/02/2023,11,Arcade Made,7.76,69,535.44
14/02/2023,12,Punk IPA,7.64,3,22.92
14/02/2023,13,Hazy Jane,8.05,17,136.85
14/02/2023,14,Shore Leave,8.95,45,402.75
14/02/2023,15,Simcoe Solo,9.31,51,474.81
14/02/2023,16,Lucky Break,7.69,66,507.54
15/02/2023,1,Black Heart,9.3,90,837
15/02/2023,2,Fools Gold,8.16,28,228.48
15/02/2023,3,Cold Beer B,8.37,3,25.11
15/02/2023,4,Lost Lager,9.1,83,755.3
15/02/2023,5,King Crush,8.71,38,330.98
15/02/2023,6,Wingman Tro,8.51,51,434.01
15/02/2023,7,Grind Stout,9.45,87,822.15
15/02/2023,8,Juice Shack,8.64,76,656.64
15/02/2023,9,Rocky Road,9.44,21,198.24
15/02/2023,10,Wingman,9.15,32,292.8
15/02/2023,11,Arcade Made,7.76,34,263.84
15/02/2023,12,Punk IPA,7.64,54,412.56
15/02/2023,13,Hazy Jane,8.05,67,539.35
15/02/2023,14,Shore Leave,8.95,32,286.4
15/02/2023,15,Simcoe Solo,9.31,90,837.9
15/02/2023,16,Lucky Break,7.69,12,92.28
16/02/2023,1,Black Heart,9.3,47,437.1
16/02/2023,2,Fools Gold,8.16,7,57.12
16/02/2023,3,Cold Beer B,8.37,54,451.98
16/02/2023,4,Lost Lager,9.1,7,63.7
16/02/2023,5,King Crush,8.71,21,182.91
16/02/2023,6,Wingman Tro,8.51,19,161.69
16/02/2023,7,Grind Stout,9.45,27,255.15
16/02/2023,8,Juice Shack,8.64,7,60.48
16/02/2023,9,Rocky Road,9.44,92,868.48
16/02/2023,10,Wingman,9.15,80,732
16/02/2023,11,Arcade Made,7.76,27,209.52
16/02/2023,12,Punk IPA,7.64,47,359.08
16/02/2023,13,Hazy Jane,8.05,17,136.85
16/02/2023,14,Shore Leave,8.95,17,152.15
16/02/2023,15,Simcoe Solo,9.31,1,9.31
16/02/2023,16,Lucky Break,7.69,100,769
17/02/2023,1,Black Heart,9.3,51,474.3
17/02/2023,2,Fools Gold,8.16,82,669.12
17/02/2023,3,Cold Beer B,8.37,97,811.89
17/02/2023,4,Lost Lager,9.1,50,455
17/02/2023,5,King Crush,8.71,31,270.01
17/02/2023,6,Wingman Tro,8.51,77,655.27
17/02/2023,7,Grind Stout,9.45,95,897.75
17/02/2023,8,Juice Shack,8.64,39,336.96
17/02/2023,9,Rocky Road,9.44,90,849.6
17/02/2023,10,Wingman,9.15,86,786.9
17/02/2023,11,Arcade Made,7.76,84,651.84
17/02/2023,12,Punk IPA,7.64,42,320.88
17/02/2023,13,Hazy Jane,8.05,32,257.6
17/02/2023,14,Shore Leave,8.95,33,295.35
17/02/2023,15,Simcoe Solo,9.31,29,269.99
17/02/2023,16,Lucky Break,7.69,17,130.73
18/02/2023,1,Black Heart,9.3,89,827.7
18/02/2023,2,Fools Gold,8.16,82,669.12
18/02/2023,3,Cold Beer B,8.37,72,602.64
18/02/2023,4,Lost Lager,9.1,10,91
18/02/2023,5,King Crush,8.71,82,714.22
18/02/2023,6,Wingman Tro,8.51,42,357.42
18/02/2023,7,Grind Stout,9.45,91,859.95
18/02/2023,8,Juice Shack,8.64,71,613.44
18/02/2023,9,Rocky Road,9.44,72,679.68
18/02/2023,10,Wingman,9.15,49,448.35
18/02/2023,11,Arcade Made,7.76,5,38.8
18/02/2023,12,Punk IPA,7.64,55,420.2
18/02/2023,13,Hazy Jane,8.05,34,273.7
18/02/2023,14,Shore Leave,8.95,17,152.15
18/02/2023,15,Simcoe Solo,9.31,77,716.87
18/02/2023,16,Lucky Break,7.69,25,192.25
19/02/2023,1,Black Heart,9.3,54,502.2
19/02/2023,2,Fools Gold,8.16,47,383.52
19/02/2023,3,Cold Beer B,8.37,48,401.76
19/02/2023,4,Lost Lager,9.1,78,709.8
19/02/2023,5,King Crush,8.71,85,740.35
19/02/2023,6,Wingman Tro,8.51,75,638.25
19/02/2023,7,Grind Stout,9.45,40,378
19/02/2023,8,Juice Shack,8.64,94,812.16
19/02/2023,9,Rocky Road,9.44,80,755.2
19/02/2023,10,Wingman,9.15,67,613.05
19/02/2023,11,Arcade Made,7.76,83,644.08
19/02/2023,12,Punk IPA,7.64,51,389.64
19/02/2023,13,Hazy Jane,8.05,66,531.3
19/02/2023,14,Shore Leave,8.95,17,152.15
19/02/2023,15,Simcoe Solo,9.31,13,121.03
19/02/2023,16,Lucky Break,7.69,48,369.12
20/02/2023,1,Black Heart,9.3,10,93
20/02/2023,2,Fools Gold,8.16,63,514.08
20/02/2023,3,Cold Beer B,8.37,66,552.42
20/02/2023,4,Lost Lager,9.1,42,382.2
20/02/2023,5,King Crush,8.71,57,496.47
20/02/2023,6,Wingman Tro,8.51,11,93.61
20/02/2023,7,Grind Stout,9.45,28,264.6
20/02/2023,8,Juice Shack,8.64,12,103.68
20/02/2023,9,Rocky Road,9.44,6,56.64
20/02/2023,10,Wingman,9.15,23,210.45
20/02/2023,11,Arcade Made,7.76,30,232.8
20/02/2023,12,Punk IPA,7.64,60,458.4
20/02/2023,13,Hazy Jane,8.05,52,418.6
20/02/2023,14,Shore Leave,8.95,87,778.65
20/02/2023,15,Simcoe Solo,9.31,47,437.57
20/02/2023,16,Lucky Break,7.69,42,322.98
21/02/2023,1,Black Heart,9.3,42,390.6
21/02/2023,2,Fools Gold,8.16,12,97.92
21/02/2023,3,Cold Beer B,8.37,49,410.13
21/02/2023,4,Lost Lager,9.1,88,800.8
21/02/2023,5,King Crush,8.71,86,749.06
21/02/2023,6,Wingman Tro,8.51,48,408.48
21/02/2023,7,Grind Stout,9.45,34,321.3
21/02/2023,8,Juice Shack,8.64,100,864
21/02/2023,9,Rocky Road,9.44,41,387.04
21/02/2023,10,Wingman,9.15,75,686.25
21/02/2023,11,Arcade Made,7.76,74,574.24
21/02/2023,12,Punk IPA,7.64,33,252.12
21/02/2023,13,Hazy Jane,8.05,11,88.55
21/02/2023,14,Shore Leave,8.95,84,751.8
21/02/2023,15,Simcoe Solo,9.31,60,558.6
21/02/2023,16,Lucky Break,7.69,54,415.26
22/02/2023,1,Black Heart,9.3,13,120.9
22/02/2023,2,Fools Gold,8.16,18,146.88
22/02/2023,3,Cold Beer B,8.37,11,92.07
22/02/2023,4,Lost Lager,9.1,74,673.4
22/02/2023,5,King Crush,8.71,87,757.77
22/02/2023,6,Wingman Tro,8.51,40,340.4
22/02/2023,7,Grind Stout,9.45,55,519.75
22/02/2023,8,Juice Shack,8.64,38,328.32
22/02/2023,9,Rocky Road,9.44,14,132.16
22/02/2023,10,Wingman,9.15,74,677.1
22/02/2023,11,Arcade Made,7.76,71,550.96
22/02/2023,12,Punk IPA,7.64,99,756.36
22/02/2023,13,Hazy Jane,8.05,67,539.35
22/02/2023,14,Shore Leave,8.95,35,313.25
22/02/2023,15,Simcoe Solo,9.31,91,847.21
22/02/2023,16,Lucky Break,7.69,87,669.03
23/02/2023,1,Black Heart,9.3,0,0
23/02/2023,2,Fools Gold,8.16,89,726.24
23/02/2023,3,Cold Beer B,8.37,69,577.53
23/02/2023,4,Lost Lager,9.1,10,91
23/02/2023,5,King Crush,8.71,70,609.7
23/02/2023,6,Wingman Tro,8.51,30,255.3
23/02/2023,7,Grind Stout,9.45,30,283.5
23/02/2023,8,Juice Shack,8.64,29,250.56
23/02/2023,9,Rocky Road,9.44,4,37.76
23/02/2023,10,Wingman,9.15,27,247.05
23/02/2023,11,Arcade Made,7.76,49,380.24
23/02/2023,12,Punk IPA,7.64,100,764
23/02/2023,13,Hazy Jane,8.05,39,313.95
23/02/2023,14,Shore Leave,8.95,45,402.75
23/02/2023,15,Simcoe Solo,9.31,48,446.88
23/02/2023,16,Lucky Break,7.69,59,453.71
24/02/2023,1,Black Heart,9.3,24,223.2
24/02/2023,2,Fools Gold,8.16,80,652.8
24/02/2023,3,Cold Beer B,8.37,93,778.41
24/02/2023,4,Lost Lager,9.1,73,664.3
24/02/2023,5,King Crush,8.71,86,749.06
24/02/2023,6,Wingman Tro,8.51,63,536.13
24/02/2023,7,Grind Stout,9.45,17,160.65
24/02/2023,8,Juice Shack,8.64,53,457.92
24/02/2023,9,Rocky Road,9.44,9,84.96
24/02/2023,10,Wingman,9.15,67,613.05
24/02/2023,11,Arcade Made,7.76,73,566.48
24/02/2023,12,Punk IPA,7.64,6,45.84
24/02/2023,13,Hazy Jane,8.05,45,362.25
24/02/2023,14,Shore Leave,8.95,89,796.55
24/02/2023,15,Simcoe Solo,9.31,86,800.66
24/02/2023,16,Lucky Break,7.69,20,153.8
25/02/2023,1,Black Heart,9.3,61,567.3
25/02/2023,2,Fools Gold,8.16,65,530.4
25/02/2023,3,Cold Beer B,8.37,75,627.75
25/02/2023,4,Lost Lager,9.1,76,691.6
25/02/2023,5,King Crush,8.71,89,775.19
25/02/2023,6,Wingman Tro,8.51,26,221.26
25/02/2023,7,Grind Stout,9.45,69,652.05
25/02/2023,8,Juice Shack,8.64,35,302.4
25/02/2023,9,Rocky Road,9.44,4,37.76
25/02/2023,10,Wingman,9.15,19,173.85
25/02/2023,11,Arcade Made,7.76,33,256.08
25/02/2023,12,Punk IPA,7.64,44,336.16
25/02/2023,13,Hazy Jane,8.05,79,635.95
25/02/2023,14,Shore Leave,8.95,59,528.05
25/02/2023,15,Simcoe Solo,9.31,44,409.64
25/02/2023,16,Lucky Break,7.69,22,169.18
26/02/2023,1,Black Heart,9.3,74,688.2
26/02/2023,2,Fools Gold,8.16,32,261.12
26/02/2023,3,Cold Beer B,8.37,61,510.57
26/02/2023,4,Lost Lager,9.1,29,263.9
26/02/2023,5,King Crush,8.71,8,69.68
26/02/2023,6,Wingman Tro,8.51,72,612.72
26/02/2023,7,Grind Stout,9.45,13,122.85
26/02/2023,8,Juice Shack,8.64,81,699.84
26/02/2023,9,Rocky Road,9.44,51,481.44
26/02/2023,10,Wingman,9.15,60,549
26/02/2023,11,Arcade Made,7.76,3,23.28
26/02/2023,12,Punk IPA,7.64,13,99.32
26/02/2023,13,Hazy Jane,8.05,27,217.35
26/02/2023,14,Shore Leave,8.95,70,626.5
26/02/2023,15,Simcoe Solo,9.31,68,633.08
26/02/2023,16,Lucky Break,7.69,95,730.55
27/02/2023,1,Black Heart,9.3,64,595.2
27/02/2023,2,Fools Gold,8.16,68,554.88
27/02/2023,3,Cold Beer B,8.37,73,611.01
27/02/2023,4,Lost Lager,9.1,76,691.6
27/02/2023,5,King Crush,8.71,5,43.55
27/02/2023,6,Wingman Tro,8.51,78,663.78
27/02/2023,7,Grind Stout,9.45,54,510.3
27/02/2023,8,Juice Shack,8.64,78,673.92
27/02/2023,9,Rocky Road,9.44,95,896.8
27/02/2023,10,Wingman,9.15,83,759.45
27/02/2023,11,Arcade Made,7.76,51,395.76
27/02/2023,12,Punk IPA,7.64,75,573
27/02/2023,13,Hazy Jane,8.05,92,740.6
27/02/2023,14,Shore Leave,8.95,95,850.25
27/02/2023,15,Simcoe Solo,9.31,71,661.01
27/02/2023,16,Lucky Break,7.69,56,430.64
28/02/2023,1,Black Heart,9.3,62,576.6
28/02/2023,2,Fools Gold,8.16,89,726.24
28/02/2023,3,Cold Beer B,8.37,80,669.6
28/02/2023,4,Lost Lager,9.1,38,345.8
28/02/2023,5,King Crush,8.71,76,661.96
28/02/2023,6,Wingman Tro,8.51,63,536.13
28/02/2023,7,Grind Stout,9.45,6,56.7
28/02/2023,8,Juice Shack,8.64,79,682.56
28/02/2023,9,Rocky Road,9.44,85,802.4
28/02/2023,10,Wingman,9.15,41,375.15
28/02/2023,11,Arcade Made,7.76,82,636.32
28/02/2023,12,Punk IPA,7.64,10,76.4
28/02/2023,13,Hazy Jane,8.05,100,805
28/02/2023,14,Shore Leave,8.95,1,8.95
28/02/2023,15,Simcoe Solo,9.31,25,232.75
28/02/2023,16,Lucky Break,7.69,8,61.52
01/03/2023,1,Black Heart,9.3,16,148.8
01/03/2023,2,Fools Gold,8.16,86,701.76
01/03/2023,3,Cold Beer B,8.37,58,485.46
01/03/2023,4,Lost Lager,9.1,64,582.4
01/03/2023,5,King Crush,8.71,3,26.13
01/03/2023,6,Wingman Tro,8.51,2,17.02
01/03/2023,7,Grind Stout,9.45,66,623.7
01/03/2023,8,Juice Shack,8.64,62,535.68
01/03/2023,9,Rocky Road,9.44,55,519.2
01/03/2023,10,Wingman,9.15,9,82.35
01/03/2023,11,Arcade Made,7.76,95,737.2
01/03/2023,12,Punk IPA,7.64,38,290.32
01/03/2023,13,Hazy Jane,8.05,85,684.25
01/03/2023,14,Shore Leave,8.95,92,823.4
01/03/2023,15,Simcoe Solo,9.31,69,642.39
01/03/2023,16,Lucky Break,7.69,49,376.81
02/03/2023,1,Black Heart,9.3,48,446.4
02/03/2023,2,Fools Gold,8.16,67,546.72
02/03/2023,3,Cold Beer B,8.37,22,184.14
02/03/2023,4,Lost Lager,9.1,72,655.2
02/03/2023,5,King Crush,8.71,18,156.78
02/03/2023,6,Wingman Tro,8.51,29,246.79
02/03/2023,7,Grind Stout,9.45,76,718.2
02/03/2023,8,Juice Shack,8.64,41,354.24
02/03/2023,9,Rocky Road,9.44,44,415.36
02/03/2023,10,Wingman,9.15,100,915
02/03/2023,11,Arcade Made,7.76,15,116.4
02/03/2023,12,Punk IPA,7.64,12,91.68
02/03/2023,13,Hazy Jane,8.05,37,297.85
02/03/2023,14,Shore Leave,8.95,24,214.8
02/03/2023,15,Simcoe Solo,9.31,97,903.07
02/03/2023,16,Lucky Break,7.69,11,84.59
03/03/2023,1,Black Heart,9.3,1,9.3
03/03/2023,2,Fools Gold,8.16,42,342.72
03/03/2023,3,Cold Beer B,8.37,81,677.97
03/03/2023,4,Lost Lager,9.1,82,746.2
03/03/2023,5,King Crush,8.71,77,670.67
03/03/2023,6,Wingman Tro,8.51,93,791.43
03/03/2023,7,Grind Stout,9.45,77,727.65
03/03/2023,8,Juice Shack,8.64,3,25.92
03/03/2023,9,Rocky Road,9.44,27,254.88
03/03/2023,10,Wingman,9.15,62,567.3
03/03/2023,11,Arcade Made,7.76,40,310.4
03/03/2023,12,Punk IPA,7.64,78,595.92
03/03/2023,13,Hazy Jane,8.05,74,595.7
03/03/2023,14,Shore Leave,8.95,67,599.65
03/03/2023,15,Simcoe Solo,9.31,97,903.07
03/03/2023,16,Lucky Break,7.69,81,622.89
04/03/2023,1,Black Heart,9.3,57,530.1
04/03/2023,2,Fools Gold,8.16,27,220.32
04/03/2023,3,Cold Beer B,8.37,46,385.02
04/03/2023,4,Lost Lager,9.1,40,364
04/03/2023,5,King Crush,8.71,90,783.9
04/03/2023,6,Wingman Tro,8.51,16,136.16
04/03/2023,7,Grind Stout,9.45,52,491.4
04/03/2023,8,Juice Shack,8.64,14,120.96
04/03/2023,9,Rocky Road,9.44,95,896.8
04/03/2023,10,Wingman,9.15,41,375.15
04/03/2023,11,Arcade Made,7.76,10,77.6
04/03/2023,12,Punk IPA,7.64,46,351.44
04/03/2023,13,Hazy Jane,8.05,5,40.25
04/03/2023,14,Shore Leave,8.95,96,859.2
04/03/2023,15,Simcoe Solo,9.31,8,74.48
04/03/2023,16,Lucky Break,7.69,67,515.23
05/03/2023,1,Black Heart,9.3,90,837
05/03/2023,2,Fools Gold,8.16,83,677.28
05/03/2023,3,Cold Beer B,8.37,54,451.98
05/03/2023,4,Lost Lager,9.1,82,746.2
05/03/2023,5,King Crush,8.71,57,496.47
05/03/2023,6,Wingman Tro,8.51,39,331.89
05/03/2023,7,Grind Stout,9.45,92,869.4
05/03/2023,8,Juice Shack,8.64,13,112.32
05/03/2023,9,Rocky Road,9.44,93,877.92
05/03/2023,10,Wingman,9.15,73,667.95
05/03/2023,11,Arcade Made,7.76,64,496.64
05/03/2023,12,Punk IPA,7.64,49,374.36
05/03/2023,13,Hazy Jane,8.05,51,410.55
05/03/2023,14,Shore Leave,8.95,93,832.35
05/03/2023,15,Simcoe Solo,9.31,70,651.7
05/03/2023,16,Lucky Break,7.69,14,107.66
06/03/2023,1,Black Heart,9.3,49,455.7
06/03/2023,2,Fools Gold,8.16,22,179.52
06/03/2023,3,Cold Beer B,8.37,36,301.32
06/03/2023,4,Lost Lager,9.1,61,555.1
06/03/2023,5,King Crush,8.71,21,182.91
06/03/2023,6,Wingman Tro,8.51,100,851
06/03/2023,7,Grind Stout,9.45,99,935.55
06/03/2023,8,Juice Shack,8.64,100,864
06/03/2023,9,Rocky Road,9.44,90,849.6
06/03/2023,10,Wingman,9.15,33,301.95
06/03/2023,11,Arcade Made,7.76,74,574.24
06/03/2023,12,Punk IPA,7.64,62,473.68
06/03/2023,13,Hazy Jane,8.05,80,644
06/03/2023,14,Shore Leave,8.95,92,823.4
06/03/2023,15,Simcoe Solo,9.31,42,391.02
06/03/2023,16,Lucky Break,7.69,17,130.73
07/03/2023,1,Black Heart,9.3,84,781.2
07/03/2023,2,Fools Gold,8.16,89,726.24
07/03/2023,3,Cold Beer B,8.37,88,736.56
07/03/2023,4,Lost Lager,9.1,49,445.9
07/03/2023,5,King Crush,8.71,39,339.69
07/03/2023,6,Wingman Tro,8.51,7,59.57
07/03/2023,7,Grind Stout,9.45,68,642.6
07/03/2023,8,Juice Shack,8.64,18,155.52
07/03/2023,9,Rocky Road,9.44,16,151.04
07/03/2023,10,Wingman,9.15,11,100.65
07/03/2023,11,Arcade Made,7.76,93,721.68
07/03/2023,12,Punk IPA,7.64,53,404.92
07/03/2023,13,Hazy Jane,8.05,19,152.95
07/03/2023,14,Shore Leave,8.95,27,241.65
07/03/2023,15,Simcoe Solo,9.31,77,716.87
07/03/2023,16,Lucky Break,7.69,55,422.95
08/03/2023,1,Black Heart,9.3,72,669.6
08/03/2023,2,Fools Gold,8.16,82,669.12
08/03/2023,3,Cold Beer B,8.37,8,66.96
08/03/2023,4,Lost Lager,9.1,38,345.8
08/03/2023,5,King Crush,8.71,14,121.94
08/03/2023,6,Wingman Tro,8.51,3,25.53
08/03/2023,7,Grind Stout,9.45,30,283.5
08/03/2023,8,Juice Shack,8.64,1,8.64
08/03/2023,9,Rocky Road,9.44,6,56.64
08/03/2023,10,Wingman,9.15,88,805.2
08/03/2023,11,Arcade Made,7.76,7,54.32
08/03/2023,12,Punk IPA,7.64,19,145.16
08/03/2023,13,Hazy Jane,8.05,51,410.55
08/03/2023,14,Shore Leave,8.95,47,420.65
08/03/2023,15,Simcoe Solo,9.31,42,391.02
08/03/2023,16,Lucky Break,7.69,3,23.07
09/03/2023,1,Black Heart,9.3,39,362.7
09/03/2023,2,Fools Gold,8.16,76,620.16
09/03/2023,3,Cold Beer B,8.37,70,585.9
09/03/2023,4,Lost Lager,9.1,52,473.2
09/03/2023,5,King Crush,8.71,63,548.73
09/03/2023,6,Wingman Tro,8.51,94,799.94
09/03/2023,7,Grind Stout,9.45,15,141.75
09/03/2023,8,Juice Shack,8.64,15,129.6
09/03/2023,9,Rocky Road,9.44,84,792.96
09/03/2023,10,Wingman,9.15,77,704.55
09/03/2023,11,Arcade Made,7.76,100,776
09/03/2023,12,Punk IPA,7.64,11,84.04
09/03/2023,13,Hazy Jane,8.05,0,0
09/03/2023,14,Shore Leave,8.95,7,62.65
09/03/2023,15,Simcoe Solo,9.31,62,577.22
09/03/2023,16,Lucky Break,7.69,37,284.53
10/03/2023,1,Black Heart,9.3,100,930
10/03/2023,2,Fools Gold,8.16,41,334.56
10/03/2023,3,Cold Beer B,8.37,24,200.88
10/03/2023,4,Lost Lager,9.1,46,418.6
10/03/2023,5,King Crush,8.71,48,418.08
10/03/2023,6,Wingman Tro,8.51,42,357.42
10/03/2023,7,Grind Stout,9.45,41,387.45
10/03/2023,8,Juice Shack,8.64,45,388.8
10/03/2023,9,Rocky Road,9.44,13,122.72
10/03/2023,10,Wingman,9.15,45,411.75
10/03/2023,11,Arcade Made,7.76,88,682.88
10/03/2023,12,Punk IPA,7.64,26,198.64
10/03/2023,13,Hazy Jane,8.05,44,354.2
10/03/2023,14,Shore Leave,8.95,36,322.2
10/03/2023,15,Simcoe Solo,9.31,62,577.22
10/03/2023,16,Lucky Break,7.69,78,599.82
11/03/2023,1,Black Heart,9.3,58,539.4
11/03/2023,2,Fools Gold,8.16,87,709.92
11/03/2023,3,Cold Beer B,8.37,34,284.58
11/03/2023,4,Lost Lager,9.1,95,864.5
11/03/2023,5,King Crush,8.71,99,862.29
11/03/2023,6,Wingman Tro,8.51,30,255.3
11/03/2023,7,Grind Stout,9.45,56,529.2
11/03/2023,8,Juice Shack,8.64,73,630.72
11/03/2023,9,Rocky Road,9.44,69,651.36
11/03/2023,10,Wingman,9.15,19,173.85
11/03/2023,11,Arcade Made,7.76,3,23.28
11/03/2023,12,Punk IPA,7.64,20,152.8
11/03/2023,13,Hazy Jane,8.05,67,539.35
11/03/2023,14,Shore Leave,8.95,5,44.75
11/03/2023,15,Simcoe Solo,9.31,22,204.82
11/03/2023,16,Lucky Break,7.69,29,223.01
12/03/2023,1,Black Heart,9.3,49,455.7
12/03/2023,2,Fools Gold,8.16,31,252.96
12/03/2023,3,Cold Beer B,8.37,10,83.7
12/03/2023,4,Lost Lager,9.1,39,354.9
12/03/2023,5,King Crush,8.71,70,609.7
12/03/2023,6,Wingman Tro,8.51,78,663.78
12/03/2023,7,Grind Stout,9.45,42,396.9
12/03/2023,8,Juice Shack,8.64,71,613.44
12/03/2023,9,Rocky Road,9.44,43,405.92
12/03/2023,10,Wingman,9.15,87,796.05
12/03/2023,11,Arcade Made,7.76,99,768.24
12/03/2023,12,Punk IPA,7.64,90,687.6
12/03/2023,13,Hazy Jane,8.05,40,322
12/03/2023,14,Shore Leave,8.95,50,447.5
12/03/2023,15,Simcoe Solo,9.31,64,595.84
12/03/2023,16,Lucky Break,7.69,81,622.89
13/03/2023,1,Black Heart,9.3,12,111.6
13/03/2023,2,Fools Gold,8.16,4,32.64
13/03/2023,3,Cold Beer B,8.37,39,326.43
13/03/2023,4,Lost Lager,9.1,74,673.4
13/03/2023,5,King Crush,8.71,74,644.54
13/03/2023,6,Wingman Tro,8.51,68,578.68
13/03/2023,7,Grind Stout,9.45,82,774.9
13/03/2023,8,Juice Shack,8.64,0,0
13/03/2023,9,Rocky Road,9.44,40,377.6
13/03/2023,10,Wingman,9.15,29,265.35
13/03/2023,11,Arcade Made,7.76,20,155.2
13/03/2023,12,Punk IPA,7.64,38,290.32
13/03/2023,13,Hazy Jane,8.05,47,378.35
13/03/2023,14,Shore Leave,8.95,70,626.5
13/03/2023,15,Simcoe Solo,9.31,17,158.27
13/03/2023,16,Lucky Break,7.69,66,507.54
14/03/2023,1,Black Heart,9.3,35,325.5
14/03/2023,2,Fools Gold,8.16,62,505.92
14/03/2023,3,Cold Beer B,8.37,32,267.84
14/03/2023,4,Lost Lager,9.1,67,609.7
14/03/2023,5,King Crush,8.71,43,374.53
14/03/2023,6,Wingman Tro,8.51,90,765.9
14/03/2023,7,Grind Stout,9.45,46,434.7
14/03/2023,8,Juice Shack,8.64,80,691.2
14/03/2023,9,Rocky Road,9.44,18,169.92
14/03/2023,10,Wingman,9.15,65,594.75
14/03/2023,11,Arcade Made,7.76,99,768.24
14/03/2023,12,Punk IPA,7.64,43,328.52
14/03/2023,13,Hazy Jane,8.05,13,104.65
14/03/2023,14,Shore Leave,8.95,66,590.7
14/03/2023,15,Simcoe Solo,9.31,72,670.32
14/03/2023,16,Lucky Break,7.69,72,553.68
15/03/2023,1,Black Heart,9.3,30,279
15/03/2023,2,Fools Gold,8.16,55,448.8
15/03/2023,3,Cold Beer B,8.37,82,686.34
15/03/2023,4,Lost Lager,9.1,77,700.7
15/03/2023,5,King Crush,8.71,90,783.9
15/03/2023,6,Wingman Tro,8.51,32,272.32
15/03/2023,7,Grind Stout,9.45,8,75.6
15/03/2023,8,Juice Shack,8.64,92,794.88
15/03/2023,9,Rocky Road,9.44,8,75.52
15/03/2023,10,Wingman,9.15,57,521.55
15/03/2023,11,Arcade Made,7.76,75,582
15/03/2023,12,Punk IPA,7.64,52,397.28
15/03/2023,13,Hazy Jane,8.05,64,515.2
15/03/2023,14,Shore Leave,8.95,10,89.5
15/03/2023,15,Simcoe Solo,9.31,44,409.64
15/03/2023,16,Lucky Break,7.69,45,346.05
16/03/2023,1,Black Heart,9.3,36,334.8
16/03/2023,2,Fools Gold,8.16,64,522.24
16/03/2023,3,Cold Beer B,8.37,68,569.16
16/03/2023,4,Lost Lager,9.1,81,737.1
16/03/2023,5,King Crush,8.71,11,95.81
16/03/2023,6,Wingman Tro,8.51,29,246.79
16/03/2023,7,Grind Stout,9.45,41,387.45
16/03/2023,8,Juice Shack,8.64,99,855.36
16/03/2023,9,Rocky Road,9.44,18,169.92
16/03/2023,10,Wingman,9.15,44,402.6
16/03/2023,11,Arcade Made,7.76,26,201.76
16/03/2023,12,Punk IPA,7.64,86,657.04
16/03/2023,13,Hazy Jane,8.05,95,764.75
16/03/2023,14,Shore Leave,8.95,67,599.65
16/03/2023,15,Simcoe Solo,9.31,18,167.58
16/03/2023,16,Lucky Break,7.69,52,399.88
17/03/2023,1,Black Heart,9.3,0,0
17/03/2023,2,Fools Gold,8.16,13,106.08
17/03/2023,3,Cold Beer B,8.37,88,736.56
17/03/2023,4,Lost Lager,9.1,95,864.5
17/03/2023,5,King Crush,8.71,46,400.66
17/03/2023,6,Wingman Tro,8.51,98,833.98
17/03/2023,7,Grind Stout,9.45,44,415.8
17/03/2023,8,Juice Shack,8.64,50,432
17/03/2023,9,Rocky Road,9.44,50,472
17/03/2023,10,Wingman,9.15,24,219.6
17/03/2023,11,Arcade Made,7.76,26,201.76
17/03/2023,12,Punk IPA,7.64,87,664.68
17/03/2023,13,Hazy Jane,8.05,11,88.55
17/03/2023,14,Shore Leave,8.95,94,841.3
17/03/2023,15,Simcoe Solo,9.31,72,670.32
17/03/2023,16,Lucky Break,7.69,97,745.93
18/03/2023,1,Black Heart,9.3,4,37.2
18/03/2023,2,Fools Gold,8.16,4,32.64
18/03/2023,3,Cold Beer B,8.37,96,803.52
18/03/2023,4,Lost Lager,9.1,59,536.9
18/03/2023,5,King Crush,8.71,78,679.38
18/03/2023,6,Wingman Tro,8.51,9,76.59
18/03/2023,7,Grind Stout,9.45,28,264.6
18/03/2023,8,Juice Shack,8.64,75,648
18/03/2023,9,Rocky Road,9.44,94,887.36
18/03/2023,10,Wingman,9.15,70,640.5
18/03/2023,11,Arcade Made,7.76,34,263.84
18/03/2023,12,Punk IPA,7.64,90,687.6
18/03/2023,13,Hazy Jane,8.05,93,748.65
18/03/2023,14,Shore Leave,8.95,29,259.55
18/03/2023,15,Simcoe Solo,9.31,67,623.77
18/03/2023,16,Lucky Break,7.69,59,453.71
19/03/2023,1,Black Heart,9.3,46,427.8
19/03/2023,2,Fools Gold,8.16,66,538.56
19/03/2023,3,Cold Beer B,8.37,78,652.86
19/03/2023,4,Lost Lager,9.1,22,200.2
19/03/2023,5,King Crush,8.71,39,339.69
19/03/2023,6,Wingman Tro,8.51,43,365.93
19/03/2023,7,Grind Stout,9.45,82,774.9
19/03/2023,8,Juice Shack,8.64,32,276.48
19/03/2023,9,Rocky Road,9.44,37,349.28
19/03/2023,10,Wingman,9.15,90,823.5
19/03/2023,11,Arcade Made,7.76,82,636.32
19/03/2023,12,Punk IPA,7.64,71,542.44
19/03/2023,13,Hazy Jane,8.05,66,531.3
19/03/2023,14,Shore Leave,8.95,59,528.05
19/03/2023,15,Simcoe Solo,9.31,44,409.64
19/03/2023,16,Lucky Break,7.69,29,223.01
20/03/2023,1,Black Heart,9.3,68,632.4
20/03/2023,2,Fools Gold,8.16,53,432.48
20/03/2023,3,Cold Beer B,8.37,24,200.88
20/03/2023,4,Lost Lager,9.1,46,418.6
20/03/2023,5,King Crush,8.71,46,400.66
20/03/2023,6,Wingman Tro,8.51,98,833.98
20/03/2023,7,Grind Stout,9.45,45,425.25
20/03/2023,8,Juice Shack,8.64,6,51.84
20/03/2023,9,Rocky Road,9.44,89,840.16
20/03/2023,10,Wingman,9.15,23,210.45
20/03/2023,11,Arcade Made,7.76,8,62.08
20/03/2023,12,Punk IPA,7.64,43,328.52
20/03/2023,13,Hazy Jane,8.05,83,668.15
20/03/2023,14,Shore Leave,8.95,60,537
20/03/2023,15,Simcoe Solo,9.31,81,754.11
20/03/2023,16,Lucky Break,7.69,94,722.86
21/03/2023,1,Black Heart,9.3,73,678.9
21/03/2023,2,Fools Gold,8.16,47,383.52
21/03/2023,3,Cold Beer B,8.37,43,359.91
21/03/2023,4,Lost Lager,9.1,62,564.2
21/03/2023,5,King Crush,8.71,78,679.38
21/03/2023,6,Wingman Tro,8.51,23,195.73
21/03/2023,7,Grind Stout,9.45,79,746.55
21/03/2023,8,Juice Shack,8.64,70,604.8
21/03/2023,9,Rocky Road,9.44,59,556.96
21/03/2023,10,Wingman,9.15,33,301.95
21/03/2023,11,Arcade Made,7.76,85,659.6
21/03/2023,12,Punk IPA,7.64,42,320.88
21/03/2023,13,Hazy Jane,8.05,25,201.25
21/03/2023,14,Shore Leave,8.95,16,143.2
21/03/2023,15,Simcoe Solo,9.31,81,754.11
21/03/2023,16,Lucky Break,7.69,11,84.59
22/03/2023,1,Black Heart,9.3,1,9.3
22/03/2023,2,Fools Gold,8.16,68,554.88
22/03/2023,3,Cold Beer B,8.37,54,451.98
22/03/2023,4,Lost Lager,9.1,51,464.1
22/03/2023,5,King Crush,8.71,71,618.41
22/03/2023,6,Wingman Tro,8.51,78,663.78
22/03/2023,7,Grind Stout,9.45,96,907.2
22/03/2023,8,Juice Shack,8.64,60,518.4
22/03/2023,9,Rocky Road,9.44,87,821.28
22/03/2023,10,Wingman,9.15,95,869.25
22/03/2023,11,Arcade Made,7.76,26,201.76
22/03/2023,12,Punk IPA,7.64,68,519.52
22/03/2023,13,Hazy Jane,8.05,3,24.15
22/03/2023,14,Shore Leave,8.95,88,787.6
22/03/2023,15,Simcoe Solo,9.31,80,744.8
22/03/2023,16,Lucky Break,7.69,78,599.82
23/03/2023,1,Black Heart,9.3,47,437.1
23/03/2023,2,Fools Gold,8.16,21,171.36
23/03/2023,3,Cold Beer B,8.37,46,385.02
23/03/2023,4,Lost Lager,9.1,76,691.6
23/03/2023,5,King Crush,8.71,52,452.92
23/03/2023,6,Wingman Tro,8.51,69,587.19
23/03/2023,7,Grind Stout,9.45,50,472.5
23/03/2023,8,Juice Shack,8.64,6,51.84
23/03/2023,9,Rocky Road,9.44,1,9.44
23/03/2023,10,Wingman,9.15,26,237.9
23/03/2023,11,Arcade Made,7.76,92,713.92
23/03/2023,12,Punk IPA,7.64,35,267.4
23/03/2023,13,Hazy Jane,8.05,63,507.15
23/03/2023,14,Shore Leave,8.95,67,599.65
23/03/2023,15,Simcoe Solo,9.31,59,549.29
23/03/2023,16,Lucky Break,7.69,35,269.15
24/03/2023,1,Black Heart,9.3,10,93
24/03/2023,2,Fools Gold,8.16,59,481.44
24/03/2023,3,Cold Beer B,8.37,27,225.99
24/03/2023,4,Lost Lager,9.1,55,500.5
24/03/2023,5,King Crush,8.71,87,757.77
24/03/2023,6,Wingman Tro,8.51,33,280.83
24/03/2023,7,Grind Stout,9.45,90,850.5
24/03/2023,8,Juice Shack,8.64,62,535.68
24/03/2023,9,Rocky Road,9.44,77,726.88
24/03/2023,10,Wingman,9.15,59,539.85
24/03/2023,11,Arcade Made,7.76,33,256.08
24/03/2023,12,Punk IPA,7.64,97,741.08
24/03/2023,13,Hazy Jane,8.05,11,88.55
24/03/2023,14,Shore Leave,8.95,67,599.65
24/03/2023,15,Simcoe Solo,9.31,89,828.59
24/03/2023,16,Lucky Break,7.69,7,53.83
25/03/2023,1,Black Heart,9.3,89,827.7
25/03/2023,2,Fools Gold,8.16,60,489.6
25/03/2023,3,Cold Beer B,8.37,51,426.87
25/03/2023,4,Lost Lager,9.1,36,327.6
25/03/2023,5,King Crush,8.71,89,775.19
25/03/2023,6,Wingman Tro,8.51,6,51.06
25/03/2023,7,Grind Stout,9.45,0,0
25/03/2023,8,Juice Shack,8.64,81,699.84
25/03/2023,9,Rocky Road,9.44,76,717.44
25/03/2023,10,Wingman,9.15,63,576.45
25/03/2023,11,Arcade Made,7.76,84,651.84
25/03/2023,12,Punk IPA,7.64,42,320.88
25/03/2023,13,Hazy Jane,8.05,22,177.1
25/03/2023,14,Shore Leave,8.95,42,375.9
25/03/2023,15,Simcoe Solo,9.31,43,400.33
25/03/2023,16,Lucky Break,7.69,39,299.91
26/03/2023,1,Black Heart,9.3,83,771.9
26/03/2023,2,Fools Gold,8.16,33,269.28
26/03/2023,3,Cold Beer B,8.37,24,200.88
26/03/2023,4,Lost Lager,9.1,55,500.5
26/03/2023,5,King Crush,8.71,28,243.88
26/03/2023,6,Wingman Tro,8.51,95,808.45
26/03/2023,7,Grind Stout,9.45,97,916.65
26/03/2023,8,Juice Shack,8.64,100,864
26/03/2023,9,Rocky Road,9.44,78,736.32
26/03/2023,10,Wingman,9.15,38,347.7
26/03/2023,11,Arcade Made,7.76,24,186.24
26/03/2023,12,Punk IPA,7.64,1,7.64
26/03/2023,13,Hazy Jane,8.05,23,185.15
26/03/2023,14,Shore Leave,8.95,14,125.3
26/03/2023,15,Simcoe Solo,9.31,25,232.75
26/03/2023,16,Lucky Break,7.69,42,322.98
27/03/2023,1,Black Heart,9.3,88,818.4
27/03/2023,2,Fools Gold,8.16,16,130.56
27/03/2023,3,Cold Beer B,8.37,17,142.29
27/03/2023,4,Lost Lager,9.1,46,418.6
27/03/2023,5,King Crush,8.71,44,383.24
27/03/2023,6,Wingman Tro,8.51,53,451.03
27/03/2023,7,Grind Stout,9.45,61,576.45
27/03/2023,8,Juice Shack,8.64,70,604.8
27/03/2023,9,Rocky Road,9.44,76,717.44
27/03/2023,10,Wingman,9.15,90,823.5
27/03/2023,11,Arcade Made,7.76,28,217.28
27/03/2023,12,Punk IPA,7.64,58,443.12
27/03/2023,13,Hazy Jane,8.05,60,483
27/03/2023,14,Shore Leave,8.95,44,393.8
27/03/2023,15,Simcoe Solo,9.31,87,809.97
27/03/2023,16,Lucky Break,7.69,62,476.78
28/03/2023,1,Black Heart,9.3,53,492.9
28/03/2023,2,Fools Gold,8.16,70,571.2
28/03/2023,3,Cold Beer B,8.37,37,309.69
28/03/2023,4,Lost Lager,9.1,14,127.4
28/03/2023,5,King Crush,8.71,84,731.64
28/03/2023,6,Wingman Tro,8.51,21,178.71
28/03/2023,7,Grind Stout,9.45,53,500.85
28/03/2023,8,Juice Shack,8.64,92,794.88
28/03/2023,9,Rocky Road,9.44,6,56.64
28/03/2023,10,Wingman,9.15,74,677.1
28/03/2023,11,Arcade Made,7.76,28,217.28
28/03/2023,12,Punk IPA,7.64,91,695.24
28/03/2023,13,Hazy Jane,8.05,64,515.2
28/03/2023,14,Shore Leave,8.95,26,232.7
28/03/2023,15,Simcoe Solo,9.31,27,251.37
28/03/2023,16,Lucky Break,7.69,64,492.16
29/03/2023,1,Black Heart,9.3,23,213.9
29/03/2023,2,Fools Gold,8.16,28,228.48
29/03/2023,3,Cold Beer B,8.37,35,292.95
29/03/2023,4,Lost Lager,9.1,95,864.5
29/03/2023,5,King Crush,8.71,65,566.15
29/03/2023,6,Wingman Tro,8.51,46,391.46
29/03/2023,7,Grind Stout,9.45,11,103.95
29/03/2023,8,Juice Shack,8.64,47,406.08
29/03/2023,9,Rocky Road,9.44,0,0
29/03/2023,10,Wingman,9.15,82,750.3
29/03/2023,11,Arcade Made,7.76,16,124.16
29/03/2023,12,Punk IPA,7.64,90,687.6
29/03/2023,13,Hazy Jane,8.05,23,185.15
29/03/2023,14,Shore Leave,8.95,51,456.45
29/03/2023,15,Simcoe Solo,9.31,35,325.85
29/03/2023,16,Lucky Break,7.69,99,761.31
30/03/2023,1,Black Heart,9.3,41,381.3
30/03/2023,2,Fools Gold,8.16,2,16.32
30/03/2023,3,Cold Beer B,8.37,27,225.99
30/03/2023,4,Lost Lager,9.1,16,145.6
30/03/2023,5,King Crush,8.71,4,34.84
30/03/2023,6,Wingman Tro,8.51,45,382.95
30/03/2023,7,Grind Stout,9.45,28,264.6
30/03/2023,8,Juice Shack,8.64,71,613.44
30/03/2023,9,Rocky Road,9.44,68,641.92
30/03/2023,10,Wingman,9.15,5,45.75
30/03/2023,11,Arcade Made,7.76,75,582
30/03/2023,12,Punk IPA,7.64,45,343.8
30/03/2023,13,Hazy Jane,8.05,65,523.25
30/03/2023,14,Shore Leave,8.95,42,375.9
30/03/2023,15,Simcoe Solo,9.31,54,502.74
30/03/2023,16,Lucky Break,7.69,13,99.97
31/03/2023,1,Black Heart,9.3,67,623.1
31/03/2023,2,Fools Gold,8.16,55,448.8
31/03/2023,3,Cold Beer B,8.37,92,770.04
31/03/2023,4,Lost Lager,9.1,28,254.8
31/03/2023,5,King Crush,8.71,59,513.89
31/03/2023,6,Wingman Tro,8.51,17,144.67
31/03/2023,7,Grind Stout,9.45,47,444.15
31/03/2023,8,Juice Shack,8.64,6,51.84
31/03/2023,9,Rocky Road,9.44,39,368.16
31/03/2023,10,Wingman,9.15,78,713.7
31/03/2023,11,Arcade Made,7.76,90,698.4
31/03/2023,12,Punk IPA,7.64,19,145.16
31/03/2023,13,Hazy Jane,8.05,98,788.9
31/03/2023,14,Shore Leave,8.95,45,402.75
31/03/2023,15,Simcoe Solo,9.31,82,763.42
31/03/2023,16,Lucky Break,7.69,44,338.36
01/04/2023,1,Black Heart,9.3,35,325.5
01/04/2023,2,Fools Gold,8.16,83,677.28
01/04/2023,3,Cold Beer B,8.37,22,184.14
01/04/2023,4,Lost Lager,9.1,92,837.2
01/04/2023,5,King Crush,8.71,12,104.52
01/04/2023,6,Wingman Tro,8.51,21,178.71
01/04/2023,7,Grind Stout,9.45,11,103.95
01/04/2023,8,Juice Shack,8.64,81,699.84
01/04/2023,9,Rocky Road,9.44,86,811.84
01/04/2023,10,Wingman,9.15,69,631.35
01/04/2023,11,Arcade Made,7.76,70,543.2
01/04/2023,12,Punk IPA,7.64,97,741.08
01/04/2023,13,Hazy Jane,8.05,72,579.6
01/04/2023,14,Shore Leave,8.95,27,241.65
01/04/2023,15,Simcoe Solo,9.31,99,921.69
01/04/2023,16,Lucky Break,7.69,39,299.91
02/04/2023,1,Black Heart,9.3,50,465
02/04/2023,2,Fools Gold,8.16,41,334.56
02/04/2023,3,Cold Beer B,8.37,60,502.2
02/04/2023,4,Lost Lager,9.1,20,182
02/04/2023,5,King Crush,8.71,8,69.68
02/04/2023,6,Wingman Tro,8.51,77,655.27
02/04/2023,7,Grind Stout,9.45,62,585.9
02/04/2023,8,Juice Shack,8.64,82,708.48
02/04/2023,9,Rocky Road,9.44,17,160.48
02/04/2023,10,Wingman,9.15,3,27.45
02/04/2023,11,Arcade Made,7.76,11,85.36
02/04/2023,12,Punk IPA,7.64,84,641.76
02/04/2023,13,Hazy Jane,8.05,95,764.75
02/04/2023,14,Shore Leave,8.95,89,796.55
02/04/2023,15,Simcoe Solo,9.31,93,865.83
02/04/2023,16,Lucky Break,7.69,86,661.34
03/04/2023,1,Black Heart,9.3,25,232.5
03/04/2023,2,Fools Gold,8.16,36,293.76
03/04/2023,3,Cold Beer B,8.37,94,786.78
03/04/2023,4,Lost Lager,9.1,99,900.9
03/04/2023,5,King Crush,8.71,100,871
03/04/2023,6,Wingman Tro,8.51,45,382.95
03/04/2023,7,Grind Stout,9.45,64,604.8
03/04/2023,8,Juice Shack,8.64,93,803.52
03/04/2023,9,Rocky Road,9.44,88,830.72
03/04/2023,10,Wingman,9.15,98,896.7
03/04/2023,11,Arcade Made,7.76,14,108.64
03/04/2023,12,Punk IPA,7.64,99,756.36
03/04/2023,13,Hazy Jane,8.05,39,313.95
03/04/2023,14,Shore Leave,8.95,26,232.7
03/04/2023,15,Simcoe Solo,9.31,25,232.75
03/04/2023,16,Lucky Break,7.69,42,322.98
04/04/2023,1,Black Heart,9.3,64,595.2
04/04/2023,2,Fools Gold,8.16,12,97.92
04/04/2023,3,Cold Beer B,8.37,3,25.11
04/04/2023,4,Lost Lager,9.1,96,873.6
04/04/2023,5,King Crush,8.71,12,104.52
04/04/2023,6,Wingman Tro,8.51,77,655.27
04/04/2023,7,Grind Stout,9.45,16,151.2
04/04/2023,8,Juice Shack,8.64,69,596.16
04/04/2023,9,Rocky Road,9.44,95,896.8
04/04/2023,10,Wingman,9.15,100,915
04/04/2023,11,Arcade Made,7.76,82,636.32
04/04/2023,12,Punk IPA,7.64,71,542.44
04/04/2023,13,Hazy Jane,8.05,88,708.4
04/04/2023,14,Shore Leave,8.95,4,35.8
04/04/2023,15,Simcoe Solo,9.31,31,288.61
04/04/2023,16,Lucky Break,7.69,21,161.49
05/04/2023,1,Black Heart,9.3,0,0
05/04/2023,2,Fools Gold,8.16,27,220.32
05/04/2023,3,Cold Beer B,8.37,40,334.8
05/04/2023,4,Lost Lager,9.1,92,837.2
05/04/2023,5,King Crush,8.71,47,409.37
05/04/2023,6,Wingman Tro,8.51,42,357.42
05/04/2023,7,Grind Stout,9.45,45,425.25
05/04/2023,8,Juice Shack,8.64,96,829.44
05/04/2023,9,Rocky Road,9.44,18,169.92
05/04/2023,10,Wingman,9.15,68,622.2
05/04/2023,11,Arcade Made,7.76,3,23.28
05/04/2023,12,Punk IPA,7.64,35,267.4
05/04/2023,13,Hazy Jane,8.05,81,652.05
05/04/2023,14,Shore Leave,8.95,0,0
05/04/2023,15,Simcoe Solo,9.31,15,139.65
05/04/2023,16,Lucky Break,7.69,32,246.08
06/04/2023,1,Black Heart,9.3,99,920.7
06/04/2023,2,Fools Gold,8.16,36,293.76
06/04/2023,3,Cold Beer B,8.37,56,468.72
06/04/2023,4,Lost Lager,9.1,86,782.6
06/04/2023,5,King Crush,8.71,53,461.63
06/04/2023,6,Wingman Tro,8.51,64,544.64
06/04/2023,7,Grind Stout,9.45,5,47.25
06/04/2023,8,Juice Shack,8.64,98,846.72
06/04/2023,9,Rocky Road,9.44,99,934.56
06/04/2023,10,Wingman,9.15,42,384.3
06/04/2023,11,Arcade Made,7.76,8,62.08
06/04/2023,12,Punk IPA,7.64,76,580.64
06/04/2023,13,Hazy Jane,8.05,98,788.9
06/04/2023,14,Shore Leave,8.95,46,411.7
06/04/2023,15,Simcoe Solo,9.31,21,195.51
06/04/2023,16,Lucky Break,7.69,63,484.47
07/04/2023,1,Black Heart,9.3,59,548.7
07/04/2023,2,Fools Gold,8.16,58,473.28
07/04/2023,3,Cold Beer B,8.37,73,611.01
07/04/2023,4,Lost Lager,9.1,1,9.1
07/04/2023,5,King Crush,8.71,85,740.35
07/04/2023,6,Wingman Tro,8.51,18,153.18
07/04/2023,7,Grind Stout,9.45,75,708.75
07/04/2023,8,Juice Shack,8.64,6,51.84
07/04/2023,9,Rocky Road,9.44,35,330.4
07/04/2023,10,Wingman,9.15,19,173.85
07/04/2023,11,Arcade Made,7.76,75,582
07/04/2023,12,Punk IPA,7.64,42,320.88
07/04/2023,13,Hazy Jane,8.05,9,72.45
07/04/2023,14,Shore Leave,8.95,47,420.65
07/04/2023,15,Simcoe Solo,9.31,39,363.09
07/04/2023,16,Lucky Break,7.69,58,446.02
08/04/2023,1,Black Heart,9.3,85,790.5
08/04/2023,2,Fools Gold,8.16,31,252.96
08/04/2023,3,Cold Beer B,8.37,73,611.01
08/04/2023,4,Lost Lager,9.1,81,737.1
08/04/2023,5,King Crush,8.71,73,635.83
08/04/2023,6,Wingman Tro,8.51,0,0
08/04/2023,7,Grind Stout,9.45,22,207.9
08/04/2023,8,Juice Shack,8.64,4,34.56
08/04/2023,9,Rocky Road,9.44,30,283.2
08/04/2023,10,Wingman,9.15,98,896.7
08/04/2023,11,Arcade Made,7.76,84,651.84
08/04/2023,12,Punk IPA,7.64,95,725.8
08/04/2023,13,Hazy Jane,8.05,68,547.4
08/04/2023,14,Shore Leave,8.95,9,80.55
08/04/2023,15,Simcoe Solo,9.31,51,474.81
08/04/2023,16,Lucky Break,7.69,76,584.44
09/04/2023,1,Black Heart,9.3,14,130.2
09/04/2023,2,Fools Gold,8.16,38,310.08
09/04/2023,3,Cold Beer B,8.37,4,33.48
09/04/2023,4,Lost Lager,9.1,33,300.3
09/04/2023,5,King Crush,8.71,7,60.97
09/04/2023,6,Wingman Tro,8.51,56,476.56
09/04/2023,7,Grind Stout,9.45,14,132.3
09/04/2023,8,Juice Shack,8.64,60,518.4
09/04/2023,9,Rocky Road,9.44,12,113.28
09/04/2023,10,Wingman,9.15,31,283.65
09/04/2023,11,Arcade Made,7.76,24,186.24
09/04/2023,12,Punk IPA,7.64,20,152.8
09/04/2023,13,Hazy Jane,8.05,35,281.75
09/04/2023,14,Shore Leave,8.95,24,214.8
09/04/2023,15,Simcoe Solo,9.31,4,37.24
09/04/2023,16,Lucky Break,7.69,39,299.91
10/04/2023,1,Black Heart,9.3,17,158.1
10/04/2023,2,Fools Gold,8.16,66,538.56
10/04/2023,3,Cold Beer B,8.37,1,8.37
10/04/2023,4,Lost Lager,9.1,100,910
10/04/2023,5,King Crush,8.71,83,722.93
10/04/2023,6,Wingman Tro,8.51,15,127.65
10/04/2023,7,Grind Stout,9.45,45,425.25
10/04/2023,8,Juice Shack,8.64,18,155.52
10/04/2023,9,Rocky Road,9.44,3,28.32
10/04/2023,10,Wingman,9.15,17,155.55
10/04/2023,11,Arcade Made,7.76,9,69.84
10/04/2023,12,Punk IPA,7.64,17,129.88
10/04/2023,13,Hazy Jane,8.05,38,305.9
10/04/2023,14,Shore Leave,8.95,98,877.1
10/04/2023,15,Simcoe Solo,9.31,30,279.3
10/04/2023,16,Lucky Break,7.69,68,522.92
11/04/2023,1,Black Heart,9.3,3,27.9
11/04/2023,2,Fools Gold,8.16,45,367.2
11/04/2023,3,Cold Beer B,8.37,93,778.41
11/04/2023,4,Lost Lager,9.1,56,509.6
11/04/2023,5,King Crush,8.71,99,862.29
11/04/2023,6,Wingman Tro,8.51,78,663.78
11/04/2023,7,Grind Stout,9.45,47,444.15
11/04/2023,8,Juice Shack,8.64,46,397.44
11/04/2023,9,Rocky Road,9.44,79,745.76
11/04/2023,10,Wingman,9.15,62,567.3
11/04/2023,11,Arcade Made,7.76,4,31.04
11/04/2023,12,Punk IPA,7.64,55,420.2
11/04/2023,13,Hazy Jane,8.05,70,563.5
11/04/2023,14,Shore Leave,8.95,94,841.3
11/04/2023,15,Simcoe Solo,9.31,88,819.28
11/04/2023,16,Lucky Break,7.69,87,669.03
12/04/2023,1,Black Heart,9.3,94,874.2
12/04/2023,2,Fools Gold,8.16,82,669.12
12/04/2023,3,Cold Beer B,8.37,34,284.58
12/04/2023,4,Lost Lager,9.1,80,728
12/04/2023,5,King Crush,8.71,14,121.94
12/04/2023,6,Wingman Tro,8.51,69,587.19
12/04/2023,7,Grind Stout,9.45,76,718.2
12/04/2023,8,Juice Shack,8.64,2,17.28
12/04/2023,9,Rocky Road,9.44,64,604.16
12/04/2023,10,Wingman,9.15,23,210.45
12/04/2023,11,Arcade Made,7.76,35,271.6
12/04/2023,12,Punk IPA,7.64,19,145.16
12/04/2023,13,Hazy Jane,8.05,88,708.4
12/04/2023,14,Shore Leave,8.95,57,510.15
12/04/2023,15,Simcoe Solo,9.31,2,18.62
12/04/2023,16,Lucky Break,7.69,84,645.96
13/04/2023,1,Black Heart,9.3,97,902.1
13/04/2023,2,Fools Gold,8.16,88,718.08
13/04/2023,3,Cold Beer B,8.37,30,251.1
13/04/2023,4,Lost Lager,9.1,63,573.3
13/04/2023,5,King Crush,8.71,33,287.43
13/04/2023,6,Wingman Tro,8.51,24,204.24
13/04/2023,7,Grind Stout,9.45,27,255.15
13/04/2023,8,Juice Shack,8.64,64,552.96
13/04/2023,9,Rocky Road,9.44,53,500.32
13/04/2023,10,Wingman,9.15,32,292.8
13/04/2023,11,Arcade Made,7.76,40,310.4
13/04/2023,12,Punk IPA,7.64,39,297.96
13/04/2023,13,Hazy Jane,8.05,68,547.4
13/04/2023,14,Shore Leave,8.95,93,832.35
13/04/2023,15,Simcoe Solo,9.31,54,502.74
13/04/2023,16,Lucky Break,7.69,64,492.16
14/04/2023,1,Black Heart,9.3,76,706.8
14/04/2023,2,Fools Gold,8.16,7,57.12
14/04/2023,3,Cold Beer B,8.37,25,209.25
14/04/2023,4,Lost Lager,9.1,80,728
14/04/2023,5,King Crush,8.71,39,339.69
14/04/2023,6,Wingman Tro,8.51,2,17.02
14/04/2023,7,Grind Stout,9.45,14,132.3
14/04/2023,8,Juice Shack,8.64,79,682.56
14/04/2023,9,Rocky Road,9.44,70,660.8
14/04/2023,10,Wingman,9.15,61,558.15
14/04/2023,11,Arcade Made,7.76,5,38.8
14/04/2023,12,Punk IPA,7.64,62,473.68
14/04/2023,13,Hazy Jane,8.05,79,635.95
14/04/2023,14,Shore Leave,8.95,68,608.6
14/04/2023,15,Simcoe Solo,9.31,23,214.13
14/04/2023,16,Lucky Break,7.69,76,584.44
15/04/2023,1,Black Heart,9.3,39,362.7
15/04/2023,2,Fools Gold,8.16,62,505.92
15/04/2023,3,Cold Beer B,8.37,5,41.85
15/04/2023,4,Lost Lager,9.1,60,546
15/04/2023,5,King Crush,8.71,92,801.32
15/04/2023,6,Wingman Tro,8.51,97,825.47
15/04/2023,7,Grind Stout,9.45,12,113.4
15/04/2023,8,Juice Shack,8.64,57,492.48
15/04/2023,9,Rocky Road,9.44,93,877.92
15/04/2023,10,Wingman,9.15,10,91.5
15/04/2023,11,Arcade Made,7.76,3,23.28
15/04/2023,12,Punk IPA,7.64,7,53.48
15/04/2023,13,Hazy Jane,8.05,94,756.7
15/04/2023,14,Shore Leave,8.95,2,17.9
15/04/2023,15,Simcoe Solo,9.31,59,549.29
15/04/2023,16,Lucky Break,7.69,39,299.91
16/04/2023,1,Black Heart,9.3,52,483.6
16/04/2023,2,Fools Gold,8.16,80,652.8
16/04/2023,3,Cold Beer B,8.37,64,535.68
16/04/2023,4,Lost Lager,9.1,17,154.7
16/04/2023,5,King Crush,8.71,2,17.42
16/04/2023,6,Wingman Tro,8.51,30,255.3
16/04/2023,7,Grind Stout,9.45,95,897.75
16/04/2023,8,Juice Shack,8.64,87,751.68
16/04/2023,9,Rocky Road,9.44,49,462.56
16/04/2023,10,Wingman,9.15,87,796.05
16/04/2023,11,Arcade Made,7.76,22,170.72
16/04/2023,12,Punk IPA,7.64,2,15.28
16/04/2023,13,Hazy Jane,8.05,84,676.2
16/04/2023,14,Shore Leave,8.95,100,895
16/04/2023,15,Simcoe Solo,9.31,71,661.01
16/04/2023,16,Lucky Break,7.69,38,292.22
17/04/2023,1,Black Heart,9.3,13,120.9
17/04/2023,2,Fools Gold,8.16,26,212.16
17/04/2023,3,Cold Beer B,8.37,11,92.07
17/04/2023,4,Lost Lager,9.1,85,773.5
17/04/2023,5,King Crush,8.71,14,121.94
17/04/2023,6,Wingman Tro,8.51,42,357.42
17/04/2023,7,Grind Stout,9.45,61,576.45
17/04/2023,8,Juice Shack,8.64,29,250.56
17/04/2023,9,Rocky Road,9.44,39,368.16
17/04/2023,10,Wingman,9.15,29,265.35
17/04/2023,11,Arcade Made,7.76,12,93.12
17/04/2023,12,Punk IPA,7.64,4,30.56
17/04/2023,13,Hazy Jane,8.05,63,507.15
17/04/2023,14,Shore Leave,8.95,69,617.55
17/04/2023,15,Simcoe Solo,9.31,32,297.92
17/04/2023,16,Lucky Break,7.69,23,176.87
18/04/2023,1,Black Heart,9.3,99,920.7
18/04/2023,2,Fools Gold,8.16,78,636.48
18/04/2023,3,Cold Beer B,8.37,42,351.54
18/04/2023,4,Lost Lager,9.1,25,227.5
18/04/2023,5,King Crush,8.71,26,226.46
18/04/2023,6,Wingman Tro,8.51,87,740.37
18/04/2023,7,Grind Stout,9.45,86,812.7
18/04/2023,8,Juice Shack,8.64,45,388.8
18/04/2023,9,Rocky Road,9.44,92,868.48
18/04/2023,10,Wingman,9.15,53,484.95
18/04/2023,11,Arcade Made,7.76,99,768.24
18/04/2023,12,Punk IPA,7.64,81,618.84
18/04/2023,13,Hazy Jane,8.05,67,539.35
18/04/2023,14,Shore Leave,8.95,56,501.2
18/04/2023,15,Simcoe Solo,9.31,50,465.5
18/04/2023,16,Lucky Break,7.69,3,23.07
19/04/2023,1,Black Heart,9.3,86,799.8
19/04/2023,2,Fools Gold,8.16,98,799.68
19/04/2023,3,Cold Beer B,8.37,52,435.24
19/04/2023,4,Lost Lager,9.1,95,864.5
19/04/2023,5,King Crush,8.71,35,304.85
19/04/2023,6,Wingman Tro,8.51,41,348.91
19/04/2023,7,Grind Stout,9.45,32,302.4
19/04/2023,8,Juice Shack,8.64,16,138.24
19/04/2023,9,Rocky Road,9.44,58,547.52
19/04/2023,10,Wingman,9.15,71,649.65
19/04/2023,11,Arcade Made,7.76,0,0
19/04/2023,12,Punk IPA,7.64,9,68.76
19/04/2023,13,Hazy Jane,8.05,10,80.5
19/04/2023,14,Shore Leave,8.95,71,635.45
19/04/2023,15,Simcoe Solo,9.31,28,260.68
19/04/2023,16,Lucky Break,7.69,19,146.11
20/04/2023,1,Black Heart,9.3,94,874.2
20/04/2023,2,Fools Gold,8.16,7,57.12
20/04/2023,3,Cold Beer B,8.37,1,8.37
20/04/2023,4,Lost Lager,9.1,63,573.3
20/04/2023,5,King Crush,8.71,78,679.38
20/04/2023,6,Wingman Tro,8.51,28,238.28
20/04/2023,7,Grind Stout,9.45,43,406.35
20/04/2023,8,Juice Shack,8.64,49,423.36
20/04/2023,9,Rocky Road,9.44,0,0
20/04/2023,10,Wingman,9.15,99,905.85
20/04/2023,11,Arcade Made,7.76,34,263.84
20/04/2023,12,Punk IPA,7.64,33,252.12
20/04/2023,13,Hazy Jane,8.05,84,676.2
20/04/2023,14,Shore Leave,8.95,26,232.7
20/04/2023,15,Simcoe Solo,9.31,65,605.15
20/04/2023,16,Lucky Break,7.69,18,138.42
21/04/2023,1,Black Heart,9.3,86,799.8
21/04/2023,2,Fools Gold,8.16,28,228.48
21/04/2023,3,Cold Beer B,8.37,86,719.82
21/04/2023,4,Lost Lager,9.1,71,646.1
21/04/2023,5,King Crush,8.71,45,391.95
21/04/2023,6,Wingman Tro,8.51,10,85.1
21/04/2023,7,Grind Stout,9.45,98,926.1
21/04/2023,8,Juice Shack,8.64,53,457.92
21/04/2023,9,Rocky Road,9.44,60,566.4
21/04/2023,10,Wingman,9.15,7,64.05
21/04/2023,11,Arcade Made,7.76,98,760.48
21/04/2023,12,Punk IPA,7.64,68,519.52
21/04/2023,13,Hazy Jane,8.05,24,193.2
21/04/2023,14,Shore Leave,8.95,56,501.2
21/04/2023,15,Simcoe Solo,9.31,49,456.19
21/04/2023,16,Lucky Break,7.69,97,745.93
22/04/2023,1,Black Heart,9.3,56,520.8
22/04/2023,2,Fools Gold,8.16,73,595.68
22/04/2023,3,Cold Beer B,8.37,74,619.38
22/04/2023,4,Lost Lager,9.1,47,427.7
22/04/2023,5,King Crush,8.71,61,531.31
22/04/2023,6,Wingman Tro,8.51,75,638.25
22/04/2023,7,Grind Stout,9.45,36,340.2
22/04/2023,8,Juice Shack,8.64,41,354.24
22/04/2023,9,Rocky Road,9.44,98,925.12
22/04/2023,10,Wingman,9.15,50,457.5
22/04/2023,11,Arcade Made,7.76,33,256.08
22/04/2023,12,Punk IPA,7.64,55,420.2
22/04/2023,13,Hazy Jane,8.05,35,281.75
22/04/2023,14,Shore Leave,8.95,29,259.55
22/04/2023,15,Simcoe Solo,9.31,30,279.3
22/04/2023,16,Lucky Break,7.69,20,153.8
23/04/2023,1,Black Heart,9.3,79,734.7
23/04/2023,2,Fools Gold,8.16,91,742.56
23/04/2023,3,Cold Beer B,8.37,15,125.55
23/04/2023,4,Lost Lager,9.1,54,491.4
23/04/2023,5,King Crush,8.71,4,34.84
23/04/2023,6,Wingman Tro,8.51,6,51.06
23/04/2023,7,Grind Stout,9.45,3,28.35
23/04/2023,8,Juice Shack,8.64,58,501.12
23/04/2023,9,Rocky Road,9.44,92,868.48
23/04/2023,10,Wingman,9.15,81,741.15
23/04/2023,11,Arcade Made,7.76,41,318.16
23/04/2023,12,Punk IPA,7.64,2,15.28
23/04/2023,13,Hazy Jane,8.05,22,177.1
23/04/2023,14,Shore Leave,8.95,60,537
23/04/2023,15,Simcoe Solo,9.31,29,269.99
23/04/2023,16,Lucky Break,7.69,32,246.08
24/04/2023,1,Black Heart,9.3,11,102.3
24/04/2023,2,Fools Gold,8.16,89,726.24
24/04/2023,3,Cold Beer B,8.37,81,677.97
24/04/2023,4,Lost Lager,9.1,2,18.2
24/04/2023,5,King Crush,8.71,9,78.39
24/04/2023,6,Wingman Tro,8.51,41,348.91
24/04/2023,7,Grind Stout,9.45,29,274.05
24/04/2023,8,Juice Shack,8.64,42,362.88
24/04/2023,9,Rocky Road,9.44,82,774.08
24/04/2023,10,Wingman,9.15,77,704.55
24/04/2023,11,Arcade Made,7.76,73,566.48
24/04/2023,12,Punk IPA,7.64,72,550.08
24/04/2023,13,Hazy Jane,8.05,76,611.8
24/04/2023,14,Shore Leave,8.95,1,8.95
24/04/2023,15,Simcoe Solo,9.31,71,661.01
24/04/2023,16,Lucky Break,7.69,60,461.4
25/04/2023,1,Black Heart,9.3,68,632.4
25/04/2023,2,Fools Gold,8.16,85,693.6
25/04/2023,3,Cold Beer B,8.37,38,318.06
25/04/2023,4,Lost Lager,9.1,11,100.1
25/04/2023,5,King Crush,8.71,94,818.74
25/04/2023,6,Wingman Tro,8.51,99,842.49
25/04/2023,7,Grind Stout,9.45,6,56.7
25/04/2023,8,Juice Shack,8.64,4,34.56
25/04/2023,9,Rocky Road,9.44,6,56.64
25/04/2023,10,Wingman,9.15,57,521.55
25/04/2023,11,Arcade Made,7.76,71,550.96
25/04/2023,12,Punk IPA,7.64,0,0
25/04/2023,13,Hazy Jane,8.05,54,434.7
25/04/2023,14,Shore Leave,8.95,63,563.85
25/04/2023,15,Simcoe Solo,9.31,2,18.62
25/04/2023,16,Lucky Break,7.69,44,338.36
26/04/2023,1,Black Heart,9.3,28,260.4
26/04/2023,2,Fools Gold,8.16,76,620.16
26/04/2023,3,Cold Beer B,8.37,15,125.55
26/04/2023,4,Lost Lager,9.1,59,536.9
26/04/2023,5,King Crush,8.71,21,182.91
26/04/2023,6,Wingman Tro,8.51,7,59.57
26/04/2023,7,Grind Stout,9.45,44,415.8
26/04/2023,8,Juice Shack,8.64,59,509.76
26/04/2023,9,Rocky Road,9.44,60,566.4
26/04/2023,10,Wingman,9.15,11,100.65
26/04/2023,11,Arcade Made,7.76,62,481.12
26/04/2023,12,Punk IPA,7.64,94,718.16
26/04/2023,13,Hazy Jane,8.05,28,225.4
26/04/2023,14,Shore Leave,8.95,22,196.9
26/04/2023,15,Simcoe Solo,9.31,38,353.78
26/04/2023,16,Lucky Break,7.69,80,615.2
27/04/2023,1,Black Heart,9.3,88,818.4
27/04/2023,2,Fools Gold,8.16,37,301.92
27/04/2023,3,Cold Beer B,8.37,32,267.84
27/04/2023,4,Lost Lager,9.1,91,828.1
27/04/2023,5,King Crush,8.71,46,400.66
27/04/2023,6,Wingman Tro,8.51,38,323.38
27/04/2023,7,Grind Stout,9.45,12,113.4
27/04/2023,8,Juice Shack,8.64,88,760.32
27/04/2023,9,Rocky Road,9.44,87,821.28
27/04/2023,10,Wingman,9.15,81,741.15
27/04/2023,11,Arcade Made,7.76,57,442.32
27/04/2023,12,Punk IPA,7.64,42,320.88
27/04/2023,13,Hazy Jane,8.05,62,499.1
27/04/2023,14,Shore Leave,8.95,38,340.1
27/04/2023,15,Simcoe Solo,9.31,22,204.82
27/04/2023,16,Lucky Break,7.69,68,522.92
28/04/2023,1,Black Heart,9.3,67,623.1
28/04/2023,2,Fools Gold,8.16,59,481.44
28/04/2023,3,Cold Beer B,8.37,94,786.78
28/04/2023,4,Lost Lager,9.1,12,109.2
28/04/2023,5,King Crush,8.71,90,783.9
28/04/2023,6,Wingman Tro,8.51,9,76.59
28/04/2023,7,Grind Stout,9.45,67,633.15
28/04/2023,8,Juice Shack,8.64,19,164.16
28/04/2023,9,Rocky Road,9.44,29,273.76
28/04/2023,10,Wingman,9.15,43,393.45
28/04/2023,11,Arcade Made,7.76,51,395.76
28/04/2023,12,Punk IPA,7.64,89,679.96
28/04/2023,13,Hazy Jane,8.05,52,418.6
28/04/2023,14,Shore Leave,8.95,59,528.05
28/04/2023,15,Simcoe Solo,9.31,89,828.59
28/04/2023,16,Lucky Break,7.69,38,292.22
29/04/2023,1,Black Heart,9.3,5,46.5
29/04/2023,2,Fools Gold,8.16,8,65.28
29/04/2023,3,Cold Beer B,8.37,90,753.3
29/04/2023,4,Lost Lager,9.1,69,627.9
29/04/2023,5,King Crush,8.71,14,121.94
29/04/2023,6,Wingman Tro,8.51,0,0
29/04/2023,7,Grind Stout,9.45,24,226.8
29/04/2023,8,Juice Shack,8.64,40,345.6
29/04/2023,9,Rocky Road,9.44,27,254.88
29/04/2023,10,Wingman,9.15,54,494.1
29/04/2023,11,Arcade Made,7.76,86,667.36
29/04/2023,12,Punk IPA,7.64,94,718.16
29/04/2023,13,Hazy Jane,8.05,20,161
29/04/2023,14,Shore Leave,8.95,66,590.7
29/04/2023,15,Simcoe Solo,9.31,53,493.43
29/04/2023,16,Lucky Break,7.69,50,384.5
30/04/2023,1,Black Heart,9.3,76,706.8
30/04/2023,2,Fools Gold,8.16,60,489.6
30/04/2023,3,Cold Beer B,8.37,2,16.74
30/04/2023,4,Lost Lager,9.1,51,464.1
30/04/2023,5,King Crush,8.71,73,635.83
30/04/2023,6,Wingman Tro,8.51,28,238.28
30/04/2023,7,Grind Stout,9.45,80,756
30/04/2023,8,Juice Shack,8.64,26,224.64
30/04/2023,9,Rocky Road,9.44,31,292.64
30/04/2023,10,Wingman,9.15,72,658.8
30/04/2023,11,Arcade Made,7.76,4,31.04
30/04/2023,12,Punk IPA,7.64,33,252.12
30/04/2023,13,Hazy Jane,8.05,51,410.55
30/04/2023,14,Shore Leave,8.95,21,187.95
30/04/2023,15,Simcoe Solo,9.31,50,465.5
30/04/2023,16,Lucky Break,7.69,4,30.76
01/05/2023,1,Black Heart,9.3,35,325.5
01/05/2023,2,Fools Gold,8.16,72,587.52
01/05/2023,3,Cold Beer B,8.37,11,92.07
01/05/2023,4,Lost Lager,9.1,37,336.7
01/05/2023,5,King Crush,8.71,88,766.48
01/05/2023,6,Wingman Tro,8.51,61,519.11
01/05/2023,7,Grind Stout,9.45,50,472.5
01/05/2023,8,Juice Shack,8.64,67,578.88
01/05/2023,9,Rocky Road,9.44,86,811.84
01/05/2023,10,Wingman,9.15,69,631.35
01/05/2023,11,Arcade Made,7.76,34,263.84
01/05/2023,12,Punk IPA,7.64,29,221.56
01/05/2023,13,Hazy Jane,8.05,95,764.75
01/05/2023,14,Shore Leave,8.95,59,528.05
01/05/2023,15,Simcoe Solo,9.31,76,707.56
01/05/2023,16,Lucky Break,7.69,21,161.49
02/05/2023,1,Black Heart,9.3,79,734.7
02/05/2023,2,Fools Gold,8.16,31,252.96
02/05/2023,3,Cold Beer B,8.37,64,535.68
02/05/2023,4,Lost Lager,9.1,5,45.5
02/05/2023,5,King Crush,8.71,17,148.07
02/05/2023,6,Wingman Tro,8.51,8,68.08
02/05/2023,7,Grind Stout,9.45,10,94.5
02/05/2023,8,Juice Shack,8.64,12,103.68
02/05/2023,9,Rocky Road,9.44,88,830.72
02/05/2023,10,Wingman,9.15,19,173.85
02/05/2023,11,Arcade Made,7.76,15,116.4
02/05/2023,12,Punk IPA,7.64,22,168.08
02/05/2023,13,Hazy Jane,8.05,81,652.05
02/05/2023,14,Shore Leave,8.95,24,214.8
02/05/2023,15,Simcoe Solo,9.31,34,316.54
02/05/2023,16,Lucky Break,7.69,43,330.67
03/05/2023,1,Black Heart,9.3,93,864.9
03/05/2023,2,Fools Gold,8.16,64,522.24
03/05/2023,3,Cold Beer B,8.37,40,334.8
03/05/2023,4,Lost Lager,9.1,80,728
03/05/2023,5,King Crush,8.71,57,496.47
03/05/2023,6,Wingman Tro,8.51,56,476.56
03/05/2023,7,Grind Stout,9.45,5,47.25
03/05/2023,8,Juice Shack,8.64,24,207.36
03/05/2023,9,Rocky Road,9.44,92,868.48
03/05/2023,10,Wingman,9.15,76,695.4
03/05/2023,11,Arcade Made,7.76,78,605.28
03/05/2023,12,Punk IPA,7.64,69,527.16
03/05/2023,13,Hazy Jane,8.05,95,764.75
03/05/2023,14,Shore Leave,8.95,85,760.75
03/05/2023,15,Simcoe Solo,9.31,65,605.15
03/05/2023,16,Lucky Break,7.69,93,715.17
04/05/2023,1,Black Heart,9.3,20,186
04/05/2023,2,Fools Gold,8.16,92,750.72
04/05/2023,3,Cold Beer B,8.37,39,326.43
04/05/2023,4,Lost Lager,9.1,73,664.3
04/05/2023,5,King Crush,8.71,90,783.9
04/05/2023,6,Wingman Tro,8.51,44,374.44
04/05/2023,7,Grind Stout,9.45,88,831.6
04/05/2023,8,Juice Shack,8.64,59,509.76
04/05/2023,9,Rocky Road,9.44,69,651.36
04/05/2023,10,Wingman,9.15,59,539.85
04/05/2023,11,Arcade Made,7.76,84,651.84
04/05/2023,12,Punk IPA,7.64,23,175.72
04/05/2023,13,Hazy Jane,8.05,68,547.4
04/05/2023,14,Shore Leave,8.95,81,724.95
04/05/2023,15,Simcoe Solo,9.31,96,893.76
04/05/2023,16,Lucky Break,7.69,40,307.6
05/05/2023,1,Black Heart,9.3,1,9.3
05/05/2023,2,Fools Gold,8.16,74,603.84
05/05/2023,3,Cold Beer B,8.37,89,744.93
05/05/2023,4,Lost Lager,9.1,57,518.7
05/05/2023,5,King Crush,8.71,74,644.54
05/05/2023,6,Wingman Tro,8.51,38,323.38
05/05/2023,7,Grind Stout,9.45,66,623.7
05/05/2023,8,Juice Shack,8.64,43,371.52
05/05/2023,9,Rocky Road,9.44,66,623.04
05/05/2023,10,Wingman,9.15,64,585.6
05/05/2023,11,Arcade Made,7.76,67,519.92
05/05/2023,12,Punk IPA,7.64,51,389.64
05/05/2023,13,Hazy Jane,8.05,6,48.3
05/05/2023,14,Shore Leave,8.95,92,823.4
05/05/2023,15,Simcoe Solo,9.31,22,204.82
05/05/2023,16,Lucky Break,7.69,80,615.2
06/05/2023,1,Black Heart,9.3,82,762.6
06/05/2023,2,Fools Gold,8.16,91,742.56
06/05/2023,3,Cold Beer B,8.37,77,644.49
06/05/2023,4,Lost Lager,9.1,90,819
06/05/2023,5,King Crush,8.71,58,505.18
06/05/2023,6,Wingman Tro,8.51,83,706.33
06/05/2023,7,Grind Stout,9.45,94,888.3
06/05/2023,8,Juice Shack,8.64,100,864
06/05/2023,9,Rocky Road,9.44,96,906.24
06/05/2023,10,Wingman,9.15,89,814.35
06/05/2023,11,Arcade Made,7.76,89,690.64
06/05/2023,12,Punk IPA,7.64,52,397.28
06/05/2023,13,Hazy Jane,8.05,7,56.35
06/05/2023,14,Shore Leave,8.95,13,116.35
06/05/2023,15,Simcoe Solo,9.31,24,223.44
06/05/2023,16,Lucky Break,7.69,63,484.47
07/05/2023,1,Black Heart,9.3,41,381.3
07/05/2023,2,Fools Gold,8.16,44,359.04
07/05/2023,3,Cold Beer B,8.37,33,276.21
07/05/2023,4,Lost Lager,9.1,52,473.2
07/05/2023,5,King Crush,8.71,20,174.2
07/05/2023,6,Wingman Tro,8.51,62,527.62
07/05/2023,7,Grind Stout,9.45,81,765.45
07/05/2023,8,Juice Shack,8.64,63,544.32
07/05/2023,9,Rocky Road,9.44,14,132.16
07/05/2023,10,Wingman,9.15,44,402.6
07/05/2023,11,Arcade Made,7.76,43,333.68
07/05/2023,12,Punk IPA,7.64,12,91.68
07/05/2023,13,Hazy Jane,8.05,51,410.55
07/05/2023,14,Shore Leave,8.95,70,626.5
07/05/2023,15,Simcoe Solo,9.31,11,102.41
07/05/2023,16,Lucky Break,7.69,60,461.4
08/05/2023,1,Black Heart,9.3,55,511.5
08/05/2023,2,Fools Gold,8.16,72,587.52
08/05/2023,3,Cold Beer B,8.37,52,435.24
08/05/2023,4,Lost Lager,9.1,33,300.3
08/05/2023,5,King Crush,8.71,40,348.4
08/05/2023,6,Wingman Tro,8.51,45,382.95
08/05/2023,7,Grind Stout,9.45,57,538.65
08/05/2023,8,Juice Shack,8.64,31,267.84
08/05/2023,9,Rocky Road,9.44,69,651.36
08/05/2023,10,Wingman,9.15,6,54.9
08/05/2023,11,Arcade Made,7.76,43,333.68
08/05/2023,12,Punk IPA,7.64,62,473.68
08/05/2023,13,Hazy Jane,8.05,77,619.85
08/05/2023,14,Shore Leave,8.95,5,44.75
08/05/2023,15,Simcoe Solo,9.31,46,428.26
08/05/2023,16,Lucky Break,7.69,57,438.33
09/05/2023,1,Black Heart,9.3,37,344.1
09/05/2023,2,Fools Gold,8.16,8,65.28
09/05/2023,3,Cold Beer B,8.37,55,460.35
09/05/2023,4,Lost Lager,9.1,16,145.6
09/05/2023,5,King Crush,8.71,60,522.6
09/05/2023,6,Wingman Tro,8.51,84,714.84
09/05/2023,7,Grind Stout,9.45,32,302.4
09/05/2023,8,Juice Shack,8.64,80,691.2
09/05/2023,9,Rocky Road,9.44,34,320.96
09/05/2023,10,Wingman,9.15,28,256.2
09/05/2023,11,Arcade Made,7.76,46,356.96
09/05/2023,12,Punk IPA,7.64,71,542.44
09/05/2023,13,Hazy Jane,8.05,68,547.4
09/05/2023,14,Shore Leave,8.95,41,366.95
09/05/2023,15,Simcoe Solo,9.31,45,418.95
09/05/2023,16,Lucky Break,7.69,92,707.48
10/05/2023,1,Black Heart,9.3,77,716.1
10/05/2023,2,Fools Gold,8.16,87,709.92
10/05/2023,3,Cold Beer B,8.37,57,477.09
10/05/2023,4,Lost Lager,9.1,52,473.2
10/05/2023,5,King Crush,8.71,83,722.93
10/05/2023,6,Wingman Tro,8.51,36,306.36
10/05/2023,7,Grind Stout,9.45,85,803.25
10/05/2023,8,Juice Shack,8.64,73,630.72
10/05/2023,9,Rocky Road,9.44,71,670.24
10/05/2023,10,Wingman,9.15,14,128.1
10/05/2023,11,Arcade Made,7.76,1,7.76
10/05/2023,12,Punk IPA,7.64,29,221.56
10/05/2023,13,Hazy Jane,8.05,28,225.4
10/05/2023,14,Shore Leave,8.95,68,608.6
10/05/2023,15,Simcoe Solo,9.31,35,325.85
10/05/2023,16,Lucky Break,7.69,95,730.55
11/05/2023,1,Black Heart,9.3,69,641.7
11/05/2023,2,Fools Gold,8.16,61,497.76
11/05/2023,3,Cold Beer B,8.37,91,761.67
11/05/2023,4,Lost Lager,9.1,11,100.1
11/05/2023,5,King Crush,8.71,85,740.35
11/05/2023,6,Wingman Tro,8.51,29,246.79
11/05/2023,7,Grind Stout,9.45,19,179.55
11/05/2023,8,Juice Shack,8.64,44,380.16
11/05/2023,9,Rocky Road,9.44,58,547.52
11/05/2023,10,Wingman,9.15,52,475.8
11/05/2023,11,Arcade Made,7.76,49,380.24
11/05/2023,12,Punk IPA,7.64,83,634.12
11/05/2023,13,Hazy Jane,8.05,86,692.3
11/05/2023,14,Shore Leave,8.95,45,402.75
11/05/2023,15,Simcoe Solo,9.31,28,260.68
11/05/2023,16,Lucky Break,7.69,10,76.9
12/05/2023,1,Black Heart,9.3,94,874.2
12/05/2023,2,Fools Gold,8.16,95,775.2
12/05/2023,3,Cold Beer B,8.37,85,711.45
12/05/2023,4,Lost Lager,9.1,24,218.4
12/05/2023,5,King Crush,8.71,94,818.74
12/05/2023,6,Wingman Tro,8.51,100,851
12/05/2023,7,Grind Stout,9.45,52,491.4
12/05/2023,8,Juice Shack,8.64,97,838.08
12/05/2023,9,Rocky Road,9.44,19,179.36
12/05/2023,10,Wingman,9.15,27,247.05
12/05/2023,11,Arcade Made,7.76,57,442.32
12/05/2023,12,Punk IPA,7.64,94,718.16
12/05/2023,13,Hazy Jane,8.05,20,161
12/05/2023,14,Shore Leave,8.95,74,662.3
12/05/2023,15,Simcoe Solo,9.31,9,83.79
12/05/2023,16,Lucky Break,7.69,8,61.52
13/05/2023,1,Black Heart,9.3,74,688.2
13/05/2023,2,Fools Gold,8.16,57,465.12
13/05/2023,3,Cold Beer B,8.37,25,209.25
13/05/2023,4,Lost Lager,9.1,42,382.2
13/05/2023,5,King Crush,8.71,13,113.23
13/05/2023,6,Wingman Tro,8.51,14,119.14
13/05/2023,7,Grind Stout,9.45,35,330.75
13/05/2023,8,Juice Shack,8.64,99,855.36
13/05/2023,9,Rocky Road,9.44,67,632.48
13/05/2023,10,Wingman,9.15,22,201.3
13/05/2023,11,Arcade Made,7.76,54,419.04
13/05/2023,12,Punk IPA,7.64,75,573
13/05/2023,13,Hazy Jane,8.05,25,201.25
13/05/2023,14,Shore Leave,8.95,49,438.55
13/05/2023,15,Simcoe Solo,9.31,72,670.32
13/05/2023,16,Lucky Break,7.69,55,422.95
14/05/2023,1,Black Heart,9.3,32,297.6
14/05/2023,2,Fools Gold,8.16,68,554.88
14/05/2023,3,Cold Beer B,8.37,35,292.95
14/05/2023,4,Lost Lager,9.1,72,655.2
14/05/2023,5,King Crush,8.71,62,540.02
14/05/2023,6,Wingman Tro,8.51,56,476.56
14/05/2023,7,Grind Stout,9.45,24,226.8
14/05/2023,8,Juice Shack,8.64,62,535.68
14/05/2023,9,Rocky Road,9.44,73,689.12
14/05/2023,10,Wingman,9.15,65,594.75
14/05/2023,11,Arcade Made,7.76,44,341.44
14/05/2023,12,Punk IPA,7.64,68,519.52
14/05/2023,13,Hazy Jane,8.05,72,579.6
14/05/2023,14,Shore Leave,8.95,18,161.1
14/05/2023,15,Simcoe Solo,9.31,94,875.14
14/05/2023,16,Lucky Break,7.69,67,515.23
15/05/2023,1,Black Heart,9.3,78,725.4
15/05/2023,2,Fools Gold,8.16,5,40.8
15/05/2023,3,Cold Beer B,8.37,63,527.31
15/05/2023,4,Lost Lager,9.1,2,18.2
15/05/2023,5,King Crush,8.71,0,0
15/05/2023,6,Wingman Tro,8.51,54,459.54
15/05/2023,7,Grind Stout,9.45,6,56.7
15/05/2023,8,Juice Shack,8.64,100,864
15/05/2023,9,Rocky Road,9.44,47,443.68
15/05/2023,10,Wingman,9.15,15,137.25
15/05/2023,11,Arcade Made,7.76,95,737.2
15/05/2023,12,Punk IPA,7.64,65,496.6
15/05/2023,13,Hazy Jane,8.05,75,603.75
15/05/2023,14,Shore Leave,8.95,0,0
15/05/2023,15,Simcoe Solo,9.31,88,819.28
15/05/2023,16,Lucky Break,7.69,10,76.9
16/05/2023,1,Black Heart,9.3,5,46.5
16/05/2023,2,Fools Gold,8.16,36,293.76
16/05/2023,3,Cold Beer B,8.37,62,518.94
16/05/2023,4,Lost Lager,9.1,23,209.3
16/05/2023,5,King Crush,8.71,63,548.73
16/05/2023,6,Wingman Tro,8.51,47,399.97
16/05/2023,7,Grind Stout,9.45,22,207.9
16/05/2023,8,Juice Shack,8.64,81,699.84
16/05/2023,9,Rocky Road,9.44,83,783.52
16/05/2023,10,Wingman,9.15,95,869.25
16/05/2023,11,Arcade Made,7.76,9,69.84
16/05/2023,12,Punk IPA,7.64,85,649.4
16/05/2023,13,Hazy Jane,8.05,39,313.95
16/05/2023,14,Shore Leave,8.95,88,787.6
16/05/2023,15,Simcoe Solo,9.31,3,27.93
16/05/2023,16,Lucky Break,7.69,90,692.1
17/05/2023,1,Black Heart,9.3,79,734.7
17/05/2023,2,Fools Gold,8.16,65,530.4
17/05/2023,3,Cold Beer B,8.37,43,359.91
17/05/2023,4,Lost Lager,9.1,84,764.4
17/05/2023,5,King Crush,8.71,63,548.73
17/05/2023,6,Wingman Tro,8.51,22,187.22
17/05/2023,7,Grind Stout,9.45,58,548.1
17/05/2023,8,Juice Shack,8.64,3,25.92
17/05/2023,9,Rocky Road,9.44,100,944
17/05/2023,10,Wingman,9.15,52,475.8
17/05/2023,11,Arcade Made,7.76,83,644.08
17/05/2023,12,Punk IPA,7.64,59,450.76
17/05/2023,13,Hazy Jane,8.05,70,563.5
17/05/2023,14,Shore Leave,8.95,90,805.5
17/05/2023,15,Simcoe Solo,9.31,33,307.23
17/05/2023,16,Lucky Break,7.69,67,515.23
18/05/2023,1,Black Heart,9.3,33,306.9
18/05/2023,2,Fools Gold,8.16,17,138.72
18/05/2023,3,Cold Beer B,8.37,72,602.64
18/05/2023,4,Lost Lager,9.1,41,373.1
18/05/2023,5,King Crush,8.71,89,775.19
18/05/2023,6,Wingman Tro,8.51,81,689.31
18/05/2023,7,Grind Stout,9.45,15,141.75
18/05/2023,8,Juice Shack,8.64,3,25.92
18/05/2023,9,Rocky Road,9.44,62,585.28
18/05/2023,10,Wingman,9.15,9,82.35
18/05/2023,11,Arcade Made,7.76,13,100.88
18/05/2023,12,Punk IPA,7.64,78,595.92
18/05/2023,13,Hazy Jane,8.05,48,386.4
18/05/2023,14,Shore Leave,8.95,92,823.4
18/05/2023,15,Simcoe Solo,9.31,36,335.16
18/05/2023,16,Lucky Break,7.69,43,330.67
19/05/2023,1,Black Heart,9.3,47,437.1
19/05/2023,2,Fools Gold,8.16,73,595.68
19/05/2023,3,Cold Beer B,8.37,8,66.96
19/05/2023,4,Lost Lager,9.1,35,318.5
19/05/2023,5,King Crush,8.71,73,635.83
19/05/2023,6,Wingman Tro,8.51,49,416.99
19/05/2023,7,Grind Stout,9.45,23,217.35
19/05/2023,8,Juice Shack,8.64,24,207.36
19/05/2023,9,Rocky Road,9.44,62,585.28
19/05/2023,10,Wingman,9.15,18,164.7
19/05/2023,11,Arcade Made,7.76,81,628.56
19/05/2023,12,Punk IPA,7.64,89,679.96
19/05/2023,13,Hazy Jane,8.05,83,668.15
19/05/2023,14,Shore Leave,8.95,25,223.75
19/05/2023,15,Simcoe Solo,9.31,37,344.47
19/05/2023,16,Lucky Break,7.69,54,415.26
20/05/2023,1,Black Heart,9.3,25,232.5
20/05/2023,2,Fools Gold,8.16,21,171.36
20/05/2023,3,Cold Beer B,8.37,63,527.31
20/05/2023,4,Lost Lager,9.1,71,646.1
20/05/2023,5,King Crush,8.71,23,200.33
20/05/2023,6,Wingman Tro,8.51,62,527.62
20/05/2023,7,Grind Stout,9.45,7,66.15
20/05/2023,8,Juice Shack,8.64,30,259.2
20/05/2023,9,Rocky Road,9.44,93,877.92
20/05/2023,10,Wingman,9.15,37,338.55
20/05/2023,11,Arcade Made,7.76,19,147.44
20/05/2023,12,Punk IPA,7.64,83,634.12
20/05/2023,13,Hazy Jane,8.05,19,152.95
20/05/2023,14,Shore Leave,8.95,1,8.95
20/05/2023,15,Simcoe Solo,9.31,38,353.78
20/05/2023,16,Lucky Break,7.69,63,484.47
21/05/2023,1,Black Heart,9.3,24,223.2
21/05/2023,2,Fools Gold,8.16,95,775.2
21/05/2023,3,Cold Beer B,8.37,78,652.86
21/05/2023,4,Lost Lager,9.1,45,409.5
21/05/2023,5,King Crush,8.71,33,287.43
21/05/2023,6,Wingman Tro,8.51,21,178.71
21/05/2023,7,Grind Stout,9.45,86,812.7
21/05/2023,8,Juice Shack,8.64,69,596.16
21/05/2023,9,Rocky Road,9.44,96,906.24
21/05/2023,10,Wingman,9.15,28,256.2
21/05/2023,11,Arcade Made,7.76,39,302.64
21/05/2023,12,Punk IPA,7.64,58,443.12
21/05/2023,13,Hazy Jane,8.05,75,603.75
21/05/2023,14,Shore Leave,8.95,27,241.65
21/05/2023,15,Simcoe Solo,9.31,5,46.55
21/05/2023,16,Lucky Break,7.69,18,138.42
22/05/2023,1,Black Heart,9.3,41,381.3
22/05/2023,2,Fools Gold,8.16,86,701.76
22/05/2023,3,Cold Beer B,8.37,70,585.9
22/05/2023,4,Lost Lager,9.1,77,700.7
22/05/2023,5,King Crush,8.71,9,78.39
22/05/2023,6,Wingman Tro,8.51,10,85.1
22/05/2023,7,Grind Stout,9.45,25,236.25
22/05/2023,8,Juice Shack,8.64,10,86.4
22/05/2023,9,Rocky Road,9.44,42,396.48
22/05/2023,10,Wingman,9.15,31,283.65
22/05/2023,11,Arcade Made,7.76,96,744.96
22/05/2023,12,Punk IPA,7.64,84,641.76
22/05/2023,13,Hazy Jane,8.05,55,442.75
22/05/2023,14,Shore Leave,8.95,7,62.65
22/05/2023,15,Simcoe Solo,9.31,51,474.81
22/05/2023,16,Lucky Break,7.69,27,207.63
23/05/2023,1,Black Heart,9.3,78,725.4
23/05/2023,2,Fools Gold,8.16,95,775.2
23/05/2023,3,Cold Beer B,8.37,75,627.75
23/05/2023,4,Lost Lager,9.1,65,591.5
23/05/2023,5,King Crush,8.71,5,43.55
23/05/2023,6,Wingman Tro,8.51,11,93.61
23/05/2023,7,Grind Stout,9.45,21,198.45
23/05/2023,8,Juice Shack,8.64,17,146.88
23/05/2023,9,Rocky Road,9.44,85,802.4
23/05/2023,10,Wingman,9.15,58,530.7
23/05/2023,11,Arcade Made,7.76,31,240.56
23/05/2023,12,Punk IPA,7.64,20,152.8
23/05/2023,13,Hazy Jane,8.05,45,362.25
23/05/2023,14,Shore Leave,8.95,7,62.65
23/05/2023,15,Simcoe Solo,9.31,9,83.79
23/05/2023,16,Lucky Break,7.69,26,199.94
24/05/2023,1,Black Heart,9.3,53,492.9
24/05/2023,2,Fools Gold,8.16,53,432.48
24/05/2023,3,Cold Beer B,8.37,34,284.58
24/05/2023,4,Lost Lager,9.1,65,591.5
24/05/2023,5,King Crush,8.71,20,174.2
24/05/2023,6,Wingman Tro,8.51,52,442.52
24/05/2023,7,Grind Stout,9.45,30,283.5
24/05/2023,8,Juice Shack,8.64,25,216
24/05/2023,9,Rocky Road,9.44,3,28.32
24/05/2023,10,Wingman,9.15,5,45.75
24/05/2023,11,Arcade Made,7.76,99,768.24
24/05/2023,12,Punk IPA,7.64,77,588.28
24/05/2023,13,Hazy Jane,8.05,1,8.05
24/05/2023,14,Shore Leave,8.95,84,751.8
24/05/2023,15,Simcoe Solo,9.31,16,148.96
24/05/2023,16,Lucky Break,7.69,69,530.61
25/05/2023,1,Black Heart,9.3,30,279
25/05/2023,2,Fools Gold,8.16,1,8.16
25/05/2023,3,Cold Beer B,8.37,72,602.64
25/05/2023,4,Lost Lager,9.1,87,791.7
25/05/2023,5,King Crush,8.71,2,17.42
25/05/2023,6,Wingman Tro,8.51,40,340.4
25/05/2023,7,Grind Stout,9.45,85,803.25
25/05/2023,8,Juice Shack,8.64,98,846.72
25/05/2023,9,Rocky Road,9.44,86,811.84
25/05/2023,10,Wingman,9.15,2,18.3
25/05/2023,11,Arcade Made,7.76,95,737.2
25/05/2023,12,Punk IPA,7.64,15,114.6
25/05/2023,13,Hazy Jane,8.05,2,16.1
25/05/2023,14,Shore Leave,8.95,0,0
25/05/2023,15,Simcoe Solo,9.31,32,297.92
25/05/2023,16,Lucky Break,7.69,89,684.41
26/05/2023,1,Black Heart,9.3,28,260.4
26/05/2023,2,Fools Gold,8.16,32,261.12
26/05/2023,3,Cold Beer B,8.37,11,92.07
26/05/2023,4,Lost Lager,9.1,19,172.9
26/05/2023,5,King Crush,8.71,81,705.51
26/05/2023,6,Wingman Tro,8.51,67,570.17
26/05/2023,7,Grind Stout,9.45,55,519.75
26/05/2023,8,Juice Shack,8.64,42,362.88
26/05/2023,9,Rocky Road,9.44,20,188.8
26/05/2023,10,Wingman,9.15,41,375.15
26/05/2023,11,Arcade Made,7.76,7,54.32
26/05/2023,12,Punk IPA,7.64,8,61.12
26/05/2023,13,Hazy Jane,8.05,64,515.2
26/05/2023,14,Shore Leave,8.95,68,608.6
26/05/2023,15,Simcoe Solo,9.31,56,521.36
26/05/2023,16,Lucky Break,7.69,50,384.5
27/05/2023,1,Black Heart,9.3,6,55.8
27/05/2023,2,Fools Gold,8.16,48,391.68
27/05/2023,3,Cold Beer B,8.37,48,401.76
27/05/2023,4,Lost Lager,9.1,24,218.4
27/05/2023,5,King Crush,8.71,3,26.13
27/05/2023,6,Wingman Tro,8.51,96,816.96
27/05/2023,7,Grind Stout,9.45,31,292.95
27/05/2023,8,Juice Shack,8.64,24,207.36
27/05/2023,9,Rocky Road,9.44,22,207.68
27/05/2023,10,Wingman,9.15,89,814.35
27/05/2023,11,Arcade Made,7.76,73,566.48
27/05/2023,12,Punk IPA,7.64,45,343.8
27/05/2023,13,Hazy Jane,8.05,93,748.65
27/05/2023,14,Shore Leave,8.95,80,716
27/05/2023,15,Simcoe Solo,9.31,75,698.25
27/05/2023,16,Lucky Break,7.69,61,469.09
28/05/2023,1,Black Heart,9.3,11,102.3
28/05/2023,2,Fools Gold,8.16,14,114.24
28/05/2023,3,Cold Beer B,8.37,41,343.17
28/05/2023,4,Lost Lager,9.1,45,409.5
28/05/2023,5,King Crush,8.71,25,217.75
28/05/2023,6,Wingman Tro,8.51,90,765.9
28/05/2023,7,Grind Stout,9.45,86,812.7
28/05/2023,8,Juice Shack,8.64,85,734.4
28/05/2023,9,Rocky Road,9.44,64,604.16
28/05/2023,10,Wingman,9.15,47,430.05
28/05/2023,11,Arcade Made,7.76,37,287.12
28/05/2023,12,Punk IPA,7.64,28,213.92
28/05/2023,13,Hazy Jane,8.05,6,48.3
28/05/2023,14,Shore Leave,8.95,81,724.95
28/05/2023,15,Simcoe Solo,9.31,69,642.39
28/05/2023,16,Lucky Break,7.69,0,0
29/05/2023,1,Black Heart,9.3,15,139.5
29/05/2023,2,Fools Gold,8.16,16,130.56
29/05/2023,3,Cold Beer B,8.37,49,410.13
29/05/2023,4,Lost Lager,9.1,80,728
29/05/2023,5,King Crush,8.71,67,583.57
29/05/2023,6,Wingman Tro,8.51,74,629.74
29/05/2023,7,Grind Stout,9.45,12,113.4
29/05/2023,8,Juice Shack,8.64,46,397.44
29/05/2023,9,Rocky Road,9.44,34,320.96
29/05/2023,10,Wingman,9.15,58,530.7
29/05/2023,11,Arcade Made,7.76,10,77.6
29/05/2023,12,Punk IPA,7.64,78,595.92
29/05/2023,13,Hazy Jane,8.05,35,281.75
29/05/2023,14,Shore Leave,8.95,88,787.6
29/05/2023,15,Simcoe Solo,9.31,53,493.43
29/05/2023,16,Lucky Break,7.69,23,176.87
30/05/2023,1,Black Heart,9.3,55,511.5
30/05/2023,2,Fools Gold,8.16,73,595.68
30/05/2023,3,Cold Beer B,8.37,44,368.28
30/05/2023,4,Lost Lager,9.1,32,291.2
30/05/2023,5,King Crush,8.71,56,487.76
30/05/2023,6,Wingman Tro,8.51,31,263.81
30/05/2023,7,Grind Stout,9.45,89,841.05
30/05/2023,8,Juice Shack,8.64,5,43.2
30/05/2023,9,Rocky Road,9.44,51,481.44
30/05/2023,10,Wingman,9.15,46,420.9
30/05/2023,11,Arcade Made,7.76,63,488.88
30/05/2023,12,Punk IPA,7.64,82,626.48
30/05/2023,13,Hazy Jane,8.05,40,322
30/05/2023,14,Shore Leave,8.95,74,662.3
30/05/2023,15,Simcoe Solo,9.31,13,121.03
30/05/2023,16,Lucky Break,7.69,20,153.8
31/05/2023,1,Black Heart,9.3,99,920.7
31/05/2023,2,Fools Gold,8.16,93,758.88
31/05/2023,3,Cold Beer B,8.37,2,16.74
31/05/2023,4,Lost Lager,9.1,33,300.3
31/05/2023,5,King Crush,8.71,85,740.35
31/05/2023,6,Wingman Tro,8.51,89,757.39
31/05/2023,7,Grind Stout,9.45,50,472.5
31/05/2023,8,Juice Shack,8.64,98,846.72
31/05/2023,9,Rocky Road,9.44,4,37.76
31/05/2023,10,Wingman,9.15,71,649.65
31/05/2023,11,Arcade Made,7.76,29,225.04
31/05/2023,12,Punk IPA,7.64,15,114.6
31/05/2023,13,Hazy Jane,8.05,49,394.45
31/05/2023,14,Shore Leave,8.95,26,232.7
31/05/2023,15,Simcoe Solo,9.31,91,847.21
31/05/2023,16,Lucky Break,7.69,75,576.75
01/06/2023,1,Black Heart,9.3,39,362.7
01/06/2023,2,Fools Gold,8.16,68,554.88
01/06/2023,3,Cold Beer B,8.37,28,234.36
01/06/2023,4,Lost Lager,9.1,54,491.4
01/06/2023,5,King Crush,8.71,66,574.86
01/06/2023,6,Wingman Tro,8.51,96,816.96
01/06/2023,7,Grind Stout,9.45,6,56.7
01/06/2023,8,Juice Shack,8.64,45,388.8
01/06/2023,9,Rocky Road,9.44,49,462.56
01/06/2023,10,Wingman,9.15,54,494.1
01/06/2023,11,Arcade Made,7.76,45,349.2
01/06/2023,12,Punk IPA,7.64,56,427.84
01/06/2023,13,Hazy Jane,8.05,22,177.1
01/06/2023,14,Shore Leave,8.95,8,71.6
01/06/2023,15,Simcoe Solo,9.31,92,856.52
01/06/2023,16,Lucky Break,7.69,85,653.65
02/06/2023,1,Black Heart,9.3,78,725.4
02/06/2023,2,Fools Gold,8.16,71,579.36
02/06/2023,3,Cold Beer B,8.37,47,393.39
02/06/2023,4,Lost Lager,9.1,74,673.4
02/06/2023,5,King Crush,8.71,41,357.11
02/06/2023,6,Wingman Tro,8.51,98,833.98
02/06/2023,7,Grind Stout,9.45,6,56.7
02/06/2023,8,Juice Shack,8.64,91,786.24
02/06/2023,9,Rocky Road,9.44,2,18.88
02/06/2023,10,Wingman,9.15,94,860.1
02/06/2023,11,Arcade Made,7.76,73,566.48
02/06/2023,12,Punk IPA,7.64,51,389.64
02/06/2023,13,Hazy Jane,8.05,68,547.4
02/06/2023,14,Shore Leave,8.95,54,483.3
02/06/2023,15,Simcoe Solo,9.31,23,214.13
02/06/2023,16,Lucky Break,7.69,66,507.54
03/06/2023,1,Black Heart,9.3,97,902.1
03/06/2023,2,Fools Gold,8.16,54,440.64
03/06/2023,3,Cold Beer B,8.37,11,92.07
03/06/2023,4,Lost Lager,9.1,73,664.3
03/06/2023,5,King Crush,8.71,96,836.16
03/06/2023,6,Wingman Tro,8.51,48,408.48
03/06/2023,7,Grind Stout,9.45,96,907.2
03/06/2023,8,Juice Shack,8.64,0,0
03/06/2023,9,Rocky Road,9.44,20,188.8
03/06/2023,10,Wingman,9.15,17,155.55
03/06/2023,11,Arcade Made,7.76,83,644.08
03/06/2023,12,Punk IPA,7.64,5,38.2
03/06/2023,13,Hazy Jane,8.05,63,507.15
03/06/2023,14,Shore Leave,8.95,68,608.6
03/06/2023,15,Simcoe Solo,9.31,4,37.24
03/06/2023,16,Lucky Break,7.69,75,576.75
04/06/2023,1,Black Heart,9.3,29,269.7
04/06/2023,2,Fools Gold,8.16,37,301.92
04/06/2023,3,Cold Beer B,8.37,38,318.06
04/06/2023,4,Lost Lager,9.1,25,227.5
04/06/2023,5,King Crush,8.71,9,78.39
04/06/2023,6,Wingman Tro,8.51,60,510.6
04/06/2023,7,Grind Stout,9.45,84,793.8
04/06/2023,8,Juice Shack,8.64,0,0
04/06/2023,9,Rocky Road,9.44,49,462.56
04/06/2023,10,Wingman,9.15,0,0
04/06/2023,11,Arcade Made,7.76,89,690.64
04/06/2023,12,Punk IPA,7.64,93,710.52
04/06/2023,13,Hazy Jane,8.05,39,313.95
04/06/2023,14,Shore Leave,8.95,70,626.5
04/06/2023,15,Simcoe Solo,9.31,37,344.47
04/06/2023,16,Lucky Break,7.69,90,692.1
05/06/2023,1,Black Heart,9.3,71,660.3
05/06/2023,2,Fools Gold,8.16,13,106.08
05/06/2023,3,Cold Beer B,8.37,89,744.93
05/06/2023,4,Lost Lager,9.1,6,54.6
05/06/2023,5,King Crush,8.71,62,540.02
05/06/2023,6,Wingman Tro,8.51,31,263.81
05/06/2023,7,Grind Stout,9.45,62,585.9
05/06/2023,8,Juice Shack,8.64,34,293.76
05/06/2023,9,Rocky Road,9.44,73,689.12
05/06/2023,10,Wingman,9.15,76,695.4
05/06/2023,11,Arcade Made,7.76,1,7.76
05/06/2023,12,Punk IPA,7.64,45,343.8
05/06/2023,13,Hazy Jane,8.05,63,507.15
05/06/2023,14,Shore Leave,8.95,9,80.55
05/06/2023,15,Simcoe Solo,9.31,48,446.88
05/06/2023,16,Lucky Break,7.69,29,223.01
06/06/2023,1,Black Heart,9.3,85,790.5
06/06/2023,2,Fools Gold,8.16,78,636.48
06/06/2023,3,Cold Beer B,8.37,45,376.65
06/06/2023,4,Lost Lager,9.1,85,773.5
06/06/2023,5,King Crush,8.71,81,705.51
06/06/2023,6,Wingman Tro,8.51,98,833.98
06/06/2023,7,Grind Stout,9.45,91,859.95
06/06/2023,8,Juice Shack,8.64,55,475.2
06/06/2023,9,Rocky Road,9.44,8,75.52
06/06/2023,10,Wingman,9.15,64,585.6
06/06/2023,11,Arcade Made,7.76,11,85.36
06/06/2023,12,Punk IPA,7.64,31,236.84
06/06/2023,13,Hazy Jane,8.05,98,788.9
06/06/2023,14,Shore Leave,8.95,36,322.2
06/06/2023,15,Simcoe Solo,9.31,17,158.27
06/06/2023,16,Lucky Break,7.69,98,753.62
07/06/2023,1,Black Heart,9.3,87,809.1
07/06/2023,2,Fools Gold,8.16,23,187.68
07/06/2023,3,Cold Beer B,8.37,72,602.64
07/06/2023,4,Lost Lager,9.1,24,218.4
07/06/2023,5,King Crush,8.71,13,113.23
07/06/2023,6,Wingman Tro,8.51,69,587.19
07/06/2023,7,Grind Stout,9.45,58,548.1
07/06/2023,8,Juice Shack,8.64,47,406.08
07/06/2023,9,Rocky Road,9.44,89,840.16
07/06/2023,10,Wingman,9.15,44,402.6
07/06/2023,11,Arcade Made,7.76,51,395.76
07/06/2023,12,Punk IPA,7.64,14,106.96
07/06/2023,13,Hazy Jane,8.05,48,386.4
07/06/2023,14,Shore Leave,8.95,53,474.35
07/06/2023,15,Simcoe Solo,9.31,72,670.32
07/06/2023,16,Lucky Break,7.69,81,622.89
08/06/2023,1,Black Heart,9.3,92,855.6
08/06/2023,2,Fools Gold,8.16,15,122.4
08/06/2023,3,Cold Beer B,8.37,10,83.7
08/06/2023,4,Lost Lager,9.1,99,900.9
08/06/2023,5,King Crush,8.71,8,69.68
08/06/2023,6,Wingman Tro,8.51,1,8.51
08/06/2023,7,Grind Stout,9.45,80,756
08/06/2023,8,Juice Shack,8.64,43,371.52
08/06/2023,9,Rocky Road,9.44,29,273.76
08/06/2023,10,Wingman,9.15,53,484.95
08/06/2023,11,Arcade Made,7.76,81,628.56
08/06/2023,12,Punk IPA,7.64,3,22.92
08/06/2023,13,Hazy Jane,8.05,53,426.65
08/06/2023,14,Shore Leave,8.95,70,626.5
08/06/2023,15,Simcoe Solo,9.31,32,297.92
08/06/2023,16,Lucky Break,7.69,69,530.61
09/06/2023,1,Black Heart,9.3,25,232.5
09/06/2023,2,Fools Gold,8.16,42,342.72
09/06/2023,3,Cold Beer B,8.37,40,334.8
09/06/2023,4,Lost Lager,9.1,9,81.9
09/06/2023,5,King Crush,8.71,83,722.93
09/06/2023,6,Wingman Tro,8.51,60,510.6
09/06/2023,7,Grind Stout,9.45,92,869.4
09/06/2023,8,Juice Shack,8.64,93,803.52
09/06/2023,9,Rocky Road,9.44,30,283.2
09/06/2023,10,Wingman,9.15,12,109.8
09/06/2023,11,Arcade Made,7.76,4,31.04
09/06/2023,12,Punk IPA,7.64,65,496.6
09/06/2023,13,Hazy Jane,8.05,88,708.4
09/06/2023,14,Shore Leave,8.95,36,322.2
09/06/2023,15,Simcoe Solo,9.31,98,912.38
09/06/2023,16,Lucky Break,7.69,57,438.33
10/06/2023,1,Black Heart,9.3,94,874.2
10/06/2023,2,Fools Gold,8.16,79,644.64
10/06/2023,3,Cold Beer B,8.37,94,786.78
10/06/2023,4,Lost Lager,9.1,62,564.2
10/06/2023,5,King Crush,8.71,73,635.83
10/06/2023,6,Wingman Tro,8.51,2,17.02
10/06/2023,7,Grind Stout,9.45,20,189
10/06/2023,8,Juice Shack,8.64,7,60.48
10/06/2023,9,Rocky Road,9.44,91,859.04
10/06/2023,10,Wingman,9.15,93,850.95
10/06/2023,11,Arcade Made,7.76,42,325.92
10/06/2023,12,Punk IPA,7.64,23,175.72
10/06/2023,13,Hazy Jane,8.05,36,289.8
10/06/2023,14,Shore Leave,8.95,83,742.85
10/06/2023,15,Simcoe Solo,9.31,47,437.57
10/06/2023,16,Lucky Break,7.69,3,23.07
11/06/2023,1,Black Heart,9.3,20,186
11/06/2023,2,Fools Gold,8.16,24,195.84
11/06/2023,3,Cold Beer B,8.37,80,669.6
11/06/2023,4,Lost Lager,9.1,95,864.5
11/06/2023,5,King Crush,8.71,96,836.16
11/06/2023,6,Wingman Tro,8.51,6,51.06
11/06/2023,7,Grind Stout,9.45,98,926.1
11/06/2023,8,Juice Shack,8.64,56,483.84
11/06/2023,9,Rocky Road,9.44,75,708
11/06/2023,10,Wingman,9.15,59,539.85
11/06/2023,11,Arcade Made,7.76,29,225.04
11/06/2023,12,Punk IPA,7.64,19,145.16
11/06/2023,13,Hazy Jane,8.05,100,805
11/06/2023,14,Shore Leave,8.95,4,35.8
11/06/2023,15,Simcoe Solo,9.31,81,754.11
11/06/2023,16,Lucky Break,7.69,53,407.57
12/06/2023,1,Black Heart,9.3,10,93
12/06/2023,2,Fools Gold,8.16,22,179.52
12/06/2023,3,Cold Beer B,8.37,2,16.74
12/06/2023,4,Lost Lager,9.1,99,900.9
12/06/2023,5,King Crush,8.71,54,470.34
12/06/2023,6,Wingman Tro,8.51,11,93.61
12/06/2023,7,Grind Stout,9.45,1,9.45
12/06/2023,8,Juice Shack,8.64,52,449.28
12/06/2023,9,Rocky Road,9.44,18,169.92
12/06/2023,10,Wingman,9.15,88,805.2
12/06/2023,11,Arcade Made,7.76,19,147.44
12/06/2023,12,Punk IPA,7.64,89,679.96
12/06/2023,13,Hazy Jane,8.05,34,273.7
12/06/2023,14,Shore Leave,8.95,0,0
12/06/2023,15,Simcoe Solo,9.31,94,875.14
12/06/2023,16,Lucky Break,7.69,24,184.56
13/06/2023,1,Black Heart,9.3,40,372
13/06/2023,2,Fools Gold,8.16,17,138.72
13/06/2023,3,Cold Beer B,8.37,16,133.92
13/06/2023,4,Lost Lager,9.1,87,791.7
13/06/2023,5,King Crush,8.71,30,261.3
13/06/2023,6,Wingman Tro,8.51,75,638.25
13/06/2023,7,Grind Stout,9.45,99,935.55
13/06/2023,8,Juice Shack,8.64,89,768.96
13/06/2023,9,Rocky Road,9.44,31,292.64
13/06/2023,10,Wingman,9.15,43,393.45
13/06/2023,11,Arcade Made,7.76,26,201.76
13/06/2023,12,Punk IPA,7.64,21,160.44
13/06/2023,13,Hazy Jane,8.05,5,40.25
13/06/2023,14,Shore Leave,8.95,54,483.3
13/06/2023,15,Simcoe Solo,9.31,55,512.05
13/06/2023,16,Lucky Break,7.69,99,761.31
14/06/2023,1,Black Heart,9.3,88,818.4
14/06/2023,2,Fools Gold,8.16,75,612
14/06/2023,3,Cold Beer B,8.37,69,577.53
14/06/2023,4,Lost Lager,9.1,53,482.3
14/06/2023,5,King Crush,8.71,1,8.71
14/06/2023,6,Wingman Tro,8.51,39,331.89
14/06/2023,7,Grind Stout,9.45,8,75.6
14/06/2023,8,Juice Shack,8.64,14,120.96
14/06/2023,9,Rocky Road,9.44,4,37.76
14/06/2023,10,Wingman,9.15,30,274.5
14/06/2023,11,Arcade Made,7.76,84,651.84
14/06/2023,12,Punk IPA,7.64,70,534.8
14/06/2023,13,Hazy Jane,8.05,11,88.55
14/06/2023,14,Shore Leave,8.95,64,572.8
14/06/2023,15,Simcoe Solo,9.31,86,800.66
14/06/2023,16,Lucky Break,7.69,26,199.94
15/06/2023,1,Black Heart,9.3,59,548.7
15/06/2023,2,Fools Gold,8.16,55,448.8
15/06/2023,3,Cold Beer B,8.37,70,585.9
15/06/2023,4,Lost Lager,9.1,18,163.8
15/06/2023,5,King Crush,8.71,59,513.89
15/06/2023,6,Wingman Tro,8.51,93,791.43
15/06/2023,7,Grind Stout,9.45,62,585.9
15/06/2023,8,Juice Shack,8.64,4,34.56
15/06/2023,9,Rocky Road,9.44,100,944
15/06/2023,10,Wingman,9.15,36,329.4
15/06/2023,11,Arcade Made,7.76,15,116.4
15/06/2023,12,Punk IPA,7.64,36,275.04
15/06/2023,13,Hazy Jane,8.05,56,450.8
15/06/2023,14,Shore Leave,8.95,16,143.2
15/06/2023,15,Simcoe Solo,9.31,85,791.35
15/06/2023,16,Lucky Break,7.69,100,769
16/06/2023,1,Black Heart,9.3,6,55.8
16/06/2023,2,Fools Gold,8.16,12,97.92
16/06/2023,3,Cold Beer B,8.37,37,309.69
16/06/2023,4,Lost Lager,9.1,13,118.3
16/06/2023,5,King Crush,8.71,26,226.46
16/06/2023,6,Wingman Tro,8.51,35,297.85
16/06/2023,7,Grind Stout,9.45,75,708.75
16/06/2023,8,Juice Shack,8.64,95,820.8
16/06/2023,9,Rocky Road,9.44,19,179.36
16/06/2023,10,Wingman,9.15,31,283.65
16/06/2023,11,Arcade Made,7.76,44,341.44
16/06/2023,12,Punk IPA,7.64,89,679.96
16/06/2023,13,Hazy Jane,8.05,75,603.75
16/06/2023,14,Shore Leave,8.95,58,519.1
16/06/2023,15,Simcoe Solo,9.31,63,586.53
16/06/2023,16,Lucky Break,7.69,78,599.82
17/06/2023,1,Black Heart,9.3,76,706.8
17/06/2023,2,Fools Gold,8.16,80,652.8
17/06/2023,3,Cold Beer B,8.37,76,636.12
17/06/2023,4,Lost Lager,9.1,87,791.7
17/06/2023,5,King Crush,8.71,62,540.02
17/06/2023,6,Wingman Tro,8.51,78,663.78
17/06/2023,7,Grind Stout,9.45,21,198.45
17/06/2023,8,Juice Shack,8.64,87,751.68
17/06/2023,9,Rocky Road,9.44,38,358.72
17/06/2023,10,Wingman,9.15,60,549
17/06/2023,11,Arcade Made,7.76,41,318.16
17/06/2023,12,Punk IPA,7.64,36,275.04
17/06/2023,13,Hazy Jane,8.05,62,499.1
17/06/2023,14,Shore Leave,8.95,38,340.1
17/06/2023,15,Simcoe Solo,9.31,11,102.41
17/06/2023,16,Lucky Break,7.69,67,515.23
18/06/2023,1,Black Heart,9.3,42,390.6
18/06/2023,2,Fools Gold,8.16,50,408
18/06/2023,3,Cold Beer B,8.37,89,744.93
18/06/2023,4,Lost Lager,9.1,7,63.7
18/06/2023,5,King Crush,8.71,32,278.72
18/06/2023,6,Wingman Tro,8.51,90,765.9
18/06/2023,7,Grind Stout,9.45,82,774.9
18/06/2023,8,Juice Shack,8.64,77,665.28
18/06/2023,9,Rocky Road,9.44,62,585.28
18/06/2023,10,Wingman,9.15,44,402.6
18/06/2023,11,Arcade Made,7.76,31,240.56
18/06/2023,12,Punk IPA,7.64,97,741.08
18/06/2023,13,Hazy Jane,8.05,78,627.9
18/06/2023,14,Shore Leave,8.95,83,742.85
18/06/2023,15,Simcoe Solo,9.31,77,716.87
18/06/2023,16,Lucky Break,7.69,72,553.68
19/06/2023,1,Black Heart,9.3,80,744
19/06/2023,2,Fools Gold,8.16,39,318.24
19/06/2023,3,Cold Beer B,8.37,62,518.94
19/06/2023,4,Lost Lager,9.1,81,737.1
19/06/2023,5,King Crush,8.71,64,557.44
19/06/2023,6,Wingman Tro,8.51,57,485.07
19/06/2023,7,Grind Stout,9.45,39,368.55
19/06/2023,8,Juice Shack,8.64,15,129.6
19/06/2023,9,Rocky Road,9.44,55,519.2
19/06/2023,10,Wingman,9.15,6,54.9
19/06/2023,11,Arcade Made,7.76,2,15.52
19/06/2023,12,Punk IPA,7.64,62,473.68
19/06/2023,13,Hazy Jane,8.05,2,16.1
19/06/2023,14,Shore Leave,8.95,47,420.65
19/06/2023,15,Simcoe Solo,9.31,42,391.02
19/06/2023,16,Lucky Break,7.69,90,692.1
20/06/2023,1,Black Heart,9.3,41,381.3
20/06/2023,2,Fools Gold,8.16,3,24.48
20/06/2023,3,Cold Beer B,8.37,34,284.58
20/06/2023,4,Lost Lager,9.1,12,109.2
20/06/2023,5,King Crush,8.71,70,609.7
20/06/2023,6,Wingman Tro,8.51,78,663.78
20/06/2023,7,Grind Stout,9.45,24,226.8
20/06/2023,8,Juice Shack,8.64,6,51.84
20/06/2023,9,Rocky Road,9.44,51,481.44
20/06/2023,10,Wingman,9.15,41,375.15
20/06/2023,11,Arcade Made,7.76,94,729.44
20/06/2023,12,Punk IPA,7.64,53,404.92
20/06/2023,13,Hazy Jane,8.05,11,88.55
20/06/2023,14,Shore Leave,8.95,51,456.45
20/06/2023,15,Simcoe Solo,9.31,1,9.31
20/06/2023,16,Lucky Break,7.69,38,292.22
21/06/2023,1,Black Heart,9.3,21,195.3
21/06/2023,2,Fools Gold,8.16,59,481.44
21/06/2023,3,Cold Beer B,8.37,80,669.6
21/06/2023,4,Lost Lager,9.1,48,436.8
21/06/2023,5,King Crush,8.71,68,592.28
21/06/2023,6,Wingman Tro,8.51,38,323.38
21/06/2023,7,Grind Stout,9.45,80,756
21/06/2023,8,Juice Shack,8.64,67,578.88
21/06/2023,9,Rocky Road,9.44,86,811.84
21/06/2023,10,Wingman,9.15,95,869.25
21/06/2023,11,Arcade Made,7.76,95,737.2
21/06/2023,12,Punk IPA,7.64,53,404.92
21/06/2023,13,Hazy Jane,8.05,38,305.9
21/06/2023,14,Shore Leave,8.95,57,510.15
21/06/2023,15,Simcoe Solo,9.31,31,288.61
21/06/2023,16,Lucky Break,7.69,21,161.49
22/06/2023,1,Black Heart,9.3,12,111.6
22/06/2023,2,Fools Gold,8.16,38,310.08
22/06/2023,3,Cold Beer B,8.37,25,209.25
22/06/2023,4,Lost Lager,9.1,3,27.3
22/06/2023,5,King Crush,8.71,9,78.39
22/06/2023,6,Wingman Tro,8.51,0,0
22/06/2023,7,Grind Stout,9.45,75,708.75
22/06/2023,8,Juice Shack,8.64,66,570.24
22/06/2023,9,Rocky Road,9.44,23,217.12
22/06/2023,10,Wingman,9.15,53,484.95
22/06/2023,11,Arcade Made,7.76,1,7.76
22/06/2023,12,Punk IPA,7.64,7,53.48
22/06/2023,13,Hazy Jane,8.05,63,507.15
22/06/2023,14,Shore Leave,8.95,74,662.3
22/06/2023,15,Simcoe Solo,9.31,39,363.09
22/06/2023,16,Lucky Break,7.69,38,292.22
23/06/2023,1,Black Heart,9.3,40,372
23/06/2023,2,Fools Gold,8.16,18,146.88
23/06/2023,3,Cold Beer B,8.37,67,560.79
23/06/2023,4,Lost Lager,9.1,49,445.9
23/06/2023,5,King Crush,8.71,34,296.14
23/06/2023,6,Wingman Tro,8.51,80,680.8
23/06/2023,7,Grind Stout,9.45,4,37.8
23/06/2023,8,Juice Shack,8.64,3,25.92
23/06/2023,9,Rocky Road,9.44,74,698.56
23/06/2023,10,Wingman,9.15,92,841.8
23/06/2023,11,Arcade Made,7.76,17,131.92
23/06/2023,12,Punk IPA,7.64,40,305.6
23/06/2023,13,Hazy Jane,8.05,31,249.55
23/06/2023,14,Shore Leave,8.95,49,438.55
23/06/2023,15,Simcoe Solo,9.31,46,428.26
23/06/2023,16,Lucky Break,7.69,4,30.76
24/06/2023,1,Black Heart,9.3,39,362.7
24/06/2023,2,Fools Gold,8.16,16,130.56
24/06/2023,3,Cold Beer B,8.37,12,100.44
24/06/2023,4,Lost Lager,9.1,56,509.6
24/06/2023,5,King Crush,8.71,40,348.4
24/06/2023,6,Wingman Tro,8.51,44,374.44
24/06/2023,7,Grind Stout,9.45,16,151.2
24/06/2023,8,Juice Shack,8.64,37,319.68
24/06/2023,9,Rocky Road,9.44,22,207.68
24/06/2023,10,Wingman,9.15,78,713.7
24/06/2023,11,Arcade Made,7.76,75,582
24/06/2023,12,Punk IPA,7.64,27,206.28
24/06/2023,13,Hazy Jane,8.05,46,370.3
24/06/2023,14,Shore Leave,8.95,99,886.05
24/06/2023,15,Simcoe Solo,9.31,83,772.73
24/06/2023,16,Lucky Break,7.69,7,53.83
25/06/2023,1,Black Heart,9.3,87,809.1
25/06/2023,2,Fools Gold,8.16,5,40.8
25/06/2023,3,Cold Beer B,8.37,40,334.8
25/06/2023,4,Lost Lager,9.1,62,564.2
25/06/2023,5,King Crush,8.71,85,740.35
25/06/2023,6,Wingman Tro,8.51,3,25.53
25/06/2023,7,Grind Stout,9.45,66,623.7
25/06/2023,8,Juice Shack,8.64,29,250.56
25/06/2023,9,Rocky Road,9.44,92,868.48
25/06/2023,10,Wingman,9.15,60,549
25/06/2023,11,Arcade Made,7.76,84,651.84
25/06/2023,12,Punk IPA,7.64,30,229.2
25/06/2023,13,Hazy Jane,8.05,52,418.6
25/06/2023,14,Shore Leave,8.95,66,590.7
25/06/2023,15,Simcoe Solo,9.31,29,269.99
25/06/2023,16,Lucky Break,7.69,31,238.39
26/06/2023,1,Black Heart,9.3,30,279
26/06/2023,2,Fools Gold,8.16,15,122.4
26/06/2023,3,Cold Beer B,8.37,10,83.7
26/06/2023,4,Lost Lager,9.1,25,227.5
26/06/2023,5,King Crush,8.71,40,348.4
26/06/2023,6,Wingman Tro,8.51,12,102.12
26/06/2023,7,Grind Stout,9.45,19,179.55
26/06/2023,8,Juice Shack,8.64,19,164.16
26/06/2023,9,Rocky Road,9.44,21,198.24
26/06/2023,10,Wingman,9.15,24,219.6
26/06/2023,11,Arcade Made,7.76,73,566.48
26/06/2023,12,Punk IPA,7.64,37,282.68
26/06/2023,13,Hazy Jane,8.05,55,442.75
26/06/2023,14,Shore Leave,8.95,28,250.6
26/06/2023,15,Simcoe Solo,9.31,62,577.22
26/06/2023,16,Lucky Break,7.69,7,53.83
27/06/2023,1,Black Heart,9.3,6,55.8
27/06/2023,2,Fools Gold,8.16,80,652.8
27/06/2023,3,Cold Beer B,8.37,30,251.1
27/06/2023,4,Lost Lager,9.1,62,564.2
27/06/2023,5,King Crush,8.71,91,792.61
27/06/2023,6,Wingman Tro,8.51,77,655.27
27/06/2023,7,Grind Stout,9.45,45,425.25
27/06/2023,8,Juice Shack,8.64,30,259.2
27/06/2023,9,Rocky Road,9.44,0,0
27/06/2023,10,Wingman,9.15,100,915
27/06/2023,11,Arcade Made,7.76,61,473.36
27/06/2023,12,Punk IPA,7.64,40,305.6
27/06/2023,13,Hazy Jane,8.05,1,8.05
27/06/2023,14,Shore Leave,8.95,11,98.45
27/06/2023,15,Simcoe Solo,9.31,60,558.6
27/06/2023,16,Lucky Break,7.69,87,669.03
28/06/2023,1,Black Heart,9.3,21,195.3
28/06/2023,2,Fools Gold,8.16,54,440.64
28/06/2023,3,Cold Beer B,8.37,67,560.79
28/06/2023,4,Lost Lager,9.1,64,582.4
28/06/2023,5,King Crush,8.71,1,8.71
28/06/2023,6,Wingman Tro,8.51,30,255.3
28/06/2023,7,Grind Stout,9.45,56,529.2
28/06/2023,8,Juice Shack,8.64,79,682.56
28/06/2023,9,Rocky Road,9.44,79,745.76
28/06/2023,10,Wingman,9.15,80,732
28/06/2023,11,Arcade Made,7.76,26,201.76
28/06/2023,12,Punk IPA,7.64,25,191
28/06/2023,13,Hazy Jane,8.05,36,289.8
28/06/2023,14,Shore Leave,8.95,28,250.6
28/06/2023,15,Simcoe Solo,9.31,67,623.77
28/06/2023,16,Lucky Break,7.69,6,46.14
29/06/2023,1,Black Heart,9.3,0,0
29/06/2023,2,Fools Gold,8.16,57,465.12
29/06/2023,3,Cold Beer B,8.37,7,58.59
29/06/2023,4,Lost Lager,9.1,84,764.4
29/06/2023,5,King Crush,8.71,54,470.34
29/06/2023,6,Wingman Tro,8.51,72,612.72
29/06/2023,7,Grind Stout,9.45,24,226.8
29/06/2023,8,Juice Shack,8.64,86,743.04
29/06/2023,9,Rocky Road,9.44,69,651.36
29/06/2023,10,Wingman,9.15,64,585.6
29/06/2023,11,Arcade Made,7.76,17,131.92
29/06/2023,12,Punk IPA,7.64,99,756.36
29/06/2023,13,Hazy Jane,8.05,28,225.4
29/06/2023,14,Shore Leave,8.95,46,411.7
29/06/2023,15,Simcoe Solo,9.31,14,130.34
29/06/2023,16,Lucky Break,7.69,71,545.99
30/06/2023,1,Black Heart,9.3,98,911.4
30/06/2023,2,Fools Gold,8.16,12,97.92
30/06/2023,3,Cold Beer B,8.37,99,828.63
30/06/2023,4,Lost Lager,9.1,87,791.7
30/06/2023,5,King Crush,8.71,33,287.43
30/06/2023,6,Wingman Tro,8.51,67,570.17
30/06/2023,7,Grind Stout,9.45,21,198.45
30/06/2023,8,Juice Shack,8.64,95,820.8
30/06/2023,9,Rocky Road,9.44,67,632.48
30/06/2023,10,Wingman,9.15,4,36.6
30/06/2023,11,Arcade Made,7.76,83,644.08
30/06/2023,12,Punk IPA,7.64,64,488.96
30/06/2023,13,Hazy Jane,8.05,74,595.7
30/06/2023,14,Shore Leave,8.95,46,411.7
30/06/2023,15,Simcoe Solo,9.31,79,735.49
30/06/2023,16,Lucky Break,7.69,39,299.91
01/07/2023,1,Black Heart,9.3,66,613.8
01/07/2023,2,Fools Gold,8.16,70,571.2
01/07/2023,3,Cold Beer B,8.37,41,343.17
01/07/2023,4,Lost Lager,9.1,17,154.7
01/07/2023,5,King Crush,8.71,68,592.28
01/07/2023,6,Wingman Tro,8.51,84,714.84
01/07/2023,7,Grind Stout,9.45,70,661.5
01/07/2023,8,Juice Shack,8.64,68,587.52
01/07/2023,9,Rocky Road,9.44,22,207.68
01/07/2023,10,Wingman,9.15,4,36.6
01/07/2023,11,Arcade Made,7.76,82,636.32
01/07/2023,12,Punk IPA,7.64,52,397.28
01/07/2023,13,Hazy Jane,8.05,93,748.65
01/07/2023,14,Shore Leave,8.95,9,80.55
01/07/2023,15,Simcoe Solo,9.31,88,819.28
01/07/2023,16,Lucky Break,7.69,94,722.86
02/07/2023,1,Black Heart,9.3,83,771.9
02/07/2023,2,Fools Gold,8.16,35,285.6
02/07/2023,3,Cold Beer B,8.37,26,217.62
02/07/2023,4,Lost Lager,9.1,13,118.3
02/07/2023,5,King Crush,8.71,35,304.85
02/07/2023,6,Wingman Tro,8.51,84,714.84
02/07/2023,7,Grind Stout,9.45,2,18.9
02/07/2023,8,Juice Shack,8.64,33,285.12
02/07/2023,9,Rocky Road,9.44,76,717.44
02/07/2023,10,Wingman,9.15,36,329.4
02/07/2023,11,Arcade Made,7.76,46,356.96
02/07/2023,12,Punk IPA,7.64,60,458.4
02/07/2023,13,Hazy Jane,8.05,18,144.9
02/07/2023,14,Shore Leave,8.95,90,805.5
02/07/2023,15,Simcoe Solo,9.31,43,400.33
02/07/2023,16,Lucky Break,7.69,23,176.87
03/07/2023,1,Black Heart,9.3,79,734.7
03/07/2023,2,Fools Gold,8.16,88,718.08
03/07/2023,3,Cold Beer B,8.37,23,192.51
03/07/2023,4,Lost Lager,9.1,43,391.3
03/07/2023,5,King Crush,8.71,85,740.35
03/07/2023,6,Wingman Tro,8.51,41,348.91
03/07/2023,7,Grind Stout,9.45,38,359.1
03/07/2023,8,Juice Shack,8.64,26,224.64
03/07/2023,9,Rocky Road,9.44,15,141.6
03/07/2023,10,Wingman,9.15,56,512.4
03/07/2023,11,Arcade Made,7.76,64,496.64
03/07/2023,12,Punk IPA,7.64,34,259.76
03/07/2023,13,Hazy Jane,8.05,16,128.8
03/07/2023,14,Shore Leave,8.95,41,366.95
03/07/2023,15,Simcoe Solo,9.31,12,111.72
03/07/2023,16,Lucky Break,7.69,63,484.47
04/07/2023,1,Black Heart,9.3,52,483.6
04/07/2023,2,Fools Gold,8.16,16,130.56
04/07/2023,3,Cold Beer B,8.37,56,468.72
04/07/2023,4,Lost Lager,9.1,38,345.8
04/07/2023,5,King Crush,8.71,31,270.01
04/07/2023,6,Wingman Tro,8.51,54,459.54
04/07/2023,7,Grind Stout,9.45,71,670.95
04/07/2023,8,Juice Shack,8.64,36,311.04
04/07/2023,9,Rocky Road,9.44,62,585.28
04/07/2023,10,Wingman,9.15,4,36.6
04/07/2023,11,Arcade Made,7.76,46,356.96
04/07/2023,12,Punk IPA,7.64,92,702.88
04/07/2023,13,Hazy Jane,8.05,76,611.8
04/07/2023,14,Shore Leave,8.95,47,420.65
04/07/2023,15,Simcoe Solo,9.31,33,307.23
04/07/2023,16,Lucky Break,7.69,91,699.79
05/07/2023,1,Black Heart,9.3,51,474.3
05/07/2023,2,Fools Gold,8.16,79,644.64
05/07/2023,3,Cold Beer B,8.37,83,694.71
05/07/2023,4,Lost Lager,9.1,90,819
05/07/2023,5,King Crush,8.71,38,330.98
05/07/2023,6,Wingman Tro,8.51,84,714.84
05/07/2023,7,Grind Stout,9.45,56,529.2
05/07/2023,8,Juice Shack,8.64,91,786.24
05/07/2023,9,Rocky Road,9.44,60,566.4
05/07/2023,10,Wingman,9.15,5,45.75
05/07/2023,11,Arcade Made,7.76,99,768.24
05/07/2023,12,Punk IPA,7.64,48,366.72
05/07/2023,13,Hazy Jane,8.05,54,434.7
05/07/2023,14,Shore Leave,8.95,70,626.5
05/07/2023,15,Simcoe Solo,9.31,100,931
05/07/2023,16,Lucky Break,7.69,83,638.27
06/07/2023,1,Black Heart,9.3,37,344.1
06/07/2023,2,Fools Gold,8.16,23,187.68
06/07/2023,3,Cold Beer B,8.37,33,276.21
06/07/2023,4,Lost Lager,9.1,55,500.5
06/07/2023,5,King Crush,8.71,84,731.64
06/07/2023,6,Wingman Tro,8.51,72,612.72
06/07/2023,7,Grind Stout,9.45,2,18.9
06/07/2023,8,Juice Shack,8.64,100,864
06/07/2023,9,Rocky Road,9.44,17,160.48
06/07/2023,10,Wingman,9.15,30,274.5
06/07/2023,11,Arcade Made,7.76,22,170.72
06/07/2023,12,Punk IPA,7.64,47,359.08
06/07/2023,13,Hazy Jane,8.05,5,40.25
06/07/2023,14,Shore Leave,8.95,52,465.4
06/07/2023,15,Simcoe Solo,9.31,74,688.94
06/07/2023,16,Lucky Break,7.69,79,607.51
07/07/2023,1,Black Heart,9.3,21,195.3
07/07/2023,2,Fools Gold,8.16,17,138.72
07/07/2023,3,Cold Beer B,8.37,37,309.69
07/07/2023,4,Lost Lager,9.1,13,118.3
07/07/2023,5,King Crush,8.71,12,104.52
07/07/2023,6,Wingman Tro,8.51,64,544.64
07/07/2023,7,Grind Stout,9.45,43,406.35
07/07/2023,8,Juice Shack,8.64,70,604.8
07/07/2023,9,Rocky Road,9.44,72,679.68
07/07/2023,10,Wingman,9.15,14,128.1
07/07/2023,11,Arcade Made,7.76,68,527.68
07/07/2023,12,Punk IPA,7.64,27,206.28
07/07/2023,13,Hazy Jane,8.05,36,289.8
07/07/2023,14,Shore Leave,8.95,6,53.7
07/07/2023,15,Simcoe Solo,9.31,39,363.09
07/07/2023,16,Lucky Break,7.69,47,361.43
08/07/2023,1,Black Heart,9.3,34,316.2
08/07/2023,2,Fools Gold,8.16,63,514.08
08/07/2023,3,Cold Beer B,8.37,55,460.35
08/07/2023,4,Lost Lager,9.1,36,327.6
08/07/2023,5,King Crush,8.71,29,252.59
08/07/2023,6,Wingman Tro,8.51,72,612.72
08/07/2023,7,Grind Stout,9.45,70,661.5
08/07/2023,8,Juice Shack,8.64,55,475.2
08/07/2023,9,Rocky Road,9.44,80,755.2
08/07/2023,10,Wingman,9.15,6,54.9
08/07/2023,11,Arcade Made,7.76,68,527.68
08/07/2023,12,Punk IPA,7.64,15,114.6
08/07/2023,13,Hazy Jane,8.05,27,217.35
08/07/2023,14,Shore Leave,8.95,34,304.3
08/07/2023,15,Simcoe Solo,9.31,52,484.12
08/07/2023,16,Lucky Break,7.69,11,84.59
09/07/2023,1,Black Heart,9.3,88,818.4
09/07/2023,2,Fools Gold,8.16,100,816
09/07/2023,3,Cold Beer B,8.37,73,611.01
09/07/2023,4,Lost Lager,9.1,63,573.3
09/07/2023,5,King Crush,8.71,35,304.85
09/07/2023,6,Wingman Tro,8.51,66,561.66
09/07/2023,7,Grind Stout,9.45,98,926.1
09/07/2023,8,Juice Shack,8.64,80,691.2
09/07/2023,9,Rocky Road,9.44,86,811.84
09/07/2023,10,Wingman,9.15,31,283.65
09/07/2023,11,Arcade Made,7.76,6,46.56
09/07/2023,12,Punk IPA,7.64,33,252.12
09/07/2023,13,Hazy Jane,8.05,14,112.7
09/07/2023,14,Shore Leave,8.95,23,205.85
09/07/2023,15,Simcoe Solo,9.31,41,381.71
09/07/2023,16,Lucky Break,7.69,74,569.06
10/07/2023,1,Black Heart,9.3,14,130.2
10/07/2023,2,Fools Gold,8.16,43,350.88
10/07/2023,3,Cold Beer B,8.37,35,292.95
10/07/2023,4,Lost Lager,9.1,66,600.6
10/07/2023,5,King Crush,8.71,96,836.16
10/07/2023,6,Wingman Tro,8.51,87,740.37
10/07/2023,7,Grind Stout,9.45,3,28.35
10/07/2023,8,Juice Shack,8.64,52,449.28
10/07/2023,9,Rocky Road,9.44,92,868.48
10/07/2023,10,Wingman,9.15,26,237.9
10/07/2023,11,Arcade Made,7.76,13,100.88
10/07/2023,12,Punk IPA,7.64,76,580.64
10/07/2023,13,Hazy Jane,8.05,78,627.9
10/07/2023,14,Shore Leave,8.95,76,680.2
10/07/2023,15,Simcoe Solo,9.31,27,251.37
10/07/2023,16,Lucky Break,7.69,40,307.6
11/07/2023,1,Black Heart,9.3,84,781.2
11/07/2023,2,Fools Gold,8.16,46,375.36
11/07/2023,3,Cold Beer B,8.37,27,225.99
11/07/2023,4,Lost Lager,9.1,12,109.2
11/07/2023,5,King Crush,8.71,4,34.84
11/07/2023,6,Wingman Tro,8.51,77,655.27
11/07/2023,7,Grind Stout,9.45,22,207.9
11/07/2023,8,Juice Shack,8.64,99,855.36
11/07/2023,9,Rocky Road,9.44,30,283.2
11/07/2023,10,Wingman,9.15,29,265.35
11/07/2023,11,Arcade Made,7.76,77,597.52
11/07/2023,12,Punk IPA,7.64,52,397.28
11/07/2023,13,Hazy Jane,8.05,13,104.65
11/07/2023,14,Shore Leave,8.95,98,877.1
11/07/2023,15,Simcoe Solo,9.31,7,65.17
11/07/2023,16,Lucky Break,7.69,4,30.76
12/07/2023,1,Black Heart,9.3,3,27.9
12/07/2023,2,Fools Gold,8.16,7,57.12
12/07/2023,3,Cold Beer B,8.37,23,192.51
12/07/2023,4,Lost Lager,9.1,85,773.5
12/07/2023,5,King Crush,8.71,44,383.24
12/07/2023,6,Wingman Tro,8.51,28,238.28
12/07/2023,7,Grind Stout,9.45,4,37.8
12/07/2023,8,Juice Shack,8.64,71,613.44
12/07/2023,9,Rocky Road,9.44,74,698.56
12/07/2023,10,Wingman,9.15,51,466.65
12/07/2023,11,Arcade Made,7.76,5,38.8
12/07/2023,12,Punk IPA,7.64,35,267.4
12/07/2023,13,Hazy Jane,8.05,54,434.7
12/07/2023,14,Shore Leave,8.95,64,572.8
12/07/2023,15,Simcoe Solo,9.31,57,530.67
12/07/2023,16,Lucky Break,7.69,71,545.99
13/07/2023,1,Black Heart,9.3,90,837
13/07/2023,2,Fools Gold,8.16,92,750.72
13/07/2023,3,Cold Beer B,8.37,74,619.38
13/07/2023,4,Lost Lager,9.1,47,427.7
13/07/2023,5,King Crush,8.71,43,374.53
13/07/2023,6,Wingman Tro,8.51,95,808.45
13/07/2023,7,Grind Stout,9.45,26,245.7
13/07/2023,8,Juice Shack,8.64,61,527.04
13/07/2023,9,Rocky Road,9.44,76,717.44
13/07/2023,10,Wingman,9.15,100,915
13/07/2023,11,Arcade Made,7.76,66,512.16
13/07/2023,12,Punk IPA,7.64,38,290.32
13/07/2023,13,Hazy Jane,8.05,0,0
13/07/2023,14,Shore Leave,8.95,49,438.55
13/07/2023,15,Simcoe Solo,9.31,43,400.33
13/07/2023,16,Lucky Break,7.69,38,292.22
14/07/2023,1,Black Heart,9.3,16,148.8
14/07/2023,2,Fools Gold,8.16,38,310.08
14/07/2023,3,Cold Beer B,8.37,60,502.2
14/07/2023,4,Lost Lager,9.1,79,718.9
14/07/2023,5,King Crush,8.71,40,348.4
14/07/2023,6,Wingman Tro,8.51,21,178.71
14/07/2023,7,Grind Stout,9.45,49,463.05
14/07/2023,8,Juice Shack,8.64,23,198.72
14/07/2023,9,Rocky Road,9.44,37,349.28
14/07/2023,10,Wingman,9.15,28,256.2
14/07/2023,11,Arcade Made,7.76,33,256.08
14/07/2023,12,Punk IPA,7.64,70,534.8
14/07/2023,13,Hazy Jane,8.05,65,523.25
14/07/2023,14,Shore Leave,8.95,90,805.5
14/07/2023,15,Simcoe Solo,9.31,76,707.56
14/07/2023,16,Lucky Break,7.69,54,415.26
15/07/2023,1,Black Heart,9.3,69,641.7
15/07/2023,2,Fools Gold,8.16,75,612
15/07/2023,3,Cold Beer B,8.37,49,410.13
15/07/2023,4,Lost Lager,9.1,73,664.3
15/07/2023,5,King Crush,8.71,98,853.58
15/07/2023,6,Wingman Tro,8.51,19,161.69
15/07/2023,7,Grind Stout,9.45,29,274.05
15/07/2023,8,Juice Shack,8.64,53,457.92
15/07/2023,9,Rocky Road,9.44,64,604.16
15/07/2023,10,Wingman,9.15,11,100.65
15/07/2023,11,Arcade Made,7.76,41,318.16
15/07/2023,12,Punk IPA,7.64,51,389.64
15/07/2023,13,Hazy Jane,8.05,7,56.35
15/07/2023,14,Shore Leave,8.95,94,841.3
15/07/2023,15,Simcoe Solo,9.31,55,512.05
15/07/2023,16,Lucky Break,7.69,36,276.84
16/07/2023,1,Black Heart,9.3,26,241.8
16/07/2023,2,Fools Gold,8.16,57,465.12
16/07/2023,3,Cold Beer B,8.37,87,728.19
16/07/2023,4,Lost Lager,9.1,95,864.5
16/07/2023,5,King Crush,8.71,47,409.37
16/07/2023,6,Wingman Tro,8.51,89,757.39
16/07/2023,7,Grind Stout,9.45,5,47.25
16/07/2023,8,Juice Shack,8.64,48,414.72
16/07/2023,9,Rocky Road,9.44,74,698.56
16/07/2023,10,Wingman,9.15,42,384.3
16/07/2023,11,Arcade Made,7.76,23,178.48
16/07/2023,12,Punk IPA,7.64,10,76.4
16/07/2023,13,Hazy Jane,8.05,23,185.15
16/07/2023,14,Shore Leave,8.95,13,116.35
16/07/2023,15,Simcoe Solo,9.31,78,726.18
16/07/2023,16,Lucky Break,7.69,99,761.31
17/07/2023,1,Black Heart,9.3,17,158.1
17/07/2023,2,Fools Gold,8.16,92,750.72
17/07/2023,3,Cold Beer B,8.37,47,393.39
17/07/2023,4,Lost Lager,9.1,91,828.1
17/07/2023,5,King Crush,8.71,57,496.47
17/07/2023,6,Wingman Tro,8.51,36,306.36
17/07/2023,7,Grind Stout,9.45,77,727.65
17/07/2023,8,Juice Shack,8.64,8,69.12
17/07/2023,9,Rocky Road,9.44,91,859.04
17/07/2023,10,Wingman,9.15,73,667.95
17/07/2023,11,Arcade Made,7.76,68,527.68
17/07/2023,12,Punk IPA,7.64,94,718.16
17/07/2023,13,Hazy Jane,8.05,27,217.35
17/07/2023,14,Shore Leave,8.95,81,724.95
17/07/2023,15,Simcoe Solo,9.31,79,735.49
17/07/2023,16,Lucky Break,7.69,47,361.43
18/07/2023,1,Black Heart,9.3,80,744
18/07/2023,2,Fools Gold,8.16,19,155.04
18/07/2023,3,Cold Beer B,8.37,70,585.9
18/07/2023,4,Lost Lager,9.1,50,455
18/07/2023,5,King Crush,8.71,91,792.61
18/07/2023,6,Wingman Tro,8.51,84,714.84
18/07/2023,7,Grind Stout,9.45,4,37.8
18/07/2023,8,Juice Shack,8.64,45,388.8
18/07/2023,9,Rocky Road,9.44,91,859.04
18/07/2023,10,Wingman,9.15,94,860.1
18/07/2023,11,Arcade Made,7.76,26,201.76
18/07/2023,12,Punk IPA,7.64,99,756.36
18/07/2023,13,Hazy Jane,8.05,100,805
18/07/2023,14,Shore Leave,8.95,32,286.4
18/07/2023,15,Simcoe Solo,9.31,6,55.86
18/07/2023,16,Lucky Break,7.69,51,392.19
19/07/2023,1,Black Heart,9.3,10,93
19/07/2023,2,Fools Gold,8.16,41,334.56
19/07/2023,3,Cold Beer B,8.37,82,686.34
19/07/2023,4,Lost Lager,9.1,80,728
19/07/2023,5,King Crush,8.71,57,496.47
19/07/2023,6,Wingman Tro,8.51,26,221.26
19/07/2023,7,Grind Stout,9.45,26,245.7
19/07/2023,8,Juice Shack,8.64,5,43.2
19/07/2023,9,Rocky Road,9.44,34,320.96
19/07/2023,10,Wingman,9.15,61,558.15
19/07/2023,11,Arcade Made,7.76,41,318.16
19/07/2023,12,Punk IPA,7.64,58,443.12
19/07/2023,13,Hazy Jane,8.05,73,587.65
19/07/2023,14,Shore Leave,8.95,78,698.1
19/07/2023,15,Simcoe Solo,9.31,82,763.42
19/07/2023,16,Lucky Break,7.69,63,484.47
20/07/2023,1,Black Heart,9.3,15,139.5
20/07/2023,2,Fools Gold,8.16,47,383.52
20/07/2023,3,Cold Beer B,8.37,99,828.63
20/07/2023,4,Lost Lager,9.1,39,354.9
20/07/2023,5,King Crush,8.71,11,95.81
20/07/2023,6,Wingman Tro,8.51,24,204.24
20/07/2023,7,Grind Stout,9.45,18,170.1
20/07/2023,8,Juice Shack,8.64,14,120.96
20/07/2023,9,Rocky Road,9.44,80,755.2
20/07/2023,10,Wingman,9.15,58,530.7
20/07/2023,11,Arcade Made,7.76,80,620.8
20/07/2023,12,Punk IPA,7.64,65,496.6
20/07/2023,13,Hazy Jane,8.05,58,466.9
20/07/2023,14,Shore Leave,8.95,25,223.75
20/07/2023,15,Simcoe Solo,9.31,33,307.23
20/07/2023,16,Lucky Break,7.69,91,699.79
21/07/2023,1,Black Heart,9.3,97,902.1
21/07/2023,2,Fools Gold,8.16,6,48.96
21/07/2023,3,Cold Beer B,8.37,29,242.73
21/07/2023,4,Lost Lager,9.1,55,500.5
21/07/2023,5,King Crush,8.71,38,330.98
21/07/2023,6,Wingman Tro,8.51,49,416.99
21/07/2023,7,Grind Stout,9.45,89,841.05
21/07/2023,8,Juice Shack,8.64,22,190.08
21/07/2023,9,Rocky Road,9.44,69,651.36
21/07/2023,10,Wingman,9.15,5,45.75
21/07/2023,11,Arcade Made,7.76,69,535.44
21/07/2023,12,Punk IPA,7.64,100,764
21/07/2023,13,Hazy Jane,8.05,58,466.9
21/07/2023,14,Shore Leave,8.95,20,179
21/07/2023,15,Simcoe Solo,9.31,24,223.44
21/07/2023,16,Lucky Break,7.69,13,99.97
22/07/2023,1,Black Heart,9.3,84,781.2
22/07/2023,2,Fools Gold,8.16,49,399.84
22/07/2023,3,Cold Beer B,8.37,51,426.87
22/07/2023,4,Lost Lager,9.1,67,609.7
22/07/2023,5,King Crush,8.71,22,191.62
22/07/2023,6,Wingman Tro,8.51,26,221.26
22/07/2023,7,Grind Stout,9.45,92,869.4
22/07/2023,8,Juice Shack,8.64,21,181.44
22/07/2023,9,Rocky Road,9.44,71,670.24
22/07/2023,10,Wingman,9.15,18,164.7
22/07/2023,11,Arcade Made,7.76,13,100.88
22/07/2023,12,Punk IPA,7.64,15,114.6
22/07/2023,13,Hazy Jane,8.05,73,587.65
22/07/2023,14,Shore Leave,8.95,69,617.55
22/07/2023,15,Simcoe Solo,9.31,41,381.71
22/07/2023,16,Lucky Break,7.69,22,169.18
23/07/2023,1,Black Heart,9.3,13,120.9
23/07/2023,2,Fools Gold,8.16,42,342.72
23/07/2023,3,Cold Beer B,8.37,91,761.67
23/07/2023,4,Lost Lager,9.1,48,436.8
23/07/2023,5,King Crush,8.71,74,644.54
23/07/2023,6,Wingman Tro,8.51,31,263.81
23/07/2023,7,Grind Stout,9.45,96,907.2
23/07/2023,8,Juice Shack,8.64,10,86.4
23/07/2023,9,Rocky Road,9.44,63,594.72
23/07/2023,10,Wingman,9.15,40,366
23/07/2023,11,Arcade Made,7.76,98,760.48
23/07/2023,12,Punk IPA,7.64,91,695.24
23/07/2023,13,Hazy Jane,8.05,14,112.7
23/07/2023,14,Shore Leave,8.95,89,796.55
23/07/2023,15,Simcoe Solo,9.31,36,335.16
23/07/2023,16,Lucky Break,7.69,93,715.17
24/07/2023,1,Black Heart,9.3,12,111.6
24/07/2023,2,Fools Gold,8.16,0,0
24/07/2023,3,Cold Beer B,8.37,84,703.08
24/07/2023,4,Lost Lager,9.1,60,546
24/07/2023,5,King Crush,8.71,91,792.61
24/07/2023,6,Wingman Tro,8.51,90,765.9
24/07/2023,7,Grind Stout,9.45,90,850.5
24/07/2023,8,Juice Shack,8.64,60,518.4
24/07/2023,9,Rocky Road,9.44,39,368.16
24/07/2023,10,Wingman,9.15,96,878.4
24/07/2023,11,Arcade Made,7.76,47,364.72
24/07/2023,12,Punk IPA,7.64,95,725.8
24/07/2023,13,Hazy Jane,8.05,13,104.65
24/07/2023,14,Shore Leave,8.95,19,170.05
24/07/2023,15,Simcoe Solo,9.31,19,176.89
24/07/2023,16,Lucky Break,7.69,14,107.66
25/07/2023,1,Black Heart,9.3,59,548.7
25/07/2023,2,Fools Gold,8.16,64,522.24
25/07/2023,3,Cold Beer B,8.37,72,602.64
25/07/2023,4,Lost Lager,9.1,16,145.6
25/07/2023,5,King Crush,8.71,33,287.43
25/07/2023,6,Wingman Tro,8.51,64,544.64
25/07/2023,7,Grind Stout,9.45,22,207.9
25/07/2023,8,Juice Shack,8.64,74,639.36
25/07/2023,9,Rocky Road,9.44,97,915.68
25/07/2023,10,Wingman,9.15,41,375.15
25/07/2023,11,Arcade Made,7.76,99,768.24
25/07/2023,12,Punk IPA,7.64,50,382
25/07/2023,13,Hazy Jane,8.05,60,483
25/07/2023,14,Shore Leave,8.95,100,895
25/07/2023,15,Simcoe Solo,9.31,33,307.23
25/07/2023,16,Lucky Break,7.69,12,92.28
26/07/2023,1,Black Heart,9.3,91,846.3
26/07/2023,2,Fools Gold,8.16,47,383.52
26/07/2023,3,Cold Beer B,8.37,25,209.25
26/07/2023,4,Lost Lager,9.1,98,891.8
26/07/2023,5,King Crush,8.71,94,818.74
26/07/2023,6,Wingman Tro,8.51,62,527.62
26/07/2023,7,Grind Stout,9.45,65,614.25
26/07/2023,8,Juice Shack,8.64,49,423.36
26/07/2023,9,Rocky Road,9.44,91,859.04
26/07/2023,10,Wingman,9.15,22,201.3
26/07/2023,11,Arcade Made,7.76,90,698.4
26/07/2023,12,Punk IPA,7.64,21,160.44
26/07/2023,13,Hazy Jane,8.05,90,724.5
26/07/2023,14,Shore Leave,8.95,82,733.9
26/07/2023,15,Simcoe Solo,9.31,5,46.55
26/07/2023,16,Lucky Break,7.69,86,661.34
27/07/2023,1,Black Heart,9.3,21,195.3
27/07/2023,2,Fools Gold,8.16,66,538.56
27/07/2023,3,Cold Beer B,8.37,66,552.42
27/07/2023,4,Lost Lager,9.1,77,700.7
27/07/2023,5,King Crush,8.71,27,235.17
27/07/2023,6,Wingman Tro,8.51,16,136.16
27/07/2023,7,Grind Stout,9.45,74,699.3
27/07/2023,8,Juice Shack,8.64,56,483.84
27/07/2023,9,Rocky Road,9.44,26,245.44
27/07/2023,10,Wingman,9.15,77,704.55
27/07/2023,11,Arcade Made,7.76,53,411.28
27/07/2023,12,Punk IPA,7.64,16,122.24
27/07/2023,13,Hazy Jane,8.05,40,322
27/07/2023,14,Shore Leave,8.95,10,89.5
27/07/2023,15,Simcoe Solo,9.31,3,27.93
27/07/2023,16,Lucky Break,7.69,67,515.23
28/07/2023,1,Black Heart,9.3,64,595.2
28/07/2023,2,Fools Gold,8.16,77,628.32
28/07/2023,3,Cold Beer B,8.37,25,209.25
28/07/2023,4,Lost Lager,9.1,70,637
28/07/2023,5,King Crush,8.71,89,775.19
28/07/2023,6,Wingman Tro,8.51,17,144.67
28/07/2023,7,Grind Stout,9.45,79,746.55
28/07/2023,8,Juice Shack,8.64,93,803.52
28/07/2023,9,Rocky Road,9.44,0,0
28/07/2023,10,Wingman,9.15,63,576.45
28/07/2023,11,Arcade Made,7.76,97,752.72
28/07/2023,12,Punk IPA,7.64,39,297.96
28/07/2023,13,Hazy Jane,8.05,97,780.85
28/07/2023,14,Shore Leave,8.95,26,232.7
28/07/2023,15,Simcoe Solo,9.31,91,847.21
28/07/2023,16,Lucky Break,7.69,47,361.43
29/07/2023,1,Black Heart,9.3,87,809.1
29/07/2023,2,Fools Gold,8.16,34,277.44
29/07/2023,3,Cold Beer B,8.37,17,142.29
29/07/2023,4,Lost Lager,9.1,26,236.6
29/07/2023,5,King Crush,8.71,58,505.18
29/07/2023,6,Wingman Tro,8.51,29,246.79
29/07/2023,7,Grind Stout,9.45,82,774.9
29/07/2023,8,Juice Shack,8.64,60,518.4
29/07/2023,9,Rocky Road,9.44,19,179.36
29/07/2023,10,Wingman,9.15,8,73.2
29/07/2023,11,Arcade Made,7.76,79,613.04
29/07/2023,12,Punk IPA,7.64,32,244.48
29/07/2023,13,Hazy Jane,8.05,22,177.1
29/07/2023,14,Shore Leave,8.95,6,53.7
29/07/2023,15,Simcoe Solo,9.31,90,837.9
29/07/2023,16,Lucky Break,7.69,24,184.56
30/07/2023,1,Black Heart,9.3,62,576.6
30/07/2023,2,Fools Gold,8.16,40,326.4
30/07/2023,3,Cold Beer B,8.37,48,401.76
30/07/2023,4,Lost Lager,9.1,43,391.3
30/07/2023,5,King Crush,8.71,52,452.92
30/07/2023,6,Wingman Tro,8.51,28,238.28
30/07/2023,7,Grind Stout,9.45,64,604.8
30/07/2023,8,Juice Shack,8.64,9,77.76
30/07/2023,9,Rocky Road,9.44,38,358.72
30/07/2023,10,Wingman,9.15,78,713.7
30/07/2023,11,Arcade Made,7.76,100,776
30/07/2023,12,Punk IPA,7.64,47,359.08
30/07/2023,13,Hazy Jane,8.05,19,152.95
30/07/2023,14,Shore Leave,8.95,50,447.5
30/07/2023,15,Simcoe Solo,9.31,39,363.09
30/07/2023,16,Lucky Break,7.69,29,223.01
31/07/2023,1,Black Heart,9.3,4,37.2
31/07/2023,2,Fools Gold,8.16,40,326.4
31/07/2023,3,Cold Beer B,8.37,57,477.09
31/07/2023,4,Lost Lager,9.1,68,618.8
31/07/2023,5,King Crush,8.71,18,156.78
31/07/2023,6,Wingman Tro,8.51,50,425.5
31/07/2023,7,Grind Stout,9.45,36,340.2
31/07/2023,8,Juice Shack,8.64,39,336.96
31/07/2023,9,Rocky Road,9.44,5,47.2
31/07/2023,10,Wingman,9.15,80,732
31/07/2023,11,Arcade Made,7.76,98,760.48
31/07/2023,12,Punk IPA,7.64,39,297.96
31/07/2023,13,Hazy Jane,8.05,25,201.25
31/07/2023,14,Shore Leave,8.95,17,152.15
31/07/2023,15,Simcoe Solo,9.31,97,903.07
31/07/2023,16,Lucky Break,7.69,53,407.57
01/08/2023,1,Black Heart,9.3,30,279
01/08/2023,2,Fools Gold,8.16,67,546.72
01/08/2023,3,Cold Beer B,8.37,28,234.36
01/08/2023,4,Lost Lager,9.1,25,227.5
01/08/2023,5,King Crush,8.71,39,339.69
01/08/2023,6,Wingman Tro,8.51,80,680.8
01/08/2023,7,Grind Stout,9.45,59,557.55
01/08/2023,8,Juice Shack,8.64,4,34.56
01/08/2023,9,Rocky Road,9.44,58,547.52
01/08/2023,10,Wingman,9.15,92,841.8
01/08/2023,11,Arcade Made,7.76,26,201.76
01/08/2023,12,Punk IPA,7.64,29,221.56
01/08/2023,13,Hazy Jane,8.05,2,16.1
01/08/2023,14,Shore Leave,8.95,39,349.05
01/08/2023,15,Simcoe Solo,9.31,79,735.49
01/08/2023,16,Lucky Break,7.69,27,207.63
02/08/2023,1,Black Heart,9.3,79,734.7
02/08/2023,2,Fools Gold,8.16,10,81.6
02/08/2023,3,Cold Beer B,8.37,70,585.9
02/08/2023,4,Lost Lager,9.1,56,509.6
02/08/2023,5,King Crush,8.71,80,696.8
02/08/2023,6,Wingman Tro,8.51,76,646.76
02/08/2023,7,Grind Stout,9.45,53,500.85
02/08/2023,8,Juice Shack,8.64,16,138.24
02/08/2023,9,Rocky Road,9.44,24,226.56
02/08/2023,10,Wingman,9.15,18,164.7
02/08/2023,11,Arcade Made,7.76,80,620.8
02/08/2023,12,Punk IPA,7.64,23,175.72
02/08/2023,13,Hazy Jane,8.05,85,684.25
02/08/2023,14,Shore Leave,8.95,52,465.4
02/08/2023,15,Simcoe Solo,9.31,64,595.84
02/08/2023,16,Lucky Break,7.69,80,615.2
03/08/2023,1,Black Heart,9.3,15,139.5
03/08/2023,2,Fools Gold,8.16,86,701.76
03/08/2023,3,Cold Beer B,8.37,15,125.55
03/08/2023,4,Lost Lager,9.1,91,828.1
03/08/2023,5,King Crush,8.71,62,540.02
03/08/2023,6,Wingman Tro,8.51,90,765.9
03/08/2023,7,Grind Stout,9.45,47,444.15
03/08/2023,8,Juice Shack,8.64,33,285.12
03/08/2023,9,Rocky Road,9.44,28,264.32
03/08/2023,10,Wingman,9.15,15,137.25
03/08/2023,11,Arcade Made,7.76,20,155.2
03/08/2023,12,Punk IPA,7.64,49,374.36
03/08/2023,13,Hazy Jane,8.05,3,24.15
03/08/2023,14,Shore Leave,8.95,74,662.3
03/08/2023,15,Simcoe Solo,9.31,17,158.27
03/08/2023,16,Lucky Break,7.69,93,715.17
04/08/2023,1,Black Heart,9.3,53,492.9
04/08/2023,2,Fools Gold,8.16,57,465.12
04/08/2023,3,Cold Beer B,8.37,44,368.28
04/08/2023,4,Lost Lager,9.1,32,291.2
04/08/2023,5,King Crush,8.71,79,688.09
04/08/2023,6,Wingman Tro,8.51,56,476.56
04/08/2023,7,Grind Stout,9.45,67,633.15
04/08/2023,8,Juice Shack,8.64,90,777.6
04/08/2023,9,Rocky Road,9.44,12,113.28
04/08/2023,10,Wingman,9.15,100,915
04/08/2023,11,Arcade Made,7.76,7,54.32
04/08/2023,12,Punk IPA,7.64,94,718.16
04/08/2023,13,Hazy Jane,8.05,97,780.85
04/08/2023,14,Shore Leave,8.95,9,80.55
04/08/2023,15,Simcoe Solo,9.31,82,763.42
04/08/2023,16,Lucky Break,7.69,77,592.13
05/08/2023,1,Black Heart,9.3,26,241.8
05/08/2023,2,Fools Gold,8.16,51,416.16
05/08/2023,3,Cold Beer B,8.37,25,209.25
05/08/2023,4,Lost Lager,9.1,6,54.6
05/08/2023,5,King Crush,8.71,6,52.26
05/08/2023,6,Wingman Tro,8.51,89,757.39
05/08/2023,7,Grind Stout,9.45,28,264.6
05/08/2023,8,Juice Shack,8.64,97,838.08
05/08/2023,9,Rocky Road,9.44,52,490.88
05/08/2023,10,Wingman,9.15,59,539.85
05/08/2023,11,Arcade Made,7.76,80,620.8
05/08/2023,12,Punk IPA,7.64,11,84.04
05/08/2023,13,Hazy Jane,8.05,72,579.6
05/08/2023,14,Shore Leave,8.95,68,608.6
05/08/2023,15,Simcoe Solo,9.31,51,474.81
05/08/2023,16,Lucky Break,7.69,70,538.3
06/08/2023,1,Black Heart,9.3,75,697.5
06/08/2023,2,Fools Gold,8.16,83,677.28
06/08/2023,3,Cold Beer B,8.37,23,192.51
06/08/2023,4,Lost Lager,9.1,58,527.8
06/08/2023,5,King Crush,8.71,71,618.41
06/08/2023,6,Wingman Tro,8.51,67,570.17
06/08/2023,7,Grind Stout,9.45,79,746.55
06/08/2023,8,Juice Shack,8.64,37,319.68
06/08/2023,9,Rocky Road,9.44,50,472
06/08/2023,10,Wingman,9.15,3,27.45
06/08/2023,11,Arcade Made,7.76,45,349.2
06/08/2023,12,Punk IPA,7.64,66,504.24
06/08/2023,13,Hazy Jane,8.05,20,161
06/08/2023,14,Shore Leave,8.95,85,760.75
06/08/2023,15,Simcoe Solo,9.31,94,875.14
06/08/2023,16,Lucky Break,7.69,60,461.4
07/08/2023,1,Black Heart,9.3,72,669.6
07/08/2023,2,Fools Gold,8.16,1,8.16
07/08/2023,3,Cold Beer B,8.37,3,25.11
07/08/2023,4,Lost Lager,9.1,95,864.5
07/08/2023,5,King Crush,8.71,16,139.36
07/08/2023,6,Wingman Tro,8.51,59,502.09
07/08/2023,7,Grind Stout,9.45,9,85.05
07/08/2023,8,Juice Shack,8.64,33,285.12
07/08/2023,9,Rocky Road,9.44,54,509.76
07/08/2023,10,Wingman,9.15,18,164.7
07/08/2023,11,Arcade Made,7.76,13,100.88
07/08/2023,12,Punk IPA,7.64,33,252.12
07/08/2023,13,Hazy Jane,8.05,3,24.15
07/08/2023,14,Shore Leave,8.95,14,125.3
07/08/2023,15,Simcoe Solo,9.31,51,474.81
07/08/2023,16,Lucky Break,7.69,60,461.4
08/08/2023,1,Black Heart,9.3,78,725.4
08/08/2023,2,Fools Gold,8.16,37,301.92
08/08/2023,3,Cold Beer B,8.37,83,694.71
08/08/2023,4,Lost Lager,9.1,93,846.3
08/08/2023,5,King Crush,8.71,76,661.96
08/08/2023,6,Wingman Tro,8.51,1,8.51
08/08/2023,7,Grind Stout,9.45,58,548.1
08/08/2023,8,Juice Shack,8.64,85,734.4
08/08/2023,9,Rocky Road,9.44,72,679.68
08/08/2023,10,Wingman,9.15,90,823.5
08/08/2023,11,Arcade Made,7.76,71,550.96
08/08/2023,12,Punk IPA,7.64,17,129.88
08/08/2023,13,Hazy Jane,8.05,60,483
08/08/2023,14,Shore Leave,8.95,75,671.25
08/08/2023,15,Simcoe Solo,9.31,43,400.33
08/08/2023,16,Lucky Break,7.69,77,592.13
09/08/2023,1,Black Heart,9.3,20,186
09/08/2023,2,Fools Gold,8.16,51,416.16
09/08/2023,3,Cold Beer B,8.37,15,125.55
09/08/2023,4,Lost Lager,9.1,17,154.7
09/08/2023,5,King Crush,8.71,97,844.87
09/08/2023,6,Wingman Tro,8.51,3,25.53
09/08/2023,7,Grind Stout,9.45,54,510.3
09/08/2023,8,Juice Shack,8.64,61,527.04
09/08/2023,9,Rocky Road,9.44,98,925.12
09/08/2023,10,Wingman,9.15,43,393.45
09/08/2023,11,Arcade Made,7.76,6,46.56
09/08/2023,12,Punk IPA,7.64,31,236.84
09/08/2023,13,Hazy Jane,8.05,43,346.15
09/08/2023,14,Shore Leave,8.95,94,841.3
09/08/2023,15,Simcoe Solo,9.31,48,446.88
09/08/2023,16,Lucky Break,7.69,58,446.02
10/08/2023,1,Black Heart,9.3,73,678.9
10/08/2023,2,Fools Gold,8.16,83,677.28
10/08/2023,3,Cold Beer B,8.37,64,535.68
10/08/2023,4,Lost Lager,9.1,59,536.9
10/08/2023,5,King Crush,8.71,48,418.08
10/08/2023,6,Wingman Tro,8.51,17,144.67
10/08/2023,7,Grind Stout,9.45,97,916.65
10/08/2023,8,Juice Shack,8.64,64,552.96
10/08/2023,9,Rocky Road,9.44,8,75.52
10/08/2023,10,Wingman,9.15,42,384.3
10/08/2023,11,Arcade Made,7.76,65,504.4
10/08/2023,12,Punk IPA,7.64,91,695.24
10/08/2023,13,Hazy Jane,8.05,9,72.45
10/08/2023,14,Shore Leave,8.95,37,331.15
10/08/2023,15,Simcoe Solo,9.31,39,363.09
10/08/2023,16,Lucky Break,7.69,49,376.81
11/08/2023,1,Black Heart,9.3,89,827.7
11/08/2023,2,Fools Gold,8.16,67,546.72
11/08/2023,3,Cold Beer B,8.37,24,200.88
11/08/2023,4,Lost Lager,9.1,29,263.9
11/08/2023,5,King Crush,8.71,28,243.88
11/08/2023,6,Wingman Tro,8.51,79,672.29
11/08/2023,7,Grind Stout,9.45,76,718.2
11/08/2023,8,Juice Shack,8.64,11,95.04
11/08/2023,9,Rocky Road,9.44,50,472
11/08/2023,10,Wingman,9.15,82,750.3
11/08/2023,11,Arcade Made,7.76,26,201.76
11/08/2023,12,Punk IPA,7.64,40,305.6
11/08/2023,13,Hazy Jane,8.05,92,740.6
11/08/2023,14,Shore Leave,8.95,76,680.2
11/08/2023,15,Simcoe Solo,9.31,62,577.22
11/08/2023,16,Lucky Break,7.69,6,46.14
12/08/2023,1,Black Heart,9.3,53,492.9
12/08/2023,2,Fools Gold,8.16,6,48.96
12/08/2023,3,Cold Beer B,8.37,5,41.85
12/08/2023,4,Lost Lager,9.1,55,500.5
12/08/2023,5,King Crush,8.71,49,426.79
12/08/2023,6,Wingman Tro,8.51,17,144.67
12/08/2023,7,Grind Stout,9.45,14,132.3
12/08/2023,8,Juice Shack,8.64,88,760.32
12/08/2023,9,Rocky Road,9.44,22,207.68
12/08/2023,10,Wingman,9.15,64,585.6
12/08/2023,11,Arcade Made,7.76,93,721.68
12/08/2023,12,Punk IPA,7.64,27,206.28
12/08/2023,13,Hazy Jane,8.05,49,394.45
12/08/2023,14,Shore Leave,8.95,68,608.6
12/08/2023,15,Simcoe Solo,9.31,4,37.24
12/08/2023,16,Lucky Break,7.69,90,692.1
13/08/2023,1,Black Heart,9.3,52,483.6
13/08/2023,2,Fools Gold,8.16,25,204
13/08/2023,3,Cold Beer B,8.37,35,292.95
13/08/2023,4,Lost Lager,9.1,84,764.4
13/08/2023,5,King Crush,8.71,97,844.87
13/08/2023,6,Wingman Tro,8.51,32,272.32
13/08/2023,7,Grind Stout,9.45,15,141.75
13/08/2023,8,Juice Shack,8.64,76,656.64
13/08/2023,9,Rocky Road,9.44,59,556.96
13/08/2023,10,Wingman,9.15,3,27.45
13/08/2023,11,Arcade Made,7.76,75,582
13/08/2023,12,Punk IPA,7.64,28,213.92
13/08/2023,13,Hazy Jane,8.05,42,338.1
13/08/2023,14,Shore Leave,8.95,91,814.45
13/08/2023,15,Simcoe Solo,9.31,61,567.91
13/08/2023,16,Lucky Break,7.69,25,192.25
14/08/2023,1,Black Heart,9.3,27,251.1
14/08/2023,2,Fools Gold,8.16,79,644.64
14/08/2023,3,Cold Beer B,8.37,77,644.49
14/08/2023,4,Lost Lager,9.1,13,118.3
14/08/2023,5,King Crush,8.71,65,566.15
14/08/2023,6,Wingman Tro,8.51,48,408.48
14/08/2023,7,Grind Stout,9.45,35,330.75
14/08/2023,8,Juice Shack,8.64,33,285.12
14/08/2023,9,Rocky Road,9.44,88,830.72
14/08/2023,10,Wingman,9.15,68,622.2
14/08/2023,11,Arcade Made,7.76,14,108.64
14/08/2023,12,Punk IPA,7.64,95,725.8
14/08/2023,13,Hazy Jane,8.05,26,209.3
14/08/2023,14,Shore Leave,8.95,55,492.25
14/08/2023,15,Simcoe Solo,9.31,60,558.6
14/08/2023,16,Lucky Break,7.69,99,761.31
15/08/2023,1,Black Heart,9.3,48,446.4
15/08/2023,2,Fools Gold,8.16,77,628.32
15/08/2023,3,Cold Beer B,8.37,84,703.08
15/08/2023,4,Lost Lager,9.1,60,546
15/08/2023,5,King Crush,8.71,20,174.2
15/08/2023,6,Wingman Tro,8.51,68,578.68
15/08/2023,7,Grind Stout,9.45,98,926.1
15/08/2023,8,Juice Shack,8.64,94,812.16
15/08/2023,9,Rocky Road,9.44,57,538.08
15/08/2023,10,Wingman,9.15,10,91.5
15/08/2023,11,Arcade Made,7.76,86,667.36
15/08/2023,12,Punk IPA,7.64,80,611.2
15/08/2023,13,Hazy Jane,8.05,74,595.7
15/08/2023,14,Shore Leave,8.95,79,707.05
15/08/2023,15,Simcoe Solo,9.31,45,418.95
15/08/2023,16,Lucky Break,7.69,67,515.23
16/08/2023,1,Black Heart,9.3,24,223.2
16/08/2023,2,Fools Gold,8.16,81,660.96
16/08/2023,3,Cold Beer B,8.37,3,25.11
16/08/2023,4,Lost Lager,9.1,96,873.6
16/08/2023,5,King Crush,8.71,53,461.63
16/08/2023,6,Wingman Tro,8.51,79,672.29
16/08/2023,7,Grind Stout,9.45,81,765.45
16/08/2023,8,Juice Shack,8.64,32,276.48
16/08/2023,9,Rocky Road,9.44,14,132.16
16/08/2023,10,Wingman,9.15,81,741.15
16/08/2023,11,Arcade Made,7.76,15,116.4
16/08/2023,12,Punk IPA,7.64,79,603.56
16/08/2023,13,Hazy Jane,8.05,47,378.35
16/08/2023,14,Shore Leave,8.95,33,295.35
16/08/2023,15,Simcoe Solo,9.31,10,93.1
16/08/2023,16,Lucky Break,7.69,50,384.5
17/08/2023,1,Black Heart,9.3,15,139.5
17/08/2023,2,Fools Gold,8.16,51,416.16
17/08/2023,3,Cold Beer B,8.37,43,359.91
17/08/2023,4,Lost Lager,9.1,51,464.1
17/08/2023,5,King Crush,8.71,36,313.56
17/08/2023,6,Wingman Tro,8.51,49,416.99
17/08/2023,7,Grind Stout,9.45,69,652.05
17/08/2023,8,Juice Shack,8.64,46,397.44
17/08/2023,9,Rocky Road,9.44,92,868.48
17/08/2023,10,Wingman,9.15,30,274.5
17/08/2023,11,Arcade Made,7.76,12,93.12
17/08/2023,12,Punk IPA,7.64,53,404.92
17/08/2023,13,Hazy Jane,8.05,56,450.8
17/08/2023,14,Shore Leave,8.95,63,563.85
17/08/2023,15,Simcoe Solo,9.31,42,391.02
17/08/2023,16,Lucky Break,7.69,37,284.53
18/08/2023,1,Black Heart,9.3,83,771.9
18/08/2023,2,Fools Gold,8.16,90,734.4
18/08/2023,3,Cold Beer B,8.37,93,778.41
18/08/2023,4,Lost Lager,9.1,65,591.5
18/08/2023,5,King Crush,8.71,50,435.5
18/08/2023,6,Wingman Tro,8.51,39,331.89
18/08/2023,7,Grind Stout,9.45,68,642.6
18/08/2023,8,Juice Shack,8.64,71,613.44
18/08/2023,9,Rocky Road,9.44,53,500.32
18/08/2023,10,Wingman,9.15,4,36.6
18/08/2023,11,Arcade Made,7.76,34,263.84
18/08/2023,12,Punk IPA,7.64,17,129.88
18/08/2023,13,Hazy Jane,8.05,98,788.9
18/08/2023,14,Shore Leave,8.95,32,286.4
18/08/2023,15,Simcoe Solo,9.31,49,456.19
18/08/2023,16,Lucky Break,7.69,92,707.48
19/08/2023,1,Black Heart,9.3,55,511.5
19/08/2023,2,Fools Gold,8.16,7,57.12
19/08/2023,3,Cold Beer B,8.37,36,301.32
19/08/2023,4,Lost Lager,9.1,15,136.5
19/08/2023,5,King Crush,8.71,100,871
19/08/2023,6,Wingman Tro,8.51,55,468.05
19/08/2023,7,Grind Stout,9.45,37,349.65
19/08/2023,8,Juice Shack,8.64,59,509.76
19/08/2023,9,Rocky Road,9.44,6,56.64
19/08/2023,10,Wingman,9.15,14,128.1
19/08/2023,11,Arcade Made,7.76,85,659.6
19/08/2023,12,Punk IPA,7.64,73,557.72
19/08/2023,13,Hazy Jane,8.05,15,120.75
19/08/2023,14,Shore Leave,8.95,29,259.55
19/08/2023,15,Simcoe Solo,9.31,7,65.17
19/08/2023,16,Lucky Break,7.69,59,453.71
20/08/2023,1,Black Heart,9.3,4,37.2
20/08/2023,2,Fools Gold,8.16,56,456.96
20/08/2023,3,Cold Beer B,8.37,90,753.3
20/08/2023,4,Lost Lager,9.1,37,336.7
20/08/2023,5,King Crush,8.71,11,95.81
20/08/2023,6,Wingman Tro,8.51,81,689.31
20/08/2023,7,Grind Stout,9.45,96,907.2
20/08/2023,8,Juice Shack,8.64,64,552.96
20/08/2023,9,Rocky Road,9.44,93,877.92
20/08/2023,10,Wingman,9.15,72,658.8
20/08/2023,11,Arcade Made,7.76,64,496.64
20/08/2023,12,Punk IPA,7.64,16,122.24
20/08/2023,13,Hazy Jane,8.05,86,692.3
20/08/2023,14,Shore Leave,8.95,60,537
20/08/2023,15,Simcoe Solo,9.31,98,912.38
20/08/2023,16,Lucky Break,7.69,55,422.95
21/08/2023,1,Black Heart,9.3,46,427.8
21/08/2023,2,Fools Gold,8.16,71,579.36
21/08/2023,3,Cold Beer B,8.37,49,410.13
21/08/2023,4,Lost Lager,9.1,33,300.3
21/08/2023,5,King Crush,8.71,54,470.34
21/08/2023,6,Wingman Tro,8.51,28,238.28
21/08/2023,7,Grind Stout,9.45,32,302.4
21/08/2023,8,Juice Shack,8.64,50,432
21/08/2023,9,Rocky Road,9.44,55,519.2
21/08/2023,10,Wingman,9.15,61,558.15
21/08/2023,11,Arcade Made,7.76,75,582
21/08/2023,12,Punk IPA,7.64,98,748.72
21/08/2023,13,Hazy Jane,8.05,85,684.25
21/08/2023,14,Shore Leave,8.95,18,161.1
21/08/2023,15,Simcoe Solo,9.31,11,102.41
21/08/2023,16,Lucky Break,7.69,42,322.98
22/08/2023,1,Black Heart,9.3,15,139.5
22/08/2023,2,Fools Gold,8.16,99,807.84
22/08/2023,3,Cold Beer B,8.37,11,92.07
22/08/2023,4,Lost Lager,9.1,51,464.1
22/08/2023,5,King Crush,8.71,29,252.59
22/08/2023,6,Wingman Tro,8.51,26,221.26
22/08/2023,7,Grind Stout,9.45,89,841.05
22/08/2023,8,Juice Shack,8.64,98,846.72
22/08/2023,9,Rocky Road,9.44,56,528.64
22/08/2023,10,Wingman,9.15,94,860.1
22/08/2023,11,Arcade Made,7.76,51,395.76
22/08/2023,12,Punk IPA,7.64,8,61.12
22/08/2023,13,Hazy Jane,8.05,54,434.7
22/08/2023,14,Shore Leave,8.95,73,653.35
22/08/2023,15,Simcoe Solo,9.31,60,558.6
22/08/2023,16,Lucky Break,7.69,77,592.13
23/08/2023,1,Black Heart,9.3,13,120.9
23/08/2023,2,Fools Gold,8.16,6,48.96
23/08/2023,3,Cold Beer B,8.37,66,552.42
23/08/2023,4,Lost Lager,9.1,41,373.1
23/08/2023,5,King Crush,8.71,87,757.77
23/08/2023,6,Wingman Tro,8.51,68,578.68
23/08/2023,7,Grind Stout,9.45,16,151.2
23/08/2023,8,Juice Shack,8.64,85,734.4
23/08/2023,9,Rocky Road,9.44,23,217.12
23/08/2023,10,Wingman,9.15,10,91.5
23/08/2023,11,Arcade Made,7.76,2,15.52
23/08/2023,12,Punk IPA,7.64,92,702.88
23/08/2023,13,Hazy Jane,8.05,39,313.95
23/08/2023,14,Shore Leave,8.95,41,366.95
23/08/2023,15,Simcoe Solo,9.31,69,642.39
23/08/2023,16,Lucky Break,7.69,41,315.29
24/08/2023,1,Black Heart,9.3,88,818.4
24/08/2023,2,Fools Gold,8.16,0,0
24/08/2023,3,Cold Beer B,8.37,89,744.93
24/08/2023,4,Lost Lager,9.1,11,100.1
24/08/2023,5,King Crush,8.71,87,757.77
24/08/2023,6,Wingman Tro,8.51,94,799.94
24/08/2023,7,Grind Stout,9.45,20,189
24/08/2023,8,Juice Shack,8.64,52,449.28
24/08/2023,9,Rocky Road,9.44,14,132.16
24/08/2023,10,Wingman,9.15,59,539.85
24/08/2023,11,Arcade Made,7.76,86,667.36
24/08/2023,12,Punk IPA,7.64,98,748.72
24/08/2023,13,Hazy Jane,8.05,13,104.65
24/08/2023,14,Shore Leave,8.95,24,214.8
24/08/2023,15,Simcoe Solo,9.31,29,269.99
24/08/2023,16,Lucky Break,7.69,25,192.25
25/08/2023,1,Black Heart,9.3,43,399.9
25/08/2023,2,Fools Gold,8.16,91,742.56
25/08/2023,3,Cold Beer B,8.37,12,100.44
25/08/2023,4,Lost Lager,9.1,70,637
25/08/2023,5,King Crush,8.71,1,8.71
25/08/2023,6,Wingman Tro,8.51,100,851
25/08/2023,7,Grind Stout,9.45,33,311.85
25/08/2023,8,Juice Shack,8.64,40,345.6
25/08/2023,9,Rocky Road,9.44,97,915.68
25/08/2023,10,Wingman,9.15,43,393.45
25/08/2023,11,Arcade Made,7.76,29,225.04
25/08/2023,12,Punk IPA,7.64,0,0
25/08/2023,13,Hazy Jane,8.05,42,338.1
25/08/2023,14,Shore Leave,8.95,39,349.05
25/08/2023,15,Simcoe Solo,9.31,16,148.96
25/08/2023,16,Lucky Break,7.69,24,184.56
26/08/2023,1,Black Heart,9.3,91,846.3
26/08/2023,2,Fools Gold,8.16,35,285.6
26/08/2023,3,Cold Beer B,8.37,40,334.8
26/08/2023,4,Lost Lager,9.1,68,618.8
26/08/2023,5,King Crush,8.71,86,749.06
26/08/2023,6,Wingman Tro,8.51,59,502.09
26/08/2023,7,Grind Stout,9.45,45,425.25
26/08/2023,8,Juice Shack,8.64,15,129.6
26/08/2023,9,Rocky Road,9.44,30,283.2
26/08/2023,10,Wingman,9.15,24,219.6
26/08/2023,11,Arcade Made,7.76,92,713.92
26/08/2023,12,Punk IPA,7.64,32,244.48
26/08/2023,13,Hazy Jane,8.05,69,555.45
26/08/2023,14,Shore Leave,8.95,13,116.35
26/08/2023,15,Simcoe Solo,9.31,17,158.27
26/08/2023,16,Lucky Break,7.69,73,561.37
27/08/2023,1,Black Heart,9.3,24,223.2
27/08/2023,2,Fools Gold,8.16,76,620.16
27/08/2023,3,Cold Beer B,8.37,5,41.85
27/08/2023,4,Lost Lager,9.1,1,9.1
27/08/2023,5,King Crush,8.71,16,139.36
27/08/2023,6,Wingman Tro,8.51,13,110.63
27/08/2023,7,Grind Stout,9.45,6,56.7
27/08/2023,8,Juice Shack,8.64,14,120.96
27/08/2023,9,Rocky Road,9.44,0,0
27/08/2023,10,Wingman,9.15,16,146.4
27/08/2023,11,Arcade Made,7.76,96,744.96
27/08/2023,12,Punk IPA,7.64,35,267.4
27/08/2023,13,Hazy Jane,8.05,52,418.6
27/08/2023,14,Shore Leave,8.95,39,349.05
27/08/2023,15,Simcoe Solo,9.31,84,782.04
27/08/2023,16,Lucky Break,7.69,67,515.23
28/08/2023,1,Black Heart,9.3,74,688.2
28/08/2023,2,Fools Gold,8.16,1,8.16
28/08/2023,3,Cold Beer B,8.37,1,8.37
28/08/2023,4,Lost Lager,9.1,77,700.7
28/08/2023,5,King Crush,8.71,45,391.95
28/08/2023,6,Wingman Tro,8.51,19,161.69
28/08/2023,7,Grind Stout,9.45,18,170.1
28/08/2023,8,Juice Shack,8.64,100,864
28/08/2023,9,Rocky Road,9.44,46,434.24
28/08/2023,10,Wingman,9.15,93,850.95
28/08/2023,11,Arcade Made,7.76,12,93.12
28/08/2023,12,Punk IPA,7.64,23,175.72
28/08/2023,13,Hazy Jane,8.05,7,56.35
28/08/2023,14,Shore Leave,8.95,35,313.25
28/08/2023,15,Simcoe Solo,9.31,22,204.82
28/08/2023,16,Lucky Break,7.69,13,99.97
29/08/2023,1,Black Heart,9.3,56,520.8
29/08/2023,2,Fools Gold,8.16,85,693.6
29/08/2023,3,Cold Beer B,8.37,40,334.8
29/08/2023,4,Lost Lager,9.1,91,828.1
29/08/2023,5,King Crush,8.71,8,69.68
29/08/2023,6,Wingman Tro,8.51,61,519.11
29/08/2023,7,Grind Stout,9.45,68,642.6
29/08/2023,8,Juice Shack,8.64,76,656.64
29/08/2023,9,Rocky Road,9.44,86,811.84
29/08/2023,10,Wingman,9.15,64,585.6
29/08/2023,11,Arcade Made,7.76,20,155.2
29/08/2023,12,Punk IPA,7.64,59,450.76
29/08/2023,13,Hazy Jane,8.05,71,571.55
29/08/2023,14,Shore Leave,8.95,25,223.75
29/08/2023,15,Simcoe Solo,9.31,17,158.27
29/08/2023,16,Lucky Break,7.69,84,645.96
30/08/2023,1,Black Heart,9.3,5,46.5
30/08/2023,2,Fools Gold,8.16,82,669.12
30/08/2023,3,Cold Beer B,8.37,22,184.14
30/08/2023,4,Lost Lager,9.1,63,573.3
30/08/2023,5,King Crush,8.71,60,522.6
30/08/2023,6,Wingman Tro,8.51,30,255.3
30/08/2023,7,Grind Stout,9.45,99,935.55
30/08/2023,8,Juice Shack,8.64,74,639.36
30/08/2023,9,Rocky Road,9.44,5,47.2
30/08/2023,10,Wingman,9.15,85,777.75
30/08/2023,11,Arcade Made,7.76,26,201.76
30/08/2023,12,Punk IPA,7.64,13,99.32
30/08/2023,13,Hazy Jane,8.05,69,555.45
30/08/2023,14,Shore Leave,8.95,29,259.55
30/08/2023,15,Simcoe Solo,9.31,29,269.99
30/08/2023,16,Lucky Break,7.69,73,561.37
31/08/2023,1,Black Heart,9.3,58,539.4
31/08/2023,2,Fools Gold,8.16,60,489.6
31/08/2023,3,Cold Beer B,8.37,35,292.95
31/08/2023,4,Lost Lager,9.1,43,391.3
31/08/2023,5,King Crush,8.71,60,522.6
31/08/2023,6,Wingman Tro,8.51,21,178.71
31/08/2023,7,Grind Stout,9.45,37,349.65
31/08/2023,8,Juice Shack,8.64,42,362.88
31/08/2023,9,Rocky Road,9.44,28,264.32
31/08/2023,10,Wingman,9.15,45,411.75
31/08/2023,11,Arcade Made,7.76,26,201.76
31/08/2023,12,Punk IPA,7.64,31,236.84
31/08/2023,13,Hazy Jane,8.05,12,96.6
31/08/2023,14,Shore Leave,8.95,54,483.3
31/08/2023,15,Simcoe Solo,9.31,62,577.22
31/08/2023,16,Lucky Break,7.69,14,107.66
01/09/2023,1,Black Heart,9.3,51,474.3
01/09/2023,2,Fools Gold,8.16,100,816
01/09/2023,3,Cold Beer B,8.37,81,677.97
01/09/2023,4,Lost Lager,9.1,31,282.1
01/09/2023,5,King Crush,8.71,89,775.19
01/09/2023,6,Wingman Tro,8.51,93,791.43
01/09/2023,7,Grind Stout,9.45,59,557.55
01/09/2023,8,Juice Shack,8.64,7,60.48
01/09/2023,9,Rocky Road,9.44,26,245.44
01/09/2023,10,Wingman,9.15,81,741.15
01/09/2023,11,Arcade Made,7.76,3,23.28
01/09/2023,12,Punk IPA,7.64,35,267.4
01/09/2023,13,Hazy Jane,8.05,13,104.65
01/09/2023,14,Shore Leave,8.95,36,322.2
01/09/2023,15,Simcoe Solo,9.31,88,819.28
01/09/2023,16,Lucky Break,7.69,62,476.78
02/09/2023,1,Black Heart,9.3,92,855.6
02/09/2023,2,Fools Gold,8.16,53,432.48
02/09/2023,3,Cold Beer B,8.37,22,184.14
02/09/2023,4,Lost Lager,9.1,23,209.3
02/09/2023,5,King Crush,8.71,41,357.11
02/09/2023,6,Wingman Tro,8.51,68,578.68
02/09/2023,7,Grind Stout,9.45,40,378
02/09/2023,8,Juice Shack,8.64,58,501.12
02/09/2023,9,Rocky Road,9.44,8,75.52
02/09/2023,10,Wingman,9.15,57,521.55
02/09/2023,11,Arcade Made,7.76,7,54.32
02/09/2023,12,Punk IPA,7.64,2,15.28
02/09/2023,13,Hazy Jane,8.05,92,740.6
02/09/2023,14,Shore Leave,8.95,22,196.9
02/09/2023,15,Simcoe Solo,9.31,41,381.71
02/09/2023,16,Lucky Break,7.69,58,446.02
03/09/2023,1,Black Heart,9.3,35,325.5
03/09/2023,2,Fools Gold,8.16,40,326.4
03/09/2023,3,Cold Beer B,8.37,18,150.66
03/09/2023,4,Lost Lager,9.1,86,782.6
03/09/2023,5,King Crush,8.71,45,391.95
03/09/2023,6,Wingman Tro,8.51,49,416.99
03/09/2023,7,Grind Stout,9.45,43,406.35
03/09/2023,8,Juice Shack,8.64,93,803.52
03/09/2023,9,Rocky Road,9.44,14,132.16
03/09/2023,10,Wingman,9.15,44,402.6
03/09/2023,11,Arcade Made,7.76,28,217.28
03/09/2023,12,Punk IPA,7.64,75,573
03/09/2023,13,Hazy Jane,8.05,33,265.65
03/09/2023,14,Shore Leave,8.95,29,259.55
03/09/2023,15,Simcoe Solo,9.31,62,577.22
03/09/2023,16,Lucky Break,7.69,2,15.38
04/09/2023,1,Black Heart,9.3,19,176.7
04/09/2023,2,Fools Gold,8.16,43,350.88
04/09/2023,3,Cold Beer B,8.37,53,443.61
04/09/2023,4,Lost Lager,9.1,42,382.2
04/09/2023,5,King Crush,8.71,74,644.54
04/09/2023,6,Wingman Tro,8.51,36,306.36
04/09/2023,7,Grind Stout,9.45,86,812.7
04/09/2023,8,Juice Shack,8.64,23,198.72
04/09/2023,9,Rocky Road,9.44,77,726.88
04/09/2023,10,Wingman,9.15,77,704.55
04/09/2023,11,Arcade Made,7.76,22,170.72
04/09/2023,12,Punk IPA,7.64,21,160.44
04/09/2023,13,Hazy Jane,8.05,84,676.2
04/09/2023,14,Shore Leave,8.95,31,277.45
04/09/2023,15,Simcoe Solo,9.31,69,642.39
04/09/2023,16,Lucky Break,7.69,27,207.63
05/09/2023,1,Black Heart,9.3,40,372
05/09/2023,2,Fools Gold,8.16,83,677.28
05/09/2023,3,Cold Beer B,8.37,38,318.06
05/09/2023,4,Lost Lager,9.1,56,509.6
05/09/2023,5,King Crush,8.71,46,400.66
05/09/2023,6,Wingman Tro,8.51,31,263.81
05/09/2023,7,Grind Stout,9.45,31,292.95
05/09/2023,8,Juice Shack,8.64,0,0
05/09/2023,9,Rocky Road,9.44,36,339.84
05/09/2023,10,Wingman,9.15,28,256.2
05/09/2023,11,Arcade Made,7.76,13,100.88
05/09/2023,12,Punk IPA,7.64,8,61.12
05/09/2023,13,Hazy Jane,8.05,45,362.25
05/09/2023,14,Shore Leave,8.95,13,116.35
05/09/2023,15,Simcoe Solo,9.31,58,539.98
05/09/2023,16,Lucky Break,7.69,12,92.28
06/09/2023,1,Black Heart,9.3,51,474.3
06/09/2023,2,Fools Gold,8.16,23,187.68
06/09/2023,3,Cold Beer B,8.37,11,92.07
06/09/2023,4,Lost Lager,9.1,63,573.3
06/09/2023,5,King Crush,8.71,14,121.94
06/09/2023,6,Wingman Tro,8.51,21,178.71
06/09/2023,7,Grind Stout,9.45,5,47.25
06/09/2023,8,Juice Shack,8.64,73,630.72
06/09/2023,9,Rocky Road,9.44,25,236
06/09/2023,10,Wingman,9.15,36,329.4
06/09/2023,11,Arcade Made,7.76,71,550.96
06/09/2023,12,Punk IPA,7.64,72,550.08
06/09/2023,13,Hazy Jane,8.05,36,289.8
06/09/2023,14,Shore Leave,8.95,88,787.6
06/09/2023,15,Simcoe Solo,9.31,28,260.68
06/09/2023,16,Lucky Break,7.69,29,223.01
07/09/2023,1,Black Heart,9.3,39,362.7
07/09/2023,2,Fools Gold,8.16,36,293.76
07/09/2023,3,Cold Beer B,8.37,43,359.91
07/09/2023,4,Lost Lager,9.1,49,445.9
07/09/2023,5,King Crush,8.71,18,156.78
07/09/2023,6,Wingman Tro,8.51,72,612.72
07/09/2023,7,Grind Stout,9.45,16,151.2
07/09/2023,8,Juice Shack,8.64,24,207.36
07/09/2023,9,Rocky Road,9.44,61,575.84
07/09/2023,10,Wingman,9.15,64,585.6
07/09/2023,11,Arcade Made,7.76,54,419.04
07/09/2023,12,Punk IPA,7.64,65,496.6
07/09/2023,13,Hazy Jane,8.05,0,0
07/09/2023,14,Shore Leave,8.95,75,671.25
07/09/2023,15,Simcoe Solo,9.31,34,316.54
07/09/2023,16,Lucky Break,7.69,3,23.07
08/09/2023,1,Black Heart,9.3,0,0
08/09/2023,2,Fools Gold,8.16,58,473.28
08/09/2023,3,Cold Beer B,8.37,24,200.88
08/09/2023,4,Lost Lager,9.1,63,573.3
08/09/2023,5,King Crush,8.71,77,670.67
08/09/2023,6,Wingman Tro,8.51,50,425.5
08/09/2023,7,Grind Stout,9.45,79,746.55
08/09/2023,8,Juice Shack,8.64,94,812.16
08/09/2023,9,Rocky Road,9.44,59,556.96
08/09/2023,10,Wingman,9.15,48,439.2
08/09/2023,11,Arcade Made,7.76,28,217.28
08/09/2023,12,Punk IPA,7.64,34,259.76
08/09/2023,13,Hazy Jane,8.05,45,362.25
08/09/2023,14,Shore Leave,8.95,35,313.25
08/09/2023,15,Simcoe Solo,9.31,43,400.33
08/09/2023,16,Lucky Break,7.69,51,392.19
09/09/2023,1,Black Heart,9.3,13,120.9
09/09/2023,2,Fools Gold,8.16,84,685.44
09/09/2023,3,Cold Beer B,8.37,23,192.51
09/09/2023,4,Lost Lager,9.1,11,100.1
09/09/2023,5,King Crush,8.71,86,749.06
09/09/2023,6,Wingman Tro,8.51,100,851
09/09/2023,7,Grind Stout,9.45,27,255.15
09/09/2023,8,Juice Shack,8.64,39,336.96
09/09/2023,9,Rocky Road,9.44,43,405.92
09/09/2023,10,Wingman,9.15,43,393.45
09/09/2023,11,Arcade Made,7.76,25,194
09/09/2023,12,Punk IPA,7.64,60,458.4
09/09/2023,13,Hazy Jane,8.05,42,338.1
09/09/2023,14,Shore Leave,8.95,13,116.35
09/09/2023,15,Simcoe Solo,9.31,31,288.61
09/09/2023,16,Lucky Break,7.69,82,630.58
10/09/2023,1,Black Heart,9.3,19,176.7
10/09/2023,2,Fools Gold,8.16,39,318.24
10/09/2023,3,Cold Beer B,8.37,65,544.05
10/09/2023,4,Lost Lager,9.1,0,0
10/09/2023,5,King Crush,8.71,5,43.55
10/09/2023,6,Wingman Tro,8.51,31,263.81
10/09/2023,7,Grind Stout,9.45,56,529.2
10/09/2023,8,Juice Shack,8.64,2,17.28
10/09/2023,9,Rocky Road,9.44,96,906.24
10/09/2023,10,Wingman,9.15,99,905.85
10/09/2023,11,Arcade Made,7.76,9,69.84
10/09/2023,12,Punk IPA,7.64,45,343.8
10/09/2023,13,Hazy Jane,8.05,68,547.4
10/09/2023,14,Shore Leave,8.95,85,760.75
10/09/2023,15,Simcoe Solo,9.31,45,418.95
10/09/2023,16,Lucky Break,7.69,61,469.09
11/09/2023,1,Black Heart,9.3,76,706.8
11/09/2023,2,Fools Gold,8.16,11,89.76
11/09/2023,3,Cold Beer B,8.37,47,393.39
11/09/2023,4,Lost Lager,9.1,45,409.5
11/09/2023,5,King Crush,8.71,87,757.77
11/09/2023,6,Wingman Tro,8.51,45,382.95
11/09/2023,7,Grind Stout,9.45,45,425.25
11/09/2023,8,Juice Shack,8.64,77,665.28
11/09/2023,9,Rocky Road,9.44,59,556.96
11/09/2023,10,Wingman,9.15,10,91.5
11/09/2023,11,Arcade Made,7.76,93,721.68
11/09/2023,12,Punk IPA,7.64,79,603.56
11/09/2023,13,Hazy Jane,8.05,61,491.05
11/09/2023,14,Shore Leave,8.95,51,456.45
11/09/2023,15,Simcoe Solo,9.31,19,176.89
11/09/2023,16,Lucky Break,7.69,31,238.39
12/09/2023,1,Black Heart,9.3,85,790.5
12/09/2023,2,Fools Gold,8.16,22,179.52
12/09/2023,3,Cold Beer B,8.37,20,167.4
12/09/2023,4,Lost Lager,9.1,63,573.3
12/09/2023,5,King Crush,8.71,9,78.39
12/09/2023,6,Wingman Tro,8.51,58,493.58
12/09/2023,7,Grind Stout,9.45,19,179.55
12/09/2023,8,Juice Shack,8.64,28,241.92
12/09/2023,9,Rocky Road,9.44,74,698.56
12/09/2023,10,Wingman,9.15,79,722.85
12/09/2023,11,Arcade Made,7.76,14,108.64
12/09/2023,12,Punk IPA,7.64,61,466.04
12/09/2023,13,Hazy Jane,8.05,62,499.1
12/09/2023,14,Shore Leave,8.95,70,626.5
12/09/2023,15,Simcoe Solo,9.31,22,204.82
12/09/2023,16,Lucky Break,7.69,97,745.93
13/09/2023,1,Black Heart,9.3,2,18.6
13/09/2023,2,Fools Gold,8.16,7,57.12
13/09/2023,3,Cold Beer B,8.37,88,736.56
13/09/2023,4,Lost Lager,9.1,66,600.6
13/09/2023,5,King Crush,8.71,69,600.99
13/09/2023,6,Wingman Tro,8.51,1,8.51
13/09/2023,7,Grind Stout,9.45,84,793.8
13/09/2023,8,Juice Shack,8.64,28,241.92
13/09/2023,9,Rocky Road,9.44,83,783.52
13/09/2023,10,Wingman,9.15,22,201.3
13/09/2023,11,Arcade Made,7.76,6,46.56
13/09/2023,12,Punk IPA,7.64,99,756.36
13/09/2023,13,Hazy Jane,8.05,15,120.75
13/09/2023,14,Shore Leave,8.95,47,420.65
13/09/2023,15,Simcoe Solo,9.31,3,27.93
13/09/2023,16,Lucky Break,7.69,41,315.29
14/09/2023,1,Black Heart,9.3,53,492.9
14/09/2023,2,Fools Gold,8.16,35,285.6
14/09/2023,3,Cold Beer B,8.37,14,117.18
14/09/2023,4,Lost Lager,9.1,27,245.7
14/09/2023,5,King Crush,8.71,62,540.02
14/09/2023,6,Wingman Tro,8.51,48,408.48
14/09/2023,7,Grind Stout,9.45,38,359.1
14/09/2023,8,Juice Shack,8.64,20,172.8
14/09/2023,9,Rocky Road,9.44,44,415.36
14/09/2023,10,Wingman,9.15,72,658.8
14/09/2023,11,Arcade Made,7.76,19,147.44
14/09/2023,12,Punk IPA,7.64,34,259.76
14/09/2023,13,Hazy Jane,8.05,47,378.35
14/09/2023,14,Shore Leave,8.95,81,724.95
14/09/2023,15,Simcoe Solo,9.31,4,37.24
14/09/2023,16,Lucky Break,7.69,25,192.25
15/09/2023,1,Black Heart,9.3,27,251.1
15/09/2023,2,Fools Gold,8.16,63,514.08
15/09/2023,3,Cold Beer B,8.37,76,636.12
15/09/2023,4,Lost Lager,9.1,20,182
15/09/2023,5,King Crush,8.71,18,156.78
15/09/2023,6,Wingman Tro,8.51,55,468.05
15/09/2023,7,Grind Stout,9.45,73,689.85
15/09/2023,8,Juice Shack,8.64,46,397.44
15/09/2023,9,Rocky Road,9.44,83,783.52
15/09/2023,10,Wingman,9.15,82,750.3
15/09/2023,11,Arcade Made,7.76,95,737.2
15/09/2023,12,Punk IPA,7.64,8,61.12
15/09/2023,13,Hazy Jane,8.05,82,660.1
15/09/2023,14,Shore Leave,8.95,5,44.75
15/09/2023,15,Simcoe Solo,9.31,28,260.68
15/09/2023,16,Lucky Break,7.69,84,645.96
16/09/2023,1,Black Heart,9.3,63,585.9
16/09/2023,2,Fools Gold,8.16,0,0
16/09/2023,3,Cold Beer B,8.37,18,150.66
16/09/2023,4,Lost Lager,9.1,34,309.4
16/09/2023,5,King Crush,8.71,44,383.24
16/09/2023,6,Wingman Tro,8.51,34,289.34
16/09/2023,7,Grind Stout,9.45,82,774.9
16/09/2023,8,Juice Shack,8.64,2,17.28
16/09/2023,9,Rocky Road,9.44,78,736.32
16/09/2023,10,Wingman,9.15,23,210.45
16/09/2023,11,Arcade Made,7.76,72,558.72
16/09/2023,12,Punk IPA,7.64,24,183.36
16/09/2023,13,Hazy Jane,8.05,85,684.25
16/09/2023,14,Shore Leave,8.95,3,26.85
16/09/2023,15,Simcoe Solo,9.31,78,726.18
16/09/2023,16,Lucky Break,7.69,87,669.03
17/09/2023,1,Black Heart,9.3,30,279
17/09/2023,2,Fools Gold,8.16,79,644.64
17/09/2023,3,Cold Beer B,8.37,72,602.64
17/09/2023,4,Lost Lager,9.1,5,45.5
17/09/2023,5,King Crush,8.71,41,357.11
17/09/2023,6,Wingman Tro,8.51,92,782.92
17/09/2023,7,Grind Stout,9.45,56,529.2
17/09/2023,8,Juice Shack,8.64,93,803.52
17/09/2023,9,Rocky Road,9.44,60,566.4
17/09/2023,10,Wingman,9.15,38,347.7
17/09/2023,11,Arcade Made,7.76,63,488.88
17/09/2023,12,Punk IPA,7.64,18,137.52
17/09/2023,13,Hazy Jane,8.05,56,450.8
17/09/2023,14,Shore Leave,8.95,12,107.4
17/09/2023,15,Simcoe Solo,9.31,53,493.43
17/09/2023,16,Lucky Break,7.69,64,492.16
18/09/2023,1,Black Heart,9.3,85,790.5
18/09/2023,2,Fools Gold,8.16,14,114.24
18/09/2023,3,Cold Beer B,8.37,46,385.02
18/09/2023,4,Lost Lager,9.1,77,700.7
18/09/2023,5,King Crush,8.71,73,635.83
18/09/2023,6,Wingman Tro,8.51,95,808.45
18/09/2023,7,Grind Stout,9.45,50,472.5
18/09/2023,8,Juice Shack,8.64,42,362.88
18/09/2023,9,Rocky Road,9.44,58,547.52
18/09/2023,10,Wingman,9.15,60,549
18/09/2023,11,Arcade Made,7.76,19,147.44
18/09/2023,12,Punk IPA,7.64,72,550.08
18/09/2023,13,Hazy Jane,8.05,65,523.25
18/09/2023,14,Shore Leave,8.95,18,161.1
18/09/2023,15,Simcoe Solo,9.31,79,735.49
18/09/2023,16,Lucky Break,7.69,48,369.12
19/09/2023,1,Black Heart,9.3,84,781.2
19/09/2023,2,Fools Gold,8.16,25,204
19/09/2023,3,Cold Beer B,8.37,38,318.06
19/09/2023,4,Lost Lager,9.1,60,546
19/09/2023,5,King Crush,8.71,54,470.34
19/09/2023,6,Wingman Tro,8.51,2,17.02
19/09/2023,7,Grind Stout,9.45,25,236.25
19/09/2023,8,Juice Shack,8.64,45,388.8
19/09/2023,9,Rocky Road,9.44,15,141.6
19/09/2023,10,Wingman,9.15,12,109.8
19/09/2023,11,Arcade Made,7.76,20,155.2
19/09/2023,12,Punk IPA,7.64,71,542.44
19/09/2023,13,Hazy Jane,8.05,82,660.1
19/09/2023,14,Shore Leave,8.95,74,662.3
19/09/2023,15,Simcoe Solo,9.31,35,325.85
19/09/2023,16,Lucky Break,7.69,36,276.84
20/09/2023,1,Black Heart,9.3,68,632.4
20/09/2023,2,Fools Gold,8.16,25,204
20/09/2023,3,Cold Beer B,8.37,40,334.8
20/09/2023,4,Lost Lager,9.1,67,609.7
20/09/2023,5,King Crush,8.71,98,853.58
20/09/2023,6,Wingman Tro,8.51,91,774.41
20/09/2023,7,Grind Stout,9.45,99,935.55
20/09/2023,8,Juice Shack,8.64,27,233.28
20/09/2023,9,Rocky Road,9.44,97,915.68
20/09/2023,10,Wingman,9.15,4,36.6
20/09/2023,11,Arcade Made,7.76,68,527.68
20/09/2023,12,Punk IPA,7.64,17,129.88
20/09/2023,13,Hazy Jane,8.05,74,595.7
20/09/2023,14,Shore Leave,8.95,95,850.25
20/09/2023,15,Simcoe Solo,9.31,76,707.56
20/09/2023,16,Lucky Break,7.69,73,561.37
21/09/2023,1,Black Heart,9.3,83,771.9
21/09/2023,2,Fools Gold,8.16,2,16.32
21/09/2023,3,Cold Beer B,8.37,20,167.4
21/09/2023,4,Lost Lager,9.1,13,118.3
21/09/2023,5,King Crush,8.71,9,78.39
21/09/2023,6,Wingman Tro,8.51,70,595.7
21/09/2023,7,Grind Stout,9.45,34,321.3
21/09/2023,8,Juice Shack,8.64,81,699.84
21/09/2023,9,Rocky Road,9.44,67,632.48
21/09/2023,10,Wingman,9.15,87,796.05
21/09/2023,11,Arcade Made,7.76,91,706.16
21/09/2023,12,Punk IPA,7.64,3,22.92
21/09/2023,13,Hazy Jane,8.05,24,193.2
21/09/2023,14,Shore Leave,8.95,74,662.3
21/09/2023,15,Simcoe Solo,9.31,59,549.29
21/09/2023,16,Lucky Break,7.69,0,0
22/09/2023,1,Black Heart,9.3,74,688.2
22/09/2023,2,Fools Gold,8.16,83,677.28
22/09/2023,3,Cold Beer B,8.37,59,493.83
22/09/2023,4,Lost Lager,9.1,21,191.1
22/09/2023,5,King Crush,8.71,9,78.39
22/09/2023,6,Wingman Tro,8.51,30,255.3
22/09/2023,7,Grind Stout,9.45,85,803.25
22/09/2023,8,Juice Shack,8.64,95,820.8
22/09/2023,9,Rocky Road,9.44,54,509.76
22/09/2023,10,Wingman,9.15,87,796.05
22/09/2023,11,Arcade Made,7.76,69,535.44
22/09/2023,12,Punk IPA,7.64,29,221.56
22/09/2023,13,Hazy Jane,8.05,26,209.3
22/09/2023,14,Shore Leave,8.95,87,778.65
22/09/2023,15,Simcoe Solo,9.31,25,232.75
22/09/2023,16,Lucky Break,7.69,88,676.72
23/09/2023,1,Black Heart,9.3,4,37.2
23/09/2023,2,Fools Gold,8.16,52,424.32
23/09/2023,3,Cold Beer B,8.37,90,753.3
23/09/2023,4,Lost Lager,9.1,99,900.9
23/09/2023,5,King Crush,8.71,10,87.1
23/09/2023,6,Wingman Tro,8.51,51,434.01
23/09/2023,7,Grind Stout,9.45,66,623.7
23/09/2023,8,Juice Shack,8.64,91,786.24
23/09/2023,9,Rocky Road,9.44,76,717.44
23/09/2023,10,Wingman,9.15,91,832.65
23/09/2023,11,Arcade Made,7.76,10,77.6
23/09/2023,12,Punk IPA,7.64,68,519.52
23/09/2023,13,Hazy Jane,8.05,68,547.4
23/09/2023,14,Shore Leave,8.95,55,492.25
23/09/2023,15,Simcoe Solo,9.31,20,186.2
23/09/2023,16,Lucky Break,7.69,43,330.67
24/09/2023,1,Black Heart,9.3,72,669.6
24/09/2023,2,Fools Gold,8.16,98,799.68
24/09/2023,3,Cold Beer B,8.37,84,703.08
24/09/2023,4,Lost Lager,9.1,20,182
24/09/2023,5,King Crush,8.71,15,130.65
24/09/2023,6,Wingman Tro,8.51,10,85.1
24/09/2023,7,Grind Stout,9.45,66,623.7
24/09/2023,8,Juice Shack,8.64,9,77.76
24/09/2023,9,Rocky Road,9.44,70,660.8
24/09/2023,10,Wingman,9.15,42,384.3
24/09/2023,11,Arcade Made,7.76,55,426.8
24/09/2023,12,Punk IPA,7.64,87,664.68
24/09/2023,13,Hazy Jane,8.05,52,418.6
24/09/2023,14,Shore Leave,8.95,30,268.5
24/09/2023,15,Simcoe Solo,9.31,88,819.28
24/09/2023,16,Lucky Break,7.69,80,615.2
25/09/2023,1,Black Heart,9.3,73,678.9
25/09/2023,2,Fools Gold,8.16,12,97.92
25/09/2023,3,Cold Beer B,8.37,88,736.56
25/09/2023,4,Lost Lager,9.1,49,445.9
25/09/2023,5,King Crush,8.71,62,540.02
25/09/2023,6,Wingman Tro,8.51,91,774.41
25/09/2023,7,Grind Stout,9.45,0,0
25/09/2023,8,Juice Shack,8.64,78,673.92
25/09/2023,9,Rocky Road,9.44,24,226.56
25/09/2023,10,Wingman,9.15,69,631.35
25/09/2023,11,Arcade Made,7.76,77,597.52
25/09/2023,12,Punk IPA,7.64,86,657.04
25/09/2023,13,Hazy Jane,8.05,73,587.65
25/09/2023,14,Shore Leave,8.95,81,724.95
25/09/2023,15,Simcoe Solo,9.31,40,372.4
25/09/2023,16,Lucky Break,7.69,32,246.08
26/09/2023,1,Black Heart,9.3,78,725.4
26/09/2023,2,Fools Gold,8.16,38,310.08
26/09/2023,3,Cold Beer B,8.37,45,376.65
26/09/2023,4,Lost Lager,9.1,53,482.3
26/09/2023,5,King Crush,8.71,10,87.1
26/09/2023,6,Wingman Tro,8.51,97,825.47
26/09/2023,7,Grind Stout,9.45,13,122.85
26/09/2023,8,Juice Shack,8.64,90,777.6
26/09/2023,9,Rocky Road,9.44,19,179.36
26/09/2023,10,Wingman,9.15,57,521.55
26/09/2023,11,Arcade Made,7.76,4,31.04
26/09/2023,12,Punk IPA,7.64,24,183.36
26/09/2023,13,Hazy Jane,8.05,38,305.9
26/09/2023,14,Shore Leave,8.95,15,134.25
26/09/2023,15,Simcoe Solo,9.31,83,772.73
26/09/2023,16,Lucky Break,7.69,23,176.87
27/09/2023,1,Black Heart,9.3,25,232.5
27/09/2023,2,Fools Gold,8.16,96,783.36
27/09/2023,3,Cold Beer B,8.37,0,0
27/09/2023,4,Lost Lager,9.1,75,682.5
27/09/2023,5,King Crush,8.71,62,540.02
27/09/2023,6,Wingman Tro,8.51,54,459.54
27/09/2023,7,Grind Stout,9.45,73,689.85
27/09/2023,8,Juice Shack,8.64,62,535.68
27/09/2023,9,Rocky Road,9.44,89,840.16
27/09/2023,10,Wingman,9.15,48,439.2
27/09/2023,11,Arcade Made,7.76,64,496.64
27/09/2023,12,Punk IPA,7.64,7,53.48
27/09/2023,13,Hazy Jane,8.05,10,80.5
27/09/2023,14,Shore Leave,8.95,29,259.55
27/09/2023,15,Simcoe Solo,9.31,84,782.04
27/09/2023,16,Lucky Break,7.69,63,484.47
28/09/2023,1,Black Heart,9.3,85,790.5
28/09/2023,2,Fools Gold,8.16,52,424.32
28/09/2023,3,Cold Beer B,8.37,60,502.2
28/09/2023,4,Lost Lager,9.1,10,91
28/09/2023,5,King Crush,8.71,87,757.77
28/09/2023,6,Wingman Tro,8.51,20,170.2
28/09/2023,7,Grind Stout,9.45,91,859.95
28/09/2023,8,Juice Shack,8.64,54,466.56
28/09/2023,9,Rocky Road,9.44,4,37.76
28/09/2023,10,Wingman,9.15,54,494.1
28/09/2023,11,Arcade Made,7.76,91,706.16
28/09/2023,12,Punk IPA,7.64,3,22.92
28/09/2023,13,Hazy Jane,8.05,13,104.65
28/09/2023,14,Shore Leave,8.95,70,626.5
28/09/2023,15,Simcoe Solo,9.31,95,884.45
28/09/2023,16,Lucky Break,7.69,45,346.05
29/09/2023,1,Black Heart,9.3,41,381.3
29/09/2023,2,Fools Gold,8.16,26,212.16
29/09/2023,3,Cold Beer B,8.37,73,611.01
29/09/2023,4,Lost Lager,9.1,7,63.7
29/09/2023,5,King Crush,8.71,62,540.02
29/09/2023,6,Wingman Tro,8.51,6,51.06
29/09/2023,7,Grind Stout,9.45,86,812.7
29/09/2023,8,Juice Shack,8.64,76,656.64
29/09/2023,9,Rocky Road,9.44,31,292.64
29/09/2023,10,Wingman,9.15,66,603.9
29/09/2023,11,Arcade Made,7.76,73,566.48
29/09/2023,12,Punk IPA,7.64,56,427.84
29/09/2023,13,Hazy Jane,8.05,48,386.4
29/09/2023,14,Shore Leave,8.95,58,519.1
29/09/2023,15,Simcoe Solo,9.31,61,567.91
29/09/2023,16,Lucky Break,7.69,46,353.74
30/09/2023,1,Black Heart,9.3,42,390.6
30/09/2023,2,Fools Gold,8.16,78,636.48
30/09/2023,3,Cold Beer B,8.37,60,502.2
30/09/2023,4,Lost Lager,9.1,64,582.4
30/09/2023,5,King Crush,8.71,84,731.64
30/09/2023,6,Wingman Tro,8.51,79,672.29
30/09/2023,7,Grind Stout,9.45,87,822.15
30/09/2023,8,Juice Shack,8.64,30,259.2
30/09/2023,9,Rocky Road,9.44,55,519.2
30/09/2023,10,Wingman,9.15,13,118.95
30/09/2023,11,Arcade Made,7.76,48,372.48
30/09/2023,12,Punk IPA,7.64,5,38.2
30/09/2023,13,Hazy Jane,8.05,48,386.4
30/09/2023,14,Shore Leave,8.95,2,17.9
30/09/2023,15,Simcoe Solo,9.31,54,502.74
30/09/2023,16,Lucky Break,7.69,49,376.81
01/10/2023,1,Black Heart,9.3,4,37.2
01/10/2023,2,Fools Gold,8.16,90,734.4
01/10/2023,3,Cold Beer B,8.37,7,58.59
01/10/2023,4,Lost Lager,9.1,62,564.2
01/10/2023,5,King Crush,8.71,64,557.44
01/10/2023,6,Wingman Tro,8.51,4,34.04
01/10/2023,7,Grind Stout,9.45,22,207.9
01/10/2023,8,Juice Shack,8.64,0,0
01/10/2023,9,Rocky Road,9.44,59,556.96
01/10/2023,10,Wingman,9.15,30,274.5
01/10/2023,11,Arcade Made,7.76,76,589.76
01/10/2023,12,Punk IPA,7.64,23,175.72
01/10/2023,13,Hazy Jane,8.05,99,796.95
01/10/2023,14,Shore Leave,8.95,20,179
01/10/2023,15,Simcoe Solo,9.31,39,363.09
01/10/2023,16,Lucky Break,7.69,99,761.31
02/10/2023,1,Black Heart,9.3,14,130.2
02/10/2023,2,Fools Gold,8.16,88,718.08
02/10/2023,3,Cold Beer B,8.37,78,652.86
02/10/2023,4,Lost Lager,9.1,4,36.4
02/10/2023,5,King Crush,8.71,8,69.68
02/10/2023,6,Wingman Tro,8.51,87,740.37
02/10/2023,7,Grind Stout,9.45,11,103.95
02/10/2023,8,Juice Shack,8.64,82,708.48
02/10/2023,9,Rocky Road,9.44,4,37.76
02/10/2023,10,Wingman,9.15,13,118.95
02/10/2023,11,Arcade Made,7.76,45,349.2
02/10/2023,12,Punk IPA,7.64,62,473.68
02/10/2023,13,Hazy Jane,8.05,38,305.9
02/10/2023,14,Shore Leave,8.95,63,563.85
02/10/2023,15,Simcoe Solo,9.31,64,595.84
02/10/2023,16,Lucky Break,7.69,88,676.72
03/10/2023,1,Black Heart,9.3,37,344.1
03/10/2023,2,Fools Gold,8.16,83,677.28
03/10/2023,3,Cold Beer B,8.37,78,652.86
03/10/2023,4,Lost Lager,9.1,1,9.1
03/10/2023,5,King Crush,8.71,34,296.14
03/10/2023,6,Wingman Tro,8.51,90,765.9
03/10/2023,7,Grind Stout,9.45,88,831.6
03/10/2023,8,Juice Shack,8.64,100,864
03/10/2023,9,Rocky Road,9.44,17,160.48
03/10/2023,10,Wingman,9.15,55,503.25
03/10/2023,11,Arcade Made,7.76,96,744.96
03/10/2023,12,Punk IPA,7.64,58,443.12
03/10/2023,13,Hazy Jane,8.05,21,169.05
03/10/2023,14,Shore Leave,8.95,37,331.15
03/10/2023,15,Simcoe Solo,9.31,65,605.15
03/10/2023,16,Lucky Break,7.69,5,38.45
04/10/2023,1,Black Heart,9.3,77,716.1
04/10/2023,2,Fools Gold,8.16,22,179.52
04/10/2023,3,Cold Beer B,8.37,57,477.09
04/10/2023,4,Lost Lager,9.1,75,682.5
04/10/2023,5,King Crush,8.71,44,383.24
04/10/2023,6,Wingman Tro,8.51,96,816.96
04/10/2023,7,Grind Stout,9.45,1,9.45
04/10/2023,8,Juice Shack,8.64,19,164.16
04/10/2023,9,Rocky Road,9.44,91,859.04
04/10/2023,10,Wingman,9.15,16,146.4
04/10/2023,11,Arcade Made,7.76,6,46.56
04/10/2023,12,Punk IPA,7.64,88,672.32
04/10/2023,13,Hazy Jane,8.05,77,619.85
04/10/2023,14,Shore Leave,8.95,7,62.65
04/10/2023,15,Simcoe Solo,9.31,60,558.6
04/10/2023,16,Lucky Break,7.69,79,607.51
05/10/2023,1,Black Heart,9.3,61,567.3
05/10/2023,2,Fools Gold,8.16,55,448.8
05/10/2023,3,Cold Beer B,8.37,15,125.55
05/10/2023,4,Lost Lager,9.1,17,154.7
05/10/2023,5,King Crush,8.71,90,783.9
05/10/2023,6,Wingman Tro,8.51,74,629.74
05/10/2023,7,Grind Stout,9.45,27,255.15
05/10/2023,8,Juice Shack,8.64,3,25.92
05/10/2023,9,Rocky Road,9.44,100,944
05/10/2023,10,Wingman,9.15,26,237.9
05/10/2023,11,Arcade Made,7.76,10,77.6
05/10/2023,12,Punk IPA,7.64,32,244.48
05/10/2023,13,Hazy Jane,8.05,69,555.45
05/10/2023,14,Shore Leave,8.95,0,0
05/10/2023,15,Simcoe Solo,9.31,59,549.29
05/10/2023,16,Lucky Break,7.69,85,653.65
06/10/2023,1,Black Heart,9.3,0,0
06/10/2023,2,Fools Gold,8.16,30,244.8
06/10/2023,3,Cold Beer B,8.37,5,41.85
06/10/2023,4,Lost Lager,9.1,37,336.7
06/10/2023,5,King Crush,8.71,47,409.37
06/10/2023,6,Wingman Tro,8.51,83,706.33
06/10/2023,7,Grind Stout,9.45,32,302.4
06/10/2023,8,Juice Shack,8.64,79,682.56
06/10/2023,9,Rocky Road,9.44,23,217.12
06/10/2023,10,Wingman,9.15,3,27.45
06/10/2023,11,Arcade Made,7.76,72,558.72
06/10/2023,12,Punk IPA,7.64,70,534.8
06/10/2023,13,Hazy Jane,8.05,37,297.85
06/10/2023,14,Shore Leave,8.95,74,662.3
06/10/2023,15,Simcoe Solo,9.31,2,18.62
06/10/2023,16,Lucky Break,7.69,1,7.69
07/10/2023,1,Black Heart,9.3,21,195.3
07/10/2023,2,Fools Gold,8.16,14,114.24
07/10/2023,3,Cold Beer B,8.37,46,385.02
07/10/2023,4,Lost Lager,9.1,63,573.3
07/10/2023,5,King Crush,8.71,40,348.4
07/10/2023,6,Wingman Tro,8.51,56,476.56
07/10/2023,7,Grind Stout,9.45,36,340.2
07/10/2023,8,Juice Shack,8.64,61,527.04
07/10/2023,9,Rocky Road,9.44,92,868.48
07/10/2023,10,Wingman,9.15,43,393.45
07/10/2023,11,Arcade Made,7.76,41,318.16
07/10/2023,12,Punk IPA,7.64,12,91.68
07/10/2023,13,Hazy Jane,8.05,20,161
07/10/2023,14,Shore Leave,8.95,94,841.3
07/10/2023,15,Simcoe Solo,9.31,6,55.86
07/10/2023,16,Lucky Break,7.69,98,753.62
08/10/2023,1,Black Heart,9.3,47,437.1
08/10/2023,2,Fools Gold,8.16,90,734.4
08/10/2023,3,Cold Beer B,8.37,30,251.1
08/10/2023,4,Lost Lager,9.1,58,527.8
08/10/2023,5,King Crush,8.71,1,8.71
08/10/2023,6,Wingman Tro,8.51,7,59.57
08/10/2023,7,Grind Stout,9.45,13,122.85
08/10/2023,8,Juice Shack,8.64,49,423.36
08/10/2023,9,Rocky Road,9.44,19,179.36
08/10/2023,10,Wingman,9.15,46,420.9
08/10/2023,11,Arcade Made,7.76,79,613.04
08/10/2023,12,Punk IPA,7.64,24,183.36
08/10/2023,13,Hazy Jane,8.05,31,249.55
08/10/2023,14,Shore Leave,8.95,82,733.9
08/10/2023,15,Simcoe Solo,9.31,35,325.85
08/10/2023,16,Lucky Break,7.69,17,130.73
09/10/2023,1,Black Heart,9.3,75,697.5
09/10/2023,2,Fools Gold,8.16,78,636.48
09/10/2023,3,Cold Beer B,8.37,31,259.47
09/10/2023,4,Lost Lager,9.1,50,455
09/10/2023,5,King Crush,8.71,19,165.49
09/10/2023,6,Wingman Tro,8.51,42,357.42
09/10/2023,7,Grind Stout,9.45,14,132.3
09/10/2023,8,Juice Shack,8.64,80,691.2
09/10/2023,9,Rocky Road,9.44,83,783.52
09/10/2023,10,Wingman,9.15,55,503.25
09/10/2023,11,Arcade Made,7.76,34,263.84
09/10/2023,12,Punk IPA,7.64,1,7.64
09/10/2023,13,Hazy Jane,8.05,48,386.4
09/10/2023,14,Shore Leave,8.95,93,832.35
09/10/2023,15,Simcoe Solo,9.31,6,55.86
09/10/2023,16,Lucky Break,7.69,8,61.52
10/10/2023,1,Black Heart,9.3,25,232.5
10/10/2023,2,Fools Gold,8.16,42,342.72
10/10/2023,3,Cold Beer B,8.37,42,351.54
10/10/2023,4,Lost Lager,9.1,5,45.5
10/10/2023,5,King Crush,8.71,72,627.12
10/10/2023,6,Wingman Tro,8.51,42,357.42
10/10/2023,7,Grind Stout,9.45,10,94.5
10/10/2023,8,Juice Shack,8.64,67,578.88
10/10/2023,9,Rocky Road,9.44,96,906.24
10/10/2023,10,Wingman,9.15,3,27.45
10/10/2023,11,Arcade Made,7.76,19,147.44
10/10/2023,12,Punk IPA,7.64,77,588.28
10/10/2023,13,Hazy Jane,8.05,99,796.95
10/10/2023,14,Shore Leave,8.95,79,707.05
10/10/2023,15,Simcoe Solo,9.31,38,353.78
10/10/2023,16,Lucky Break,7.69,100,769
11/10/2023,1,Black Heart,9.3,93,864.9
11/10/2023,2,Fools Gold,8.16,50,408
11/10/2023,3,Cold Beer B,8.37,59,493.83
11/10/2023,4,Lost Lager,9.1,40,364
11/10/2023,5,King Crush,8.71,66,574.86
11/10/2023,6,Wingman Tro,8.51,7,59.57
11/10/2023,7,Grind Stout,9.45,2,18.9
11/10/2023,8,Juice Shack,8.64,68,587.52
11/10/2023,9,Rocky Road,9.44,4,37.76
11/10/2023,10,Wingman,9.15,38,347.7
11/10/2023,11,Arcade Made,7.76,1,7.76
11/10/2023,12,Punk IPA,7.64,56,427.84
11/10/2023,13,Hazy Jane,8.05,81,652.05
11/10/2023,14,Shore Leave,8.95,90,805.5
11/10/2023,15,Simcoe Solo,9.31,53,493.43
11/10/2023,16,Lucky Break,7.69,40,307.6
12/10/2023,1,Black Heart,9.3,53,492.9
12/10/2023,2,Fools Gold,8.16,75,612
12/10/2023,3,Cold Beer B,8.37,59,493.83
12/10/2023,4,Lost Lager,9.1,83,755.3
12/10/2023,5,King Crush,8.71,59,513.89
12/10/2023,6,Wingman Tro,8.51,27,229.77
12/10/2023,7,Grind Stout,9.45,59,557.55
12/10/2023,8,Juice Shack,8.64,40,345.6
12/10/2023,9,Rocky Road,9.44,69,651.36
12/10/2023,10,Wingman,9.15,46,420.9
12/10/2023,11,Arcade Made,7.76,98,760.48
12/10/2023,12,Punk IPA,7.64,17,129.88
12/10/2023,13,Hazy Jane,8.05,11,88.55
12/10/2023,14,Shore Leave,8.95,82,733.9
12/10/2023,15,Simcoe Solo,9.31,2,18.62
12/10/2023,16,Lucky Break,7.69,4,30.76
13/10/2023,1,Black Heart,9.3,38,353.4
13/10/2023,2,Fools Gold,8.16,43,350.88
13/10/2023,3,Cold Beer B,8.37,65,544.05
13/10/2023,4,Lost Lager,9.1,82,746.2
13/10/2023,5,King Crush,8.71,80,696.8
13/10/2023,6,Wingman Tro,8.51,69,587.19
13/10/2023,7,Grind Stout,9.45,7,66.15
13/10/2023,8,Juice Shack,8.64,58,501.12
13/10/2023,9,Rocky Road,9.44,38,358.72
13/10/2023,10,Wingman,9.15,24,219.6
13/10/2023,11,Arcade Made,7.76,25,194
13/10/2023,12,Punk IPA,7.64,74,565.36
13/10/2023,13,Hazy Jane,8.05,24,193.2
13/10/2023,14,Shore Leave,8.95,86,769.7
13/10/2023,15,Simcoe Solo,9.31,90,837.9
13/10/2023,16,Lucky Break,7.69,58,446.02
14/10/2023,1,Black Heart,9.3,18,167.4
14/10/2023,2,Fools Gold,8.16,93,758.88
14/10/2023,3,Cold Beer B,8.37,36,301.32
14/10/2023,4,Lost Lager,9.1,40,364
14/10/2023,5,King Crush,8.71,39,339.69
14/10/2023,6,Wingman Tro,8.51,42,357.42
14/10/2023,7,Grind Stout,9.45,58,548.1
14/10/2023,8,Juice Shack,8.64,87,751.68
14/10/2023,9,Rocky Road,9.44,72,679.68
14/10/2023,10,Wingman,9.15,32,292.8
14/10/2023,11,Arcade Made,7.76,34,263.84
14/10/2023,12,Punk IPA,7.64,8,61.12
14/10/2023,13,Hazy Jane,8.05,42,338.1
14/10/2023,14,Shore Leave,8.95,80,716
14/10/2023,15,Simcoe Solo,9.31,46,428.26
14/10/2023,16,Lucky Break,7.69,47,361.43
15/10/2023,1,Black Heart,9.3,82,762.6
15/10/2023,2,Fools Gold,8.16,74,603.84
15/10/2023,3,Cold Beer B,8.37,31,259.47
15/10/2023,4,Lost Lager,9.1,16,145.6
15/10/2023,5,King Crush,8.71,42,365.82
15/10/2023,6,Wingman Tro,8.51,58,493.58
15/10/2023,7,Grind Stout,9.45,55,519.75
15/10/2023,8,Juice Shack,8.64,81,699.84
15/10/2023,9,Rocky Road,9.44,82,774.08
15/10/2023,10,Wingman,9.15,31,283.65
15/10/2023,11,Arcade Made,7.76,53,411.28
15/10/2023,12,Punk IPA,7.64,39,297.96
15/10/2023,13,Hazy Jane,8.05,48,386.4
15/10/2023,14,Shore Leave,8.95,23,205.85
15/10/2023,15,Simcoe Solo,9.31,59,549.29
15/10/2023,16,Lucky Break,7.69,50,384.5
16/10/2023,1,Black Heart,9.3,23,213.9
16/10/2023,2,Fools Gold,8.16,79,644.64
16/10/2023,3,Cold Beer B,8.37,42,351.54
16/10/2023,4,Lost Lager,9.1,23,209.3
16/10/2023,5,King Crush,8.71,27,235.17
16/10/2023,6,Wingman Tro,8.51,12,102.12
16/10/2023,7,Grind Stout,9.45,87,822.15
16/10/2023,8,Juice Shack,8.64,13,112.32
16/10/2023,9,Rocky Road,9.44,31,292.64
16/10/2023,10,Wingman,9.15,38,347.7
16/10/2023,11,Arcade Made,7.76,29,225.04
16/10/2023,12,Punk IPA,7.64,96,733.44
16/10/2023,13,Hazy Jane,8.05,8,64.4
16/10/2023,14,Shore Leave,8.95,92,823.4
16/10/2023,15,Simcoe Solo,9.31,12,111.72
16/10/2023,16,Lucky Break,7.69,84,645.96
17/10/2023,1,Black Heart,9.3,7,65.1
17/10/2023,2,Fools Gold,8.16,91,742.56
17/10/2023,3,Cold Beer B,8.37,40,334.8
17/10/2023,4,Lost Lager,9.1,71,646.1
17/10/2023,5,King Crush,8.71,65,566.15
17/10/2023,6,Wingman Tro,8.51,79,672.29
17/10/2023,7,Grind Stout,9.45,63,595.35
17/10/2023,8,Juice Shack,8.64,52,449.28
17/10/2023,9,Rocky Road,9.44,89,840.16
17/10/2023,10,Wingman,9.15,57,521.55
17/10/2023,11,Arcade Made,7.76,80,620.8
17/10/2023,12,Punk IPA,7.64,25,191
17/10/2023,13,Hazy Jane,8.05,11,88.55
17/10/2023,14,Shore Leave,8.95,58,519.1
17/10/2023,15,Simcoe Solo,9.31,23,214.13
17/10/2023,16,Lucky Break,7.69,6,46.14
18/10/2023,1,Black Heart,9.3,68,632.4
18/10/2023,2,Fools Gold,8.16,72,587.52
18/10/2023,3,Cold Beer B,8.37,14,117.18
18/10/2023,4,Lost Lager,9.1,44,400.4
18/10/2023,5,King Crush,8.71,80,696.8
18/10/2023,6,Wingman Tro,8.51,4,34.04
18/10/2023,7,Grind Stout,9.45,44,415.8
18/10/2023,8,Juice Shack,8.64,37,319.68
18/10/2023,9,Rocky Road,9.44,84,792.96
18/10/2023,10,Wingman,9.15,65,594.75
18/10/2023,11,Arcade Made,7.76,8,62.08
18/10/2023,12,Punk IPA,7.64,38,290.32
18/10/2023,13,Hazy Jane,8.05,40,322
18/10/2023,14,Shore Leave,8.95,4,35.8
18/10/2023,15,Simcoe Solo,9.31,28,260.68
18/10/2023,16,Lucky Break,7.69,53,407.57
19/10/2023,1,Black Heart,9.3,58,539.4
19/10/2023,2,Fools Gold,8.16,11,89.76
19/10/2023,3,Cold Beer B,8.37,91,761.67
19/10/2023,4,Lost Lager,9.1,9,81.9
19/10/2023,5,King Crush,8.71,25,217.75
19/10/2023,6,Wingman Tro,8.51,37,314.87
19/10/2023,7,Grind Stout,9.45,15,141.75
19/10/2023,8,Juice Shack,8.64,83,717.12
19/10/2023,9,Rocky Road,9.44,35,330.4
19/10/2023,10,Wingman,9.15,44,402.6
19/10/2023,11,Arcade Made,7.76,10,77.6
19/10/2023,12,Punk IPA,7.64,28,213.92
19/10/2023,13,Hazy Jane,8.05,2,16.1
19/10/2023,14,Shore Leave,8.95,16,143.2
19/10/2023,15,Simcoe Solo,9.31,9,83.79
19/10/2023,16,Lucky Break,7.69,25,192.25
20/10/2023,1,Black Heart,9.3,43,399.9
20/10/2023,2,Fools Gold,8.16,49,399.84
20/10/2023,3,Cold Beer B,8.37,32,267.84
20/10/2023,4,Lost Lager,9.1,31,282.1
20/10/2023,5,King Crush,8.71,22,191.62
20/10/2023,6,Wingman Tro,8.51,66,561.66
20/10/2023,7,Grind Stout,9.45,32,302.4
20/10/2023,8,Juice Shack,8.64,41,354.24
20/10/2023,9,Rocky Road,9.44,31,292.64
20/10/2023,10,Wingman,9.15,29,265.35
20/10/2023,11,Arcade Made,7.76,11,85.36
20/10/2023,12,Punk IPA,7.64,93,710.52
20/10/2023,13,Hazy Jane,8.05,100,805
20/10/2023,14,Shore Leave,8.95,16,143.2
20/10/2023,15,Simcoe Solo,9.31,47,437.57
20/10/2023,16,Lucky Break,7.69,2,15.38
21/10/2023,1,Black Heart,9.3,8,74.4
21/10/2023,2,Fools Gold,8.16,58,473.28
21/10/2023,3,Cold Beer B,8.37,71,594.27
21/10/2023,4,Lost Lager,9.1,9,81.9
21/10/2023,5,King Crush,8.71,83,722.93
21/10/2023,6,Wingman Tro,8.51,0,0
21/10/2023,7,Grind Stout,9.45,49,463.05
21/10/2023,8,Juice Shack,8.64,11,95.04
21/10/2023,9,Rocky Road,9.44,86,811.84
21/10/2023,10,Wingman,9.15,56,512.4
21/10/2023,11,Arcade Made,7.76,67,519.92
21/10/2023,12,Punk IPA,7.64,30,229.2
21/10/2023,13,Hazy Jane,8.05,86,692.3
21/10/2023,14,Shore Leave,8.95,48,429.6
21/10/2023,15,Simcoe Solo,9.31,88,819.28
21/10/2023,16,Lucky Break,7.69,50,384.5
22/10/2023,1,Black Heart,9.3,50,465
22/10/2023,2,Fools Gold,8.16,20,163.2
22/10/2023,3,Cold Beer B,8.37,82,686.34
22/10/2023,4,Lost Lager,9.1,36,327.6
22/10/2023,5,King Crush,8.71,7,60.97
22/10/2023,6,Wingman Tro,8.51,10,85.1
22/10/2023,7,Grind Stout,9.45,27,255.15
22/10/2023,8,Juice Shack,8.64,64,552.96
22/10/2023,9,Rocky Road,9.44,25,236
22/10/2023,10,Wingman,9.15,31,283.65
22/10/2023,11,Arcade Made,7.76,24,186.24
22/10/2023,12,Punk IPA,7.64,31,236.84
22/10/2023,13,Hazy Jane,8.05,92,740.6
22/10/2023,14,Shore Leave,8.95,73,653.35
22/10/2023,15,Simcoe Solo,9.31,46,428.26
22/10/2023,16,Lucky Break,7.69,27,207.63
23/10/2023,1,Black Heart,9.3,17,158.1
23/10/2023,2,Fools Gold,8.16,29,236.64
23/10/2023,3,Cold Beer B,8.37,47,393.39
23/10/2023,4,Lost Lager,9.1,8,72.8
23/10/2023,5,King Crush,8.71,53,461.63
23/10/2023,6,Wingman Tro,8.51,62,527.62
23/10/2023,7,Grind Stout,9.45,0,0
23/10/2023,8,Juice Shack,8.64,32,276.48
23/10/2023,9,Rocky Road,9.44,59,556.96
23/10/2023,10,Wingman,9.15,75,686.25
23/10/2023,11,Arcade Made,7.76,31,240.56
23/10/2023,12,Punk IPA,7.64,26,198.64
23/10/2023,13,Hazy Jane,8.05,10,80.5
23/10/2023,14,Shore Leave,8.95,59,528.05
23/10/2023,15,Simcoe Solo,9.31,76,707.56
23/10/2023,16,Lucky Break,7.69,13,99.97
24/10/2023,1,Black Heart,9.3,3,27.9
24/10/2023,2,Fools Gold,8.16,82,669.12
24/10/2023,3,Cold Beer B,8.37,98,820.26
24/10/2023,4,Lost Lager,9.1,100,910
24/10/2023,5,King Crush,8.71,49,426.79
24/10/2023,6,Wingman Tro,8.51,60,510.6
24/10/2023,7,Grind Stout,9.45,0,0
24/10/2023,8,Juice Shack,8.64,59,509.76
24/10/2023,9,Rocky Road,9.44,87,821.28
24/10/2023,10,Wingman,9.15,32,292.8
24/10/2023,11,Arcade Made,7.76,93,721.68
24/10/2023,12,Punk IPA,7.64,9,68.76
24/10/2023,13,Hazy Jane,8.05,97,780.85
24/10/2023,14,Shore Leave,8.95,62,554.9
24/10/2023,15,Simcoe Solo,9.31,94,875.14
24/10/2023,16,Lucky Break,7.69,33,253.77
25/10/2023,1,Black Heart,9.3,97,902.1
25/10/2023,2,Fools Gold,8.16,80,652.8
25/10/2023,3,Cold Beer B,8.37,33,276.21
25/10/2023,4,Lost Lager,9.1,81,737.1
25/10/2023,5,King Crush,8.71,2,17.42
25/10/2023,6,Wingman Tro,8.51,96,816.96
25/10/2023,7,Grind Stout,9.45,37,349.65
25/10/2023,8,Juice Shack,8.64,90,777.6
25/10/2023,9,Rocky Road,9.44,86,811.84
25/10/2023,10,Wingman,9.15,39,356.85
25/10/2023,11,Arcade Made,7.76,45,349.2
25/10/2023,12,Punk IPA,7.64,7,53.48
25/10/2023,13,Hazy Jane,8.05,48,386.4
25/10/2023,14,Shore Leave,8.95,74,662.3
25/10/2023,15,Simcoe Solo,9.31,51,474.81
25/10/2023,16,Lucky Break,7.69,7,53.83
26/10/2023,1,Black Heart,9.3,20,186
26/10/2023,2,Fools Gold,8.16,90,734.4
26/10/2023,3,Cold Beer B,8.37,68,569.16
26/10/2023,4,Lost Lager,9.1,67,609.7
26/10/2023,5,King Crush,8.71,50,435.5
26/10/2023,6,Wingman Tro,8.51,78,663.78
26/10/2023,7,Grind Stout,9.45,2,18.9
26/10/2023,8,Juice Shack,8.64,71,613.44
26/10/2023,9,Rocky Road,9.44,64,604.16
26/10/2023,10,Wingman,9.15,42,384.3
26/10/2023,11,Arcade Made,7.76,5,38.8
26/10/2023,12,Punk IPA,7.64,6,45.84
26/10/2023,13,Hazy Jane,8.05,84,676.2
26/10/2023,14,Shore Leave,8.95,50,447.5
26/10/2023,15,Simcoe Solo,9.31,57,530.67
26/10/2023,16,Lucky Break,7.69,30,230.7
27/10/2023,1,Black Heart,9.3,34,316.2
27/10/2023,2,Fools Gold,8.16,33,269.28
27/10/2023,3,Cold Beer B,8.37,85,711.45
27/10/2023,4,Lost Lager,9.1,91,828.1
27/10/2023,5,King Crush,8.71,4,34.84
27/10/2023,6,Wingman Tro,8.51,36,306.36
27/10/2023,7,Grind Stout,9.45,64,604.8
27/10/2023,8,Juice Shack,8.64,79,682.56
27/10/2023,9,Rocky Road,9.44,62,585.28
27/10/2023,10,Wingman,9.15,23,210.45
27/10/2023,11,Arcade Made,7.76,58,450.08
27/10/2023,12,Punk IPA,7.64,31,236.84
27/10/2023,13,Hazy Jane,8.05,47,378.35
27/10/2023,14,Shore Leave,8.95,24,214.8
27/10/2023,15,Simcoe Solo,9.31,24,223.44
27/10/2023,16,Lucky Break,7.69,39,299.91
28/10/2023,1,Black Heart,9.3,65,604.5
28/10/2023,2,Fools Gold,8.16,78,636.48
28/10/2023,3,Cold Beer B,8.37,21,175.77
28/10/2023,4,Lost Lager,9.1,7,63.7
28/10/2023,5,King Crush,8.71,66,574.86
28/10/2023,6,Wingman Tro,8.51,59,502.09
28/10/2023,7,Grind Stout,9.45,90,850.5
28/10/2023,8,Juice Shack,8.64,17,146.88
28/10/2023,9,Rocky Road,9.44,19,179.36
28/10/2023,10,Wingman,9.15,85,777.75
28/10/2023,11,Arcade Made,7.76,8,62.08
28/10/2023,12,Punk IPA,7.64,2,15.28
28/10/2023,13,Hazy Jane,8.05,50,402.5
28/10/2023,14,Shore Leave,8.95,7,62.65
28/10/2023,15,Simcoe Solo,9.31,33,307.23
28/10/2023,16,Lucky Break,7.69,52,399.88
29/10/2023,1,Black Heart,9.3,38,353.4
29/10/2023,2,Fools Gold,8.16,96,783.36
29/10/2023,3,Cold Beer B,8.37,87,728.19
29/10/2023,4,Lost Lager,9.1,75,682.5
29/10/2023,5,King Crush,8.71,60,522.6
29/10/2023,6,Wingman Tro,8.51,49,416.99
29/10/2023,7,Grind Stout,9.45,80,756
29/10/2023,8,Juice Shack,8.64,6,51.84
29/10/2023,9,Rocky Road,9.44,0,0
29/10/2023,10,Wingman,9.15,80,732
29/10/2023,11,Arcade Made,7.76,43,333.68
29/10/2023,12,Punk IPA,7.64,37,282.68
29/10/2023,13,Hazy Jane,8.05,46,370.3
29/10/2023,14,Shore Leave,8.95,81,724.95
29/10/2023,15,Simcoe Solo,9.31,87,809.97
29/10/2023,16,Lucky Break,7.69,22,169.18
30/10/2023,1,Black Heart,9.3,1,9.3
30/10/2023,2,Fools Gold,8.16,79,644.64
30/10/2023,3,Cold Beer B,8.37,34,284.58
30/10/2023,4,Lost Lager,9.1,84,764.4
30/10/2023,5,King Crush,8.71,2,17.42
30/10/2023,6,Wingman Tro,8.51,27,229.77
30/10/2023,7,Grind Stout,9.45,5,47.25
30/10/2023,8,Juice Shack,8.64,91,786.24
30/10/2023,9,Rocky Road,9.44,18,169.92
30/10/2023,10,Wingman,9.15,28,256.2
30/10/2023,11,Arcade Made,7.76,84,651.84
30/10/2023,12,Punk IPA,7.64,19,145.16
30/10/2023,13,Hazy Jane,8.05,60,483
30/10/2023,14,Shore Leave,8.95,59,528.05
30/10/2023,15,Simcoe Solo,9.31,40,372.4
30/10/2023,16,Lucky Break,7.69,34,261.46
31/10/2023,1,Black Heart,9.3,37,344.1
31/10/2023,2,Fools Gold,8.16,68,554.88
31/10/2023,3,Cold Beer B,8.37,65,544.05
31/10/2023,4,Lost Lager,9.1,81,737.1
31/10/2023,5,King Crush,8.71,6,52.26
31/10/2023,6,Wingman Tro,8.51,15,127.65
31/10/2023,7,Grind Stout,9.45,37,349.65
31/10/2023,8,Juice Shack,8.64,36,311.04
31/10/2023,9,Rocky Road,9.44,92,868.48
31/10/2023,10,Wingman,9.15,25,228.75
31/10/2023,11,Arcade Made,7.76,21,162.96
31/10/2023,12,Punk IPA,7.64,83,634.12
31/10/2023,13,Hazy Jane,8.05,44,354.2
31/10/2023,14,Shore Leave,8.95,60,537
31/10/2023,15,Simcoe Solo,9.31,92,856.52
31/10/2023,16,Lucky Break,7.69,21,161.49
01/11/2023,1,Black Heart,9.3,56,520.8
01/11/2023,2,Fools Gold,8.16,15,122.4
01/11/2023,3,Cold Beer B,8.37,88,736.56
01/11/2023,4,Lost Lager,9.1,93,846.3
01/11/2023,5,King Crush,8.71,97,844.87
01/11/2023,6,Wingman Tro,8.51,85,723.35
01/11/2023,7,Grind Stout,9.45,76,718.2
01/11/2023,8,Juice Shack,8.64,86,743.04
01/11/2023,9,Rocky Road,9.44,40,377.6
01/11/2023,10,Wingman,9.15,100,915
01/11/2023,11,Arcade Made,7.76,50,388
01/11/2023,12,Punk IPA,7.64,91,695.24
01/11/2023,13,Hazy Jane,8.05,37,297.85
01/11/2023,14,Shore Leave,8.95,82,733.9
01/11/2023,15,Simcoe Solo,9.31,70,651.7
01/11/2023,16,Lucky Break,7.69,36,276.84
02/11/2023,1,Black Heart,9.3,20,186
02/11/2023,2,Fools Gold,8.16,0,0
02/11/2023,3,Cold Beer B,8.37,30,251.1
02/11/2023,4,Lost Lager,9.1,94,855.4
02/11/2023,5,King Crush,8.71,100,871
02/11/2023,6,Wingman Tro,8.51,90,765.9
02/11/2023,7,Grind Stout,9.45,98,926.1
02/11/2023,8,Juice Shack,8.64,65,561.6
02/11/2023,9,Rocky Road,9.44,84,792.96
02/11/2023,10,Wingman,9.15,77,704.55
02/11/2023,11,Arcade Made,7.76,15,116.4
02/11/2023,12,Punk IPA,7.64,2,15.28
02/11/2023,13,Hazy Jane,8.05,77,619.85
02/11/2023,14,Shore Leave,8.95,41,366.95
02/11/2023,15,Simcoe Solo,9.31,57,530.67
02/11/2023,16,Lucky Break,7.69,22,169.18
03/11/2023,1,Black Heart,9.3,86,799.8
03/11/2023,2,Fools Gold,8.16,94,767.04
03/11/2023,3,Cold Beer B,8.37,36,301.32
03/11/2023,4,Lost Lager,9.1,13,118.3
03/11/2023,5,King Crush,8.71,16,139.36
03/11/2023,6,Wingman Tro,8.51,33,280.83
03/11/2023,7,Grind Stout,9.45,98,926.1
03/11/2023,8,Juice Shack,8.64,77,665.28
03/11/2023,9,Rocky Road,9.44,46,434.24
03/11/2023,10,Wingman,9.15,2,18.3
03/11/2023,11,Arcade Made,7.76,80,620.8
03/11/2023,12,Punk IPA,7.64,21,160.44
03/11/2023,13,Hazy Jane,8.05,30,241.5
03/11/2023,14,Shore Leave,8.95,97,868.15
03/11/2023,15,Simcoe Solo,9.31,86,800.66
03/11/2023,16,Lucky Break,7.69,6,46.14
04/11/2023,1,Black Heart,9.3,21,195.3
04/11/2023,2,Fools Gold,8.16,24,195.84
04/11/2023,3,Cold Beer B,8.37,61,510.57
04/11/2023,4,Lost Lager,9.1,17,154.7
04/11/2023,5,King Crush,8.71,17,148.07
04/11/2023,6,Wingman Tro,8.51,72,612.72
04/11/2023,7,Grind Stout,9.45,17,160.65
04/11/2023,8,Juice Shack,8.64,48,414.72
04/11/2023,9,Rocky Road,9.44,31,292.64
04/11/2023,10,Wingman,9.15,22,201.3
04/11/2023,11,Arcade Made,7.76,81,628.56
04/11/2023,12,Punk IPA,7.64,27,206.28
04/11/2023,13,Hazy Jane,8.05,90,724.5
04/11/2023,14,Shore Leave,8.95,92,823.4
04/11/2023,15,Simcoe Solo,9.31,80,744.8
04/11/2023,16,Lucky Break,7.69,33,253.77
05/11/2023,1,Black Heart,9.3,38,353.4
05/11/2023,2,Fools Gold,8.16,21,171.36
05/11/2023,3,Cold Beer B,8.37,58,485.46
05/11/2023,4,Lost Lager,9.1,88,800.8
05/11/2023,5,King Crush,8.71,76,661.96
05/11/2023,6,Wingman Tro,8.51,75,638.25
05/11/2023,7,Grind Stout,9.45,97,916.65
05/11/2023,8,Juice Shack,8.64,71,613.44
05/11/2023,9,Rocky Road,9.44,3,28.32
05/11/2023,10,Wingman,9.15,79,722.85
05/11/2023,11,Arcade Made,7.76,68,527.68
05/11/2023,12,Punk IPA,7.64,57,435.48
05/11/2023,13,Hazy Jane,8.05,15,120.75
05/11/2023,14,Shore Leave,8.95,31,277.45
05/11/2023,15,Simcoe Solo,9.31,75,698.25
05/11/2023,16,Lucky Break,7.69,72,553.68
06/11/2023,1,Black Heart,9.3,22,204.6
06/11/2023,2,Fools Gold,8.16,64,522.24
06/11/2023,3,Cold Beer B,8.37,95,795.15
06/11/2023,4,Lost Lager,9.1,71,646.1
06/11/2023,5,King Crush,8.71,52,452.92
06/11/2023,6,Wingman Tro,8.51,6,51.06
06/11/2023,7,Grind Stout,9.45,15,141.75
06/11/2023,8,Juice Shack,8.64,0,0
06/11/2023,9,Rocky Road,9.44,75,708
06/11/2023,10,Wingman,9.15,53,484.95
06/11/2023,11,Arcade Made,7.76,7,54.32
06/11/2023,12,Punk IPA,7.64,85,649.4
06/11/2023,13,Hazy Jane,8.05,39,313.95
06/11/2023,14,Shore Leave,8.95,49,438.55
06/11/2023,15,Simcoe Solo,9.31,4,37.24
06/11/2023,16,Lucky Break,7.69,66,507.54
07/11/2023,1,Black Heart,9.3,2,18.6
07/11/2023,2,Fools Gold,8.16,97,791.52
07/11/2023,3,Cold Beer B,8.37,32,267.84
07/11/2023,4,Lost Lager,9.1,56,509.6
07/11/2023,5,King Crush,8.71,82,714.22
07/11/2023,6,Wingman Tro,8.51,79,672.29
07/11/2023,7,Grind Stout,9.45,38,359.1
07/11/2023,8,Juice Shack,8.64,19,164.16
07/11/2023,9,Rocky Road,9.44,71,670.24
07/11/2023,10,Wingman,9.15,49,448.35
07/11/2023,11,Arcade Made,7.76,71,550.96
07/11/2023,12,Punk IPA,7.64,20,152.8
07/11/2023,13,Hazy Jane,8.05,40,322
07/11/2023,14,Shore Leave,8.95,5,44.75
07/11/2023,15,Simcoe Solo,9.31,34,316.54
07/11/2023,16,Lucky Break,7.69,31,238.39
08/11/2023,1,Black Heart,9.3,91,846.3
08/11/2023,2,Fools Gold,8.16,30,244.8
08/11/2023,3,Cold Beer B,8.37,1,8.37
08/11/2023,4,Lost Lager,9.1,55,500.5
08/11/2023,5,King Crush,8.71,14,121.94
08/11/2023,6,Wingman Tro,8.51,96,816.96
08/11/2023,7,Grind Stout,9.45,49,463.05
08/11/2023,8,Juice Shack,8.64,89,768.96
08/11/2023,9,Rocky Road,9.44,90,849.6
08/11/2023,10,Wingman,9.15,68,622.2
08/11/2023,11,Arcade Made,7.76,31,240.56
08/11/2023,12,Punk IPA,7.64,60,458.4
08/11/2023,13,Hazy Jane,8.05,42,338.1
08/11/2023,14,Shore Leave,8.95,11,98.45
08/11/2023,15,Simcoe Solo,9.31,13,121.03
08/11/2023,16,Lucky Break,7.69,89,684.41
09/11/2023,1,Black Heart,9.3,25,232.5
09/11/2023,2,Fools Gold,8.16,11,89.76
09/11/2023,3,Cold Beer B,8.37,42,351.54
09/11/2023,4,Lost Lager,9.1,69,627.9
09/11/2023,5,King Crush,8.71,37,322.27
09/11/2023,6,Wingman Tro,8.51,19,161.69
09/11/2023,7,Grind Stout,9.45,57,538.65
09/11/2023,8,Juice Shack,8.64,64,552.96
09/11/2023,9,Rocky Road,9.44,34,320.96
09/11/2023,10,Wingman,9.15,75,686.25
09/11/2023,11,Arcade Made,7.76,18,139.68
09/11/2023,12,Punk IPA,7.64,14,106.96
09/11/2023,13,Hazy Jane,8.05,15,120.75
09/11/2023,14,Shore Leave,8.95,16,143.2
09/11/2023,15,Simcoe Solo,9.31,31,288.61
09/11/2023,16,Lucky Break,7.69,24,184.56
10/11/2023,1,Black Heart,9.3,78,725.4
10/11/2023,2,Fools Gold,8.16,25,204
10/11/2023,3,Cold Beer B,8.37,68,569.16
10/11/2023,4,Lost Lager,9.1,16,145.6
10/11/2023,5,King Crush,8.71,22,191.62
10/11/2023,6,Wingman Tro,8.51,77,655.27
10/11/2023,7,Grind Stout,9.45,56,529.2
10/11/2023,8,Juice Shack,8.64,33,285.12
10/11/2023,9,Rocky Road,9.44,34,320.96
10/11/2023,10,Wingman,9.15,95,869.25
10/11/2023,11,Arcade Made,7.76,58,450.08
10/11/2023,12,Punk IPA,7.64,20,152.8
10/11/2023,13,Hazy Jane,8.05,13,104.65
10/11/2023,14,Shore Leave,8.95,16,143.2
10/11/2023,15,Simcoe Solo,9.31,42,391.02
10/11/2023,16,Lucky Break,7.69,24,184.56
11/11/2023,1,Black Heart,9.3,24,223.2
11/11/2023,2,Fools Gold,8.16,41,334.56
11/11/2023,3,Cold Beer B,8.37,97,811.89
11/11/2023,4,Lost Lager,9.1,4,36.4
11/11/2023,5,King Crush,8.71,8,69.68
11/11/2023,6,Wingman Tro,8.51,87,740.37
11/11/2023,7,Grind Stout,9.45,10,94.5
11/11/2023,8,Juice Shack,8.64,54,466.56
11/11/2023,9,Rocky Road,9.44,78,736.32
11/11/2023,10,Wingman,9.15,66,603.9
11/11/2023,11,Arcade Made,7.76,75,582
11/11/2023,12,Punk IPA,7.64,43,328.52
11/11/2023,13,Hazy Jane,8.05,3,24.15
11/11/2023,14,Shore Leave,8.95,98,877.1
11/11/2023,15,Simcoe Solo,9.31,23,214.13
11/11/2023,16,Lucky Break,7.69,87,669.03
12/11/2023,1,Black Heart,9.3,62,576.6
12/11/2023,2,Fools Gold,8.16,9,73.44
12/11/2023,3,Cold Beer B,8.37,60,502.2
12/11/2023,4,Lost Lager,9.1,26,236.6
12/11/2023,5,King Crush,8.71,90,783.9
12/11/2023,6,Wingman Tro,8.51,49,416.99
12/11/2023,7,Grind Stout,9.45,65,614.25
12/11/2023,8,Juice Shack,8.64,25,216
12/11/2023,9,Rocky Road,9.44,58,547.52
12/11/2023,10,Wingman,9.15,45,411.75
12/11/2023,11,Arcade Made,7.76,16,124.16
12/11/2023,12,Punk IPA,7.64,74,565.36
12/11/2023,13,Hazy Jane,8.05,70,563.5
12/11/2023,14,Shore Leave,8.95,85,760.75
12/11/2023,15,Simcoe Solo,9.31,9,83.79
12/11/2023,16,Lucky Break,7.69,35,269.15
13/11/2023,1,Black Heart,9.3,99,920.7
13/11/2023,2,Fools Gold,8.16,86,701.76
13/11/2023,3,Cold Beer B,8.37,25,209.25
13/11/2023,4,Lost Lager,9.1,29,263.9
13/11/2023,5,King Crush,8.71,48,418.08
13/11/2023,6,Wingman Tro,8.51,16,136.16
13/11/2023,7,Grind Stout,9.45,65,614.25
13/11/2023,8,Juice Shack,8.64,90,777.6
13/11/2023,9,Rocky Road,9.44,13,122.72
13/11/2023,10,Wingman,9.15,11,100.65
13/11/2023,11,Arcade Made,7.76,79,613.04
13/11/2023,12,Punk IPA,7.64,25,191
13/11/2023,13,Hazy Jane,8.05,89,716.45
13/11/2023,14,Shore Leave,8.95,51,456.45
13/11/2023,15,Simcoe Solo,9.31,60,558.6
13/11/2023,16,Lucky Break,7.69,2,15.38
14/11/2023,1,Black Heart,9.3,7,65.1
14/11/2023,2,Fools Gold,8.16,72,587.52
14/11/2023,3,Cold Beer B,8.37,98,820.26
14/11/2023,4,Lost Lager,9.1,47,427.7
14/11/2023,5,King Crush,8.71,63,548.73
14/11/2023,6,Wingman Tro,8.51,12,102.12
14/11/2023,7,Grind Stout,9.45,55,519.75
14/11/2023,8,Juice Shack,8.64,30,259.2
14/11/2023,9,Rocky Road,9.44,68,641.92
14/11/2023,10,Wingman,9.15,6,54.9
14/11/2023,11,Arcade Made,7.76,22,170.72
14/11/2023,12,Punk IPA,7.64,67,511.88
14/11/2023,13,Hazy Jane,8.05,82,660.1
14/11/2023,14,Shore Leave,8.95,65,581.75
14/11/2023,15,Simcoe Solo,9.31,98,912.38
14/11/2023,16,Lucky Break,7.69,76,584.44
15/11/2023,1,Black Heart,9.3,11,102.3
15/11/2023,2,Fools Gold,8.16,96,783.36
15/11/2023,3,Cold Beer B,8.37,89,744.93
15/11/2023,4,Lost Lager,9.1,0,0
15/11/2023,5,King Crush,8.71,67,583.57
15/11/2023,6,Wingman Tro,8.51,100,851
15/11/2023,7,Grind Stout,9.45,77,727.65
15/11/2023,8,Juice Shack,8.64,51,440.64
15/11/2023,9,Rocky Road,9.44,18,169.92
15/11/2023,10,Wingman,9.15,8,73.2
15/11/2023,11,Arcade Made,7.76,37,287.12
15/11/2023,12,Punk IPA,7.64,97,741.08
15/11/2023,13,Hazy Jane,8.05,65,523.25
15/11/2023,14,Shore Leave,8.95,16,143.2
15/11/2023,15,Simcoe Solo,9.31,83,772.73
15/11/2023,16,Lucky Break,7.69,67,515.23
16/11/2023,1,Black Heart,9.3,95,883.5
16/11/2023,2,Fools Gold,8.16,94,767.04
16/11/2023,3,Cold Beer B,8.37,87,728.19
16/11/2023,4,Lost Lager,9.1,12,109.2
16/11/2023,5,King Crush,8.71,40,348.4
16/11/2023,6,Wingman Tro,8.51,13,110.63
16/11/2023,7,Grind Stout,9.45,31,292.95
16/11/2023,8,Juice Shack,8.64,10,86.4
16/11/2023,9,Rocky Road,9.44,83,783.52
16/11/2023,10,Wingman,9.15,30,274.5
16/11/2023,11,Arcade Made,7.76,6,46.56
16/11/2023,12,Punk IPA,7.64,98,748.72
16/11/2023,13,Hazy Jane,8.05,29,233.45
16/11/2023,14,Shore Leave,8.95,91,814.45
16/11/2023,15,Simcoe Solo,9.31,23,214.13
16/11/2023,16,Lucky Break,7.69,82,630.58
17/11/2023,1,Black Heart,9.3,100,930
17/11/2023,2,Fools Gold,8.16,64,522.24
17/11/2023,3,Cold Beer B,8.37,46,385.02
17/11/2023,4,Lost Lager,9.1,27,245.7
17/11/2023,5,King Crush,8.71,26,226.46
17/11/2023,6,Wingman Tro,8.51,75,638.25
17/11/2023,7,Grind Stout,9.45,14,132.3
17/11/2023,8,Juice Shack,8.64,40,345.6
17/11/2023,9,Rocky Road,9.44,69,651.36
17/11/2023,10,Wingman,9.15,91,832.65
17/11/2023,11,Arcade Made,7.76,44,341.44
17/11/2023,12,Punk IPA,7.64,57,435.48
17/11/2023,13,Hazy Jane,8.05,90,724.5
17/11/2023,14,Shore Leave,8.95,58,519.1
17/11/2023,15,Simcoe Solo,9.31,30,279.3
17/11/2023,16,Lucky Break,7.69,8,61.52
18/11/2023,1,Black Heart,9.3,17,158.1
18/11/2023,2,Fools Gold,8.16,13,106.08
18/11/2023,3,Cold Beer B,8.37,10,83.7
18/11/2023,4,Lost Lager,9.1,20,182
18/11/2023,5,King Crush,8.71,90,783.9
18/11/2023,6,Wingman Tro,8.51,7,59.57
18/11/2023,7,Grind Stout,9.45,79,746.55
18/11/2023,8,Juice Shack,8.64,43,371.52
18/11/2023,9,Rocky Road,9.44,24,226.56
18/11/2023,10,Wingman,9.15,6,54.9
18/11/2023,11,Arcade Made,7.76,38,294.88
18/11/2023,12,Punk IPA,7.64,55,420.2
18/11/2023,13,Hazy Jane,8.05,81,652.05
18/11/2023,14,Shore Leave,8.95,70,626.5
18/11/2023,15,Simcoe Solo,9.31,67,623.77
18/11/2023,16,Lucky Break,7.69,22,169.18
19/11/2023,1,Black Heart,9.3,31,288.3
19/11/2023,2,Fools Gold,8.16,72,587.52
19/11/2023,3,Cold Beer B,8.37,18,150.66
19/11/2023,4,Lost Lager,9.1,88,800.8
19/11/2023,5,King Crush,8.71,43,374.53
19/11/2023,6,Wingman Tro,8.51,74,629.74
19/11/2023,7,Grind Stout,9.45,33,311.85
19/11/2023,8,Juice Shack,8.64,86,743.04
19/11/2023,9,Rocky Road,9.44,41,387.04
19/11/2023,10,Wingman,9.15,32,292.8
19/11/2023,11,Arcade Made,7.76,4,31.04
19/11/2023,12,Punk IPA,7.64,12,91.68
19/11/2023,13,Hazy Jane,8.05,14,112.7
19/11/2023,14,Shore Leave,8.95,17,152.15
19/11/2023,15,Simcoe Solo,9.31,20,186.2
19/11/2023,16,Lucky Break,7.69,87,669.03
20/11/2023,1,Black Heart,9.3,80,744
20/11/2023,2,Fools Gold,8.16,67,546.72
20/11/2023,3,Cold Beer B,8.37,34,284.58
20/11/2023,4,Lost Lager,9.1,98,891.8
20/11/2023,5,King Crush,8.71,0,0
20/11/2023,6,Wingman Tro,8.51,32,272.32
20/11/2023,7,Grind Stout,9.45,30,283.5
20/11/2023,8,Juice Shack,8.64,49,423.36
20/11/2023,9,Rocky Road,9.44,5,47.2
20/11/2023,10,Wingman,9.15,27,247.05
20/11/2023,11,Arcade Made,7.76,41,318.16
20/11/2023,12,Punk IPA,7.64,26,198.64
20/11/2023,13,Hazy Jane,8.05,17,136.85
20/11/2023,14,Shore Leave,8.95,98,877.1
20/11/2023,15,Simcoe Solo,9.31,63,586.53
20/11/2023,16,Lucky Break,7.69,78,599.82
21/11/2023,1,Black Heart,9.3,66,613.8
21/11/2023,2,Fools Gold,8.16,70,571.2
21/11/2023,3,Cold Beer B,8.37,36,301.32
21/11/2023,4,Lost Lager,9.1,74,673.4
21/11/2023,5,King Crush,8.71,32,278.72
21/11/2023,6,Wingman Tro,8.51,65,553.15
21/11/2023,7,Grind Stout,9.45,44,415.8
21/11/2023,8,Juice Shack,8.64,48,414.72
21/11/2023,9,Rocky Road,9.44,45,424.8
21/11/2023,10,Wingman,9.15,88,805.2
21/11/2023,11,Arcade Made,7.76,77,597.52
21/11/2023,12,Punk IPA,7.64,27,206.28
21/11/2023,13,Hazy Jane,8.05,46,370.3
21/11/2023,14,Shore Leave,8.95,78,698.1
21/11/2023,15,Simcoe Solo,9.31,87,809.97
21/11/2023,16,Lucky Break,7.69,54,415.26
22/11/2023,1,Black Heart,9.3,67,623.1
22/11/2023,2,Fools Gold,8.16,23,187.68
22/11/2023,3,Cold Beer B,8.37,50,418.5
22/11/2023,4,Lost Lager,9.1,48,436.8
22/11/2023,5,King Crush,8.71,85,740.35
22/11/2023,6,Wingman Tro,8.51,59,502.09
22/11/2023,7,Grind Stout,9.45,7,66.15
22/11/2023,8,Juice Shack,8.64,7,60.48
22/11/2023,9,Rocky Road,9.44,36,339.84
22/11/2023,10,Wingman,9.15,76,695.4
22/11/2023,11,Arcade Made,7.76,100,776
22/11/2023,12,Punk IPA,7.64,16,122.24
22/11/2023,13,Hazy Jane,8.05,25,201.25
22/11/2023,14,Shore Leave,8.95,28,250.6
22/11/2023,15,Simcoe Solo,9.31,8,74.48
22/11/2023,16,Lucky Break,7.69,69,530.61
23/11/2023,1,Black Heart,9.3,69,641.7
23/11/2023,2,Fools Gold,8.16,42,342.72
23/11/2023,3,Cold Beer B,8.37,80,669.6
23/11/2023,4,Lost Lager,9.1,12,109.2
23/11/2023,5,King Crush,8.71,85,740.35
23/11/2023,6,Wingman Tro,8.51,33,280.83
23/11/2023,7,Grind Stout,9.45,1,9.45
23/11/2023,8,Juice Shack,8.64,15,129.6
23/11/2023,9,Rocky Road,9.44,8,75.52
23/11/2023,10,Wingman,9.15,48,439.2
23/11/2023,11,Arcade Made,7.76,53,411.28
23/11/2023,12,Punk IPA,7.64,100,764
23/11/2023,13,Hazy Jane,8.05,100,805
23/11/2023,14,Shore Leave,8.95,74,662.3
23/11/2023,15,Simcoe Solo,9.31,55,512.05
23/11/2023,16,Lucky Break,7.69,88,676.72
24/11/2023,1,Black Heart,9.3,71,660.3
24/11/2023,2,Fools Gold,8.16,78,636.48
24/11/2023,3,Cold Beer B,8.37,7,58.59
24/11/2023,4,Lost Lager,9.1,13,118.3
24/11/2023,5,King Crush,8.71,30,261.3
24/11/2023,6,Wingman Tro,8.51,33,280.83
24/11/2023,7,Grind Stout,9.45,28,264.6
24/11/2023,8,Juice Shack,8.64,59,509.76
24/11/2023,9,Rocky Road,9.44,69,651.36
24/11/2023,10,Wingman,9.15,11,100.65
24/11/2023,11,Arcade Made,7.76,12,93.12
24/11/2023,12,Punk IPA,7.64,77,588.28
24/11/2023,13,Hazy Jane,8.05,88,708.4
24/11/2023,14,Shore Leave,8.95,48,429.6
24/11/2023,15,Simcoe Solo,9.31,25,232.75
24/11/2023,16,Lucky Break,7.69,26,199.94
25/11/2023,1,Black Heart,9.3,48,446.4
25/11/2023,2,Fools Gold,8.16,64,522.24
25/11/2023,3,Cold Beer B,8.37,53,443.61
25/11/2023,4,Lost Lager,9.1,24,218.4
25/11/2023,5,King Crush,8.71,75,653.25
25/11/2023,6,Wingman Tro,8.51,53,451.03
25/11/2023,7,Grind Stout,9.45,18,170.1
25/11/2023,8,Juice Shack,8.64,88,760.32
25/11/2023,9,Rocky Road,9.44,17,160.48
25/11/2023,10,Wingman,9.15,7,64.05
25/11/2023,11,Arcade Made,7.76,9,69.84
25/11/2023,12,Punk IPA,7.64,78,595.92
25/11/2023,13,Hazy Jane,8.05,100,805
25/11/2023,14,Shore Leave,8.95,38,340.1
25/11/2023,15,Simcoe Solo,9.31,36,335.16
25/11/2023,16,Lucky Break,7.69,19,146.11
26/11/2023,1,Black Heart,9.3,27,251.1
26/11/2023,2,Fools Gold,8.16,83,677.28
26/11/2023,3,Cold Beer B,8.37,91,761.67
26/11/2023,4,Lost Lager,9.1,12,109.2
26/11/2023,5,King Crush,8.71,40,348.4
26/11/2023,6,Wingman Tro,8.51,36,306.36
26/11/2023,7,Grind Stout,9.45,75,708.75
26/11/2023,8,Juice Shack,8.64,56,483.84
26/11/2023,9,Rocky Road,9.44,31,292.64
26/11/2023,10,Wingman,9.15,16,146.4
26/11/2023,11,Arcade Made,7.76,36,279.36
26/11/2023,12,Punk IPA,7.64,21,160.44
26/11/2023,13,Hazy Jane,8.05,88,708.4
26/11/2023,14,Shore Leave,8.95,4,35.8
26/11/2023,15,Simcoe Solo,9.31,62,577.22
26/11/2023,16,Lucky Break,7.69,40,307.6
27/11/2023,1,Black Heart,9.3,60,558
27/11/2023,2,Fools Gold,8.16,47,383.52
27/11/2023,3,Cold Beer B,8.37,31,259.47
27/11/2023,4,Lost Lager,9.1,57,518.7
27/11/2023,5,King Crush,8.71,90,783.9
27/11/2023,6,Wingman Tro,8.51,70,595.7
27/11/2023,7,Grind Stout,9.45,58,548.1
27/11/2023,8,Juice Shack,8.64,68,587.52
27/11/2023,9,Rocky Road,9.44,32,302.08
27/11/2023,10,Wingman,9.15,99,905.85
27/11/2023,11,Arcade Made,7.76,10,77.6
27/11/2023,12,Punk IPA,7.64,19,145.16
27/11/2023,13,Hazy Jane,8.05,74,595.7
27/11/2023,14,Shore Leave,8.95,2,17.9
27/11/2023,15,Simcoe Solo,9.31,74,688.94
27/11/2023,16,Lucky Break,7.69,42,322.98
28/11/2023,1,Black Heart,9.3,36,334.8
28/11/2023,2,Fools Gold,8.16,65,530.4
28/11/2023,3,Cold Beer B,8.37,16,133.92
28/11/2023,4,Lost Lager,9.1,11,100.1
28/11/2023,5,King Crush,8.71,35,304.85
28/11/2023,6,Wingman Tro,8.51,27,229.77
28/11/2023,7,Grind Stout,9.45,30,283.5
28/11/2023,8,Juice Shack,8.64,71,613.44
28/11/2023,9,Rocky Road,9.44,32,302.08
28/11/2023,10,Wingman,9.15,4,36.6
28/11/2023,11,Arcade Made,7.76,60,465.6
28/11/2023,12,Punk IPA,7.64,61,466.04
28/11/2023,13,Hazy Jane,8.05,58,466.9
28/11/2023,14,Shore Leave,8.95,47,420.65
28/11/2023,15,Simcoe Solo,9.31,11,102.41
28/11/2023,16,Lucky Break,7.69,40,307.6
29/11/2023,1,Black Heart,9.3,24,223.2
29/11/2023,2,Fools Gold,8.16,25,204
29/11/2023,3,Cold Beer B,8.37,85,711.45
29/11/2023,4,Lost Lager,9.1,53,482.3
29/11/2023,5,King Crush,8.71,93,810.03
29/11/2023,6,Wingman Tro,8.51,35,297.85
29/11/2023,7,Grind Stout,9.45,30,283.5
29/11/2023,8,Juice Shack,8.64,36,311.04
29/11/2023,9,Rocky Road,9.44,28,264.32
29/11/2023,10,Wingman,9.15,28,256.2
29/11/2023,11,Arcade Made,7.76,39,302.64
29/11/2023,12,Punk IPA,7.64,54,412.56
29/11/2023,13,Hazy Jane,8.05,12,96.6
29/11/2023,14,Shore Leave,8.95,68,608.6
29/11/2023,15,Simcoe Solo,9.31,57,530.67
29/11/2023,16,Lucky Break,7.69,52,399.88
30/11/2023,1,Black Heart,9.3,60,558
30/11/2023,2,Fools Gold,8.16,21,171.36
30/11/2023,3,Cold Beer B,8.37,91,761.67
30/11/2023,4,Lost Lager,9.1,29,263.9
30/11/2023,5,King Crush,8.71,74,644.54
30/11/2023,6,Wingman Tro,8.51,24,204.24
30/11/2023,7,Grind Stout,9.45,44,415.8
30/11/2023,8,Juice Shack,8.64,81,699.84
30/11/2023,9,Rocky Road,9.44,50,472
30/11/2023,10,Wingman,9.15,4,36.6
30/11/2023,11,Arcade Made,7.76,49,380.24
30/11/2023,12,Punk IPA,7.64,18,137.52
30/11/2023,13,Hazy Jane,8.05,6,48.3
30/11/2023,14,Shore Leave,8.95,13,116.35
30/11/2023,15,Simcoe Solo,9.31,82,763.42
30/11/2023,16,Lucky Break,7.69,73,561.37
01/12/2023,1,Black Heart,9.3,18,167.4
01/12/2023,2,Fools Gold,8.16,99,807.84
01/12/2023,3,Cold Beer B,8.37,30,251.1
01/12/2023,4,Lost Lager,9.1,19,172.9
01/12/2023,5,King Crush,8.71,83,722.93
01/12/2023,6,Wingman Tro,8.51,72,612.72
01/12/2023,7,Grind Stout,9.45,33,311.85
01/12/2023,8,Juice Shack,8.64,18,155.52
01/12/2023,9,Rocky Road,9.44,58,547.52
01/12/2023,10,Wingman,9.15,89,814.35
01/12/2023,11,Arcade Made,7.76,98,760.48
01/12/2023,12,Punk IPA,7.64,50,382
01/12/2023,13,Hazy Jane,8.05,34,273.7
01/12/2023,14,Shore Leave,8.95,19,170.05
01/12/2023,15,Simcoe Solo,9.31,37,344.47
01/12/2023,16,Lucky Break,7.69,64,492.16
02/12/2023,1,Black Heart,9.3,70,651
02/12/2023,2,Fools Gold,8.16,99,807.84
02/12/2023,3,Cold Beer B,8.37,68,569.16
02/12/2023,4,Lost Lager,9.1,94,855.4
02/12/2023,5,King Crush,8.71,53,461.63
02/12/2023,6,Wingman Tro,8.51,26,221.26
02/12/2023,7,Grind Stout,9.45,23,217.35
02/12/2023,8,Juice Shack,8.64,86,743.04
02/12/2023,9,Rocky Road,9.44,62,585.28
02/12/2023,10,Wingman,9.15,55,503.25
02/12/2023,11,Arcade Made,7.76,62,481.12
02/12/2023,12,Punk IPA,7.64,4,30.56
02/12/2023,13,Hazy Jane,8.05,34,273.7
02/12/2023,14,Shore Leave,8.95,23,205.85
02/12/2023,15,Simcoe Solo,9.31,62,577.22
02/12/2023,16,Lucky Break,7.69,14,107.66
03/12/2023,1,Black Heart,9.3,7,65.1
03/12/2023,2,Fools Gold,8.16,51,416.16
03/12/2023,3,Cold Beer B,8.37,17,142.29
03/12/2023,4,Lost Lager,9.1,51,464.1
03/12/2023,5,King Crush,8.71,97,844.87
03/12/2023,6,Wingman Tro,8.51,49,416.99
03/12/2023,7,Grind Stout,9.45,32,302.4
03/12/2023,8,Juice Shack,8.64,80,691.2
03/12/2023,9,Rocky Road,9.44,70,660.8
03/12/2023,10,Wingman,9.15,5,45.75
03/12/2023,11,Arcade Made,7.76,43,333.68
03/12/2023,12,Punk IPA,7.64,4,30.56
03/12/2023,13,Hazy Jane,8.05,16,128.8
03/12/2023,14,Shore Leave,8.95,36,322.2
03/12/2023,15,Simcoe Solo,9.31,35,325.85
03/12/2023,16,Lucky Break,7.69,95,730.55
04/12/2023,1,Black Heart,9.3,11,102.3
04/12/2023,2,Fools Gold,8.16,16,130.56
04/12/2023,3,Cold Beer B,8.37,31,259.47
04/12/2023,4,Lost Lager,9.1,82,746.2
04/12/2023,5,King Crush,8.71,100,871
04/12/2023,6,Wingman Tro,8.51,87,740.37
04/12/2023,7,Grind Stout,9.45,68,642.6
04/12/2023,8,Juice Shack,8.64,55,475.2
04/12/2023,9,Rocky Road,9.44,86,811.84
04/12/2023,10,Wingman,9.15,36,329.4
04/12/2023,11,Arcade Made,7.76,50,388
04/12/2023,12,Punk IPA,7.64,52,397.28
04/12/2023,13,Hazy Jane,8.05,100,805
04/12/2023,14,Shore Leave,8.95,53,474.35
04/12/2023,15,Simcoe Solo,9.31,85,791.35
04/12/2023,16,Lucky Break,7.69,61,469.09
05/12/2023,1,Black Heart,9.3,58,539.4
05/12/2023,2,Fools Gold,8.16,86,701.76
05/12/2023,3,Cold Beer B,8.37,80,669.6
05/12/2023,4,Lost Lager,9.1,27,245.7
05/12/2023,5,King Crush,8.71,78,679.38
05/12/2023,6,Wingman Tro,8.51,34,289.34
05/12/2023,7,Grind Stout,9.45,69,652.05
05/12/2023,8,Juice Shack,8.64,99,855.36
05/12/2023,9,Rocky Road,9.44,85,802.4
05/12/2023,10,Wingman,9.15,36,329.4
05/12/2023,11,Arcade Made,7.76,49,380.24
05/12/2023,12,Punk IPA,7.64,18,137.52
05/12/2023,13,Hazy Jane,8.05,28,225.4
05/12/2023,14,Shore Leave,8.95,45,402.75
05/12/2023,15,Simcoe Solo,9.31,90,837.9
05/12/2023,16,Lucky Break,7.69,23,176.87
06/12/2023,1,Black Heart,9.3,23,213.9
06/12/2023,2,Fools Gold,8.16,31,252.96
06/12/2023,3,Cold Beer B,8.37,20,167.4
06/12/2023,4,Lost Lager,9.1,71,646.1
06/12/2023,5,King Crush,8.71,52,452.92
06/12/2023,6,Wingman Tro,8.51,18,153.18
06/12/2023,7,Grind Stout,9.45,85,803.25
06/12/2023,8,Juice Shack,8.64,85,734.4
06/12/2023,9,Rocky Road,9.44,11,103.84
06/12/2023,10,Wingman,9.15,23,210.45
06/12/2023,11,Arcade Made,7.76,40,310.4
06/12/2023,12,Punk IPA,7.64,37,282.68
06/12/2023,13,Hazy Jane,8.05,41,330.05
06/12/2023,14,Shore Leave,8.95,39,349.05
06/12/2023,15,Simcoe Solo,9.31,60,558.6
06/12/2023,16,Lucky Break,7.69,55,422.95
07/12/2023,1,Black Heart,9.3,51,474.3
07/12/2023,2,Fools Gold,8.16,46,375.36
07/12/2023,3,Cold Beer B,8.37,16,133.92
07/12/2023,4,Lost Lager,9.1,64,582.4
07/12/2023,5,King Crush,8.71,25,217.75
07/12/2023,6,Wingman Tro,8.51,47,399.97
07/12/2023,7,Grind Stout,9.45,83,784.35
07/12/2023,8,Juice Shack,8.64,13,112.32
07/12/2023,9,Rocky Road,9.44,3,28.32
07/12/2023,10,Wingman,9.15,84,768.6
07/12/2023,11,Arcade Made,7.76,90,698.4
07/12/2023,12,Punk IPA,7.64,95,725.8
07/12/2023,13,Hazy Jane,8.05,33,265.65
07/12/2023,14,Shore Leave,8.95,55,492.25
07/12/2023,15,Simcoe Solo,9.31,75,698.25
07/12/2023,16,Lucky Break,7.69,97,745.93
08/12/2023,1,Black Heart,9.3,83,771.9
08/12/2023,2,Fools Gold,8.16,80,652.8
08/12/2023,3,Cold Beer B,8.37,73,611.01
08/12/2023,4,Lost Lager,9.1,5,45.5
08/12/2023,5,King Crush,8.71,12,104.52
08/12/2023,6,Wingman Tro,8.51,4,34.04
08/12/2023,7,Grind Stout,9.45,85,803.25
08/12/2023,8,Juice Shack,8.64,66,570.24
08/12/2023,9,Rocky Road,9.44,70,660.8
08/12/2023,10,Wingman,9.15,94,860.1
08/12/2023,11,Arcade Made,7.76,82,636.32
08/12/2023,12,Punk IPA,7.64,14,106.96
08/12/2023,13,Hazy Jane,8.05,49,394.45
08/12/2023,14,Shore Leave,8.95,77,689.15
08/12/2023,15,Simcoe Solo,9.31,62,577.22
08/12/2023,16,Lucky Break,7.69,86,661.34
09/12/2023,1,Black Heart,9.3,73,678.9
09/12/2023,2,Fools Gold,8.16,11,89.76
09/12/2023,3,Cold Beer B,8.37,7,58.59
09/12/2023,4,Lost Lager,9.1,59,536.9
09/12/2023,5,King Crush,8.71,100,871
09/12/2023,6,Wingman Tro,8.51,51,434.01
09/12/2023,7,Grind Stout,9.45,74,699.3
09/12/2023,8,Juice Shack,8.64,25,216
09/12/2023,9,Rocky Road,9.44,57,538.08
09/12/2023,10,Wingman,9.15,40,366
09/12/2023,11,Arcade Made,7.76,35,271.6
09/12/2023,12,Punk IPA,7.64,16,122.24
09/12/2023,13,Hazy Jane,8.05,95,764.75
09/12/2023,14,Shore Leave,8.95,50,447.5
09/12/2023,15,Simcoe Solo,9.31,62,577.22
09/12/2023,16,Lucky Break,7.69,7,53.83
10/12/2023,1,Black Heart,9.3,21,195.3
10/12/2023,2,Fools Gold,8.16,29,236.64
10/12/2023,3,Cold Beer B,8.37,100,837
10/12/2023,4,Lost Lager,9.1,41,373.1
10/12/2023,5,King Crush,8.71,91,792.61
10/12/2023,6,Wingman Tro,8.51,74,629.74
10/12/2023,7,Grind Stout,9.45,30,283.5
10/12/2023,8,Juice Shack,8.64,81,699.84
10/12/2023,9,Rocky Road,9.44,81,764.64
10/12/2023,10,Wingman,9.15,36,329.4
10/12/2023,11,Arcade Made,7.76,0,0
10/12/2023,12,Punk IPA,7.64,52,397.28
10/12/2023,13,Hazy Jane,8.05,55,442.75
10/12/2023,14,Shore Leave,8.95,45,402.75
10/12/2023,15,Simcoe Solo,9.31,89,828.59
10/12/2023,16,Lucky Break,7.69,86,661.34
11/12/2023,1,Black Heart,9.3,68,632.4
11/12/2023,2,Fools Gold,8.16,16,130.56
11/12/2023,3,Cold Beer B,8.37,5,41.85
11/12/2023,4,Lost Lager,9.1,24,218.4
11/12/2023,5,King Crush,8.71,94,818.74
11/12/2023,6,Wingman Tro,8.51,25,212.75
11/12/2023,7,Grind Stout,9.45,4,37.8
11/12/2023,8,Juice Shack,8.64,35,302.4
11/12/2023,9,Rocky Road,9.44,95,896.8
11/12/2023,10,Wingman,9.15,26,237.9
11/12/2023,11,Arcade Made,7.76,65,504.4
11/12/2023,12,Punk IPA,7.64,75,573
11/12/2023,13,Hazy Jane,8.05,67,539.35
11/12/2023,14,Shore Leave,8.95,71,635.45
11/12/2023,15,Simcoe Solo,9.31,21,195.51
11/12/2023,16,Lucky Break,7.69,63,484.47
12/12/2023,1,Black Heart,9.3,17,158.1
12/12/2023,2,Fools Gold,8.16,56,456.96
12/12/2023,3,Cold Beer B,8.37,71,594.27
12/12/2023,4,Lost Lager,9.1,34,309.4
12/12/2023,5,King Crush,8.71,10,87.1
12/12/2023,6,Wingman Tro,8.51,42,357.42
12/12/2023,7,Grind Stout,9.45,17,160.65
12/12/2023,8,Juice Shack,8.64,52,449.28
12/12/2023,9,Rocky Road,9.44,68,641.92
12/12/2023,10,Wingman,9.15,54,494.1
12/12/2023,11,Arcade Made,7.76,74,574.24
12/12/2023,12,Punk IPA,7.64,16,122.24
12/12/2023,13,Hazy Jane,8.05,43,346.15
12/12/2023,14,Shore Leave,8.95,83,742.85
12/12/2023,15,Simcoe Solo,9.31,79,735.49
12/12/2023,16,Lucky Break,7.69,25,192.25
13/12/2023,1,Black Heart,9.3,53,492.9
13/12/2023,2,Fools Gold,8.16,12,97.92
13/12/2023,3,Cold Beer B,8.37,60,502.2
13/12/2023,4,Lost Lager,9.1,26,236.6
13/12/2023,5,King Crush,8.71,80,696.8
13/12/2023,6,Wingman Tro,8.51,4,34.04
13/12/2023,7,Grind Stout,9.45,76,718.2
13/12/2023,8,Juice Shack,8.64,67,578.88
13/12/2023,9,Rocky Road,9.44,39,368.16
13/12/2023,10,Wingman,9.15,92,841.8
13/12/2023,11,Arcade Made,7.76,96,744.96
13/12/2023,12,Punk IPA,7.64,94,718.16
13/12/2023,13,Hazy Jane,8.05,39,313.95
13/12/2023,14,Shore Leave,8.95,41,366.95
13/12/2023,15,Simcoe Solo,9.31,73,679.63
13/12/2023,16,Lucky Break,7.69,74,569.06
14/12/2023,1,Black Heart,9.3,68,632.4
14/12/2023,2,Fools Gold,8.16,3,24.48
14/12/2023,3,Cold Beer B,8.37,16,133.92
14/12/2023,4,Lost Lager,9.1,29,263.9
14/12/2023,5,King Crush,8.71,93,810.03
14/12/2023,6,Wingman Tro,8.51,70,595.7
14/12/2023,7,Grind Stout,9.45,49,463.05
14/12/2023,8,Juice Shack,8.64,31,267.84
14/12/2023,9,Rocky Road,9.44,78,736.32
14/12/2023,10,Wingman,9.15,45,411.75
14/12/2023,11,Arcade Made,7.76,73,566.48
14/12/2023,12,Punk IPA,7.64,74,565.36
14/12/2023,13,Hazy Jane,8.05,51,410.55
14/12/2023,14,Shore Leave,8.95,38,340.1
14/12/2023,15,Simcoe Solo,9.31,14,130.34
14/12/2023,16,Lucky Break,7.69,66,507.54
15/12/2023,1,Black Heart,9.3,52,483.6
15/12/2023,2,Fools Gold,8.16,83,677.28
15/12/2023,3,Cold Beer B,8.37,81,677.97
15/12/2023,4,Lost Lager,9.1,31,282.1
15/12/2023,5,King Crush,8.71,26,226.46
15/12/2023,6,Wingman Tro,8.51,64,544.64
15/12/2023,7,Grind Stout,9.45,49,463.05
15/12/2023,8,Juice Shack,8.64,73,630.72
15/12/2023,9,Rocky Road,9.44,73,689.12
15/12/2023,10,Wingman,9.15,27,247.05
15/12/2023,11,Arcade Made,7.76,41,318.16
15/12/2023,12,Punk IPA,7.64,86,657.04
15/12/2023,13,Hazy Jane,8.05,9,72.45
15/12/2023,14,Shore Leave,8.95,81,724.95
15/12/2023,15,Simcoe Solo,9.31,99,921.69
15/12/2023,16,Lucky Break,7.69,8,61.52
16/12/2023,1,Black Heart,9.3,0,0
16/12/2023,2,Fools Gold,8.16,6,48.96
16/12/2023,3,Cold Beer B,8.37,88,736.56
16/12/2023,4,Lost Lager,9.1,50,455
16/12/2023,5,King Crush,8.71,47,409.37
16/12/2023,6,Wingman Tro,8.51,86,731.86
16/12/2023,7,Grind Stout,9.45,1,9.45
16/12/2023,8,Juice Shack,8.64,81,699.84
16/12/2023,9,Rocky Road,9.44,34,320.96
16/12/2023,10,Wingman,9.15,68,622.2
16/12/2023,11,Arcade Made,7.76,85,659.6
16/12/2023,12,Punk IPA,7.64,18,137.52
16/12/2023,13,Hazy Jane,8.05,90,724.5
16/12/2023,14,Shore Leave,8.95,95,850.25
16/12/2023,15,Simcoe Solo,9.31,10,93.1
16/12/2023,16,Lucky Break,7.69,21,161.49
17/12/2023,1,Black Heart,9.3,60,558
17/12/2023,2,Fools Gold,8.16,80,652.8
17/12/2023,3,Cold Beer B,8.37,27,225.99
17/12/2023,4,Lost Lager,9.1,15,136.5
17/12/2023,5,King Crush,8.71,33,287.43
17/12/2023,6,Wingman Tro,8.51,28,238.28
17/12/2023,7,Grind Stout,9.45,9,85.05
17/12/2023,8,Juice Shack,8.64,6,51.84
17/12/2023,9,Rocky Road,9.44,60,566.4
17/12/2023,10,Wingman,9.15,42,384.3
17/12/2023,11,Arcade Made,7.76,15,116.4
17/12/2023,12,Punk IPA,7.64,12,91.68
17/12/2023,13,Hazy Jane,8.05,24,193.2
17/12/2023,14,Shore Leave,8.95,35,313.25
17/12/2023,15,Simcoe Solo,9.31,55,512.05
17/12/2023,16,Lucky Break,7.69,39,299.91
18/12/2023,1,Black Heart,9.3,97,902.1
18/12/2023,2,Fools Gold,8.16,66,538.56
18/12/2023,3,Cold Beer B,8.37,28,234.36
18/12/2023,4,Lost Lager,9.1,52,473.2
18/12/2023,5,King Crush,8.71,39,339.69
18/12/2023,6,Wingman Tro,8.51,42,357.42
18/12/2023,7,Grind Stout,9.45,95,897.75
18/12/2023,8,Juice Shack,8.64,81,699.84
18/12/2023,9,Rocky Road,9.44,28,264.32
18/12/2023,10,Wingman,9.15,8,73.2
18/12/2023,11,Arcade Made,7.76,99,768.24
18/12/2023,12,Punk IPA,7.64,74,565.36
18/12/2023,13,Hazy Jane,8.05,82,660.1
18/12/2023,14,Shore Leave,8.95,72,644.4
18/12/2023,15,Simcoe Solo,9.31,56,521.36
18/12/2023,16,Lucky Break,7.69,83,638.27
19/12/2023,1,Black Heart,9.3,19,176.7
19/12/2023,2,Fools Gold,8.16,84,685.44
19/12/2023,3,Cold Beer B,8.37,19,159.03
19/12/2023,4,Lost Lager,9.1,87,791.7
19/12/2023,5,King Crush,8.71,57,496.47
19/12/2023,6,Wingman Tro,8.51,9,76.59
19/12/2023,7,Grind Stout,9.45,96,907.2
19/12/2023,8,Juice Shack,8.64,49,423.36
19/12/2023,9,Rocky Road,9.44,29,273.76
19/12/2023,10,Wingman,9.15,0,0
19/12/2023,11,Arcade Made,7.76,16,124.16
19/12/2023,12,Punk IPA,7.64,98,748.72
19/12/2023,13,Hazy Jane,8.05,66,531.3
19/12/2023,14,Shore Leave,8.95,41,366.95
19/12/2023,15,Simcoe Solo,9.31,58,539.98
19/12/2023,16,Lucky Break,7.69,56,430.64
20/12/2023,1,Black Heart,9.3,88,818.4
20/12/2023,2,Fools Gold,8.16,94,767.04
20/12/2023,3,Cold Beer B,8.37,51,426.87
20/12/2023,4,Lost Lager,9.1,49,445.9
20/12/2023,5,King Crush,8.71,0,0
20/12/2023,6,Wingman Tro,8.51,50,425.5
20/12/2023,7,Grind Stout,9.45,67,633.15
20/12/2023,8,Juice Shack,8.64,74,639.36
20/12/2023,9,Rocky Road,9.44,8,75.52
20/12/2023,10,Wingman,9.15,92,841.8
20/12/2023,11,Arcade Made,7.76,42,325.92
20/12/2023,12,Punk IPA,7.64,87,664.68
20/12/2023,13,Hazy Jane,8.05,5,40.25
20/12/2023,14,Shore Leave,8.95,57,510.15
20/12/2023,15,Simcoe Solo,9.31,2,18.62
20/12/2023,16,Lucky Break,7.69,94,722.86
21/12/2023,1,Black Heart,9.3,67,623.1
21/12/2023,2,Fools Gold,8.16,59,481.44
21/12/2023,3,Cold Beer B,8.37,9,75.33
21/12/2023,4,Lost Lager,9.1,44,400.4
21/12/2023,5,King Crush,8.71,17,148.07
21/12/2023,6,Wingman Tro,8.51,57,485.07
21/12/2023,7,Grind Stout,9.45,44,415.8
21/12/2023,8,Juice Shack,8.64,56,483.84
21/12/2023,9,Rocky Road,9.44,21,198.24
21/12/2023,10,Wingman,9.15,21,192.15
21/12/2023,11,Arcade Made,7.76,18,139.68
21/12/2023,12,Punk IPA,7.64,65,496.6
21/12/2023,13,Hazy Jane,8.05,93,748.65
21/12/2023,14,Shore Leave,8.95,90,805.5
21/12/2023,15,Simcoe Solo,9.31,51,474.81
21/12/2023,16,Lucky Break,7.69,27,207.63
22/12/2023,1,Black Heart,9.3,36,334.8
22/12/2023,2,Fools Gold,8.16,92,750.72
22/12/2023,3,Cold Beer B,8.37,92,770.04
22/12/2023,4,Lost Lager,9.1,81,737.1
22/12/2023,5,King Crush,8.71,95,827.45
22/12/2023,6,Wingman Tro,8.51,76,646.76
22/12/2023,7,Grind Stout,9.45,6,56.7
22/12/2023,8,Juice Shack,8.64,94,812.16
22/12/2023,9,Rocky Road,9.44,24,226.56
22/12/2023,10,Wingman,9.15,2,18.3
22/12/2023,11,Arcade Made,7.76,90,698.4
22/12/2023,12,Punk IPA,7.64,3,22.92
22/12/2023,13,Hazy Jane,8.05,53,426.65
22/12/2023,14,Shore Leave,8.95,21,187.95
22/12/2023,15,Simcoe Solo,9.31,72,670.32
22/12/2023,16,Lucky Break,7.69,81,622.89
23/12/2023,1,Black Heart,9.3,61,567.3
23/12/2023,2,Fools Gold,8.16,72,587.52
23/12/2023,3,Cold Beer B,8.37,64,535.68
23/12/2023,4,Lost Lager,9.1,21,191.1
23/12/2023,5,King Crush,8.71,99,862.29
23/12/2023,6,Wingman Tro,8.51,18,153.18
23/12/2023,7,Grind Stout,9.45,23,217.35
23/12/2023,8,Juice Shack,8.64,83,717.12
23/12/2023,9,Rocky Road,9.44,66,623.04
23/12/2023,10,Wingman,9.15,8,73.2
23/12/2023,11,Arcade Made,7.76,96,744.96
23/12/2023,12,Punk IPA,7.64,9,68.76
23/12/2023,13,Hazy Jane,8.05,92,740.6
23/12/2023,14,Shore Leave,8.95,71,635.45
23/12/2023,15,Simcoe Solo,9.31,80,744.8
23/12/2023,16,Lucky Break,7.69,84,645.96
24/12/2023,1,Black Heart,9.3,76,706.8
24/12/2023,2,Fools Gold,8.16,42,342.72
24/12/2023,3,Cold Beer B,8.37,40,334.8
24/12/2023,4,Lost Lager,9.1,82,746.2
24/12/2023,5,King Crush,8.71,34,296.14
24/12/2023,6,Wingman Tro,8.51,66,561.66
24/12/2023,7,Grind Stout,9.45,18,170.1
24/12/2023,8,Juice Shack,8.64,61,527.04
24/12/2023,9,Rocky Road,9.44,30,283.2
24/12/2023,10,Wingman,9.15,15,137.25
24/12/2023,11,Arcade Made,7.76,18,139.68
24/12/2023,12,Punk IPA,7.64,6,45.84
24/12/2023,13,Hazy Jane,8.05,45,362.25
24/12/2023,14,Shore Leave,8.95,68,608.6
24/12/2023,15,Simcoe Solo,9.31,10,93.1
24/12/2023,16,Lucky Break,7.69,49,376.81
25/12/2023,1,Black Heart,9.3,92,855.6
25/12/2023,2,Fools Gold,8.16,17,138.72
25/12/2023,3,Cold Beer B,8.37,70,585.9
25/12/2023,4,Lost Lager,9.1,82,746.2
25/12/2023,5,King Crush,8.71,17,148.07
25/12/2023,6,Wingman Tro,8.51,46,391.46
25/12/2023,7,Grind Stout,9.45,75,708.75
25/12/2023,8,Juice Shack,8.64,12,103.68
25/12/2023,9,Rocky Road,9.44,35,330.4
25/12/2023,10,Wingman,9.15,2,18.3
25/12/2023,11,Arcade Made,7.76,53,411.28
25/12/2023,12,Punk IPA,7.64,3,22.92
25/12/2023,13,Hazy Jane,8.05,27,217.35
25/12/2023,14,Shore Leave,8.95,1,8.95
25/12/2023,15,Simcoe Solo,9.31,100,931
25/12/2023,16,Lucky Break,7.69,95,730.55
26/12/2023,1,Black Heart,9.3,85,790.5
26/12/2023,2,Fools Gold,8.16,76,620.16
26/12/2023,3,Cold Beer B,8.37,37,309.69
26/12/2023,4,Lost Lager,9.1,87,791.7
26/12/2023,5,King Crush,8.71,41,357.11
26/12/2023,6,Wingman Tro,8.51,37,314.87
26/12/2023,7,Grind Stout,9.45,21,198.45
26/12/2023,8,Juice Shack,8.64,25,216
26/12/2023,9,Rocky Road,9.44,69,651.36
26/12/2023,10,Wingman,9.15,47,430.05
26/12/2023,11,Arcade Made,7.76,41,318.16
26/12/2023,12,Punk IPA,7.64,3,22.92
26/12/2023,13,Hazy Jane,8.05,87,700.35
26/12/2023,14,Shore Leave,8.95,5,44.75
26/12/2023,15,Simcoe Solo,9.31,31,288.61
26/12/2023,16,Lucky Break,7.69,98,753.62
27/12/2023,1,Black Heart,9.3,2,18.6
27/12/2023,2,Fools Gold,8.16,55,448.8
27/12/2023,3,Cold Beer B,8.37,25,209.25
27/12/2023,4,Lost Lager,9.1,3,27.3
27/12/2023,5,King Crush,8.71,24,209.04
27/12/2023,6,Wingman Tro,8.51,75,638.25
27/12/2023,7,Grind Stout,9.45,74,699.3
27/12/2023,8,Juice Shack,8.64,97,838.08
27/12/2023,9,Rocky Road,9.44,100,944
27/12/2023,10,Wingman,9.15,82,750.3
27/12/2023,11,Arcade Made,7.76,100,776
27/12/2023,12,Punk IPA,7.64,13,99.32
27/12/2023,13,Hazy Jane,8.05,36,289.8
27/12/2023,14,Shore Leave,8.95,68,608.6
27/12/2023,15,Simcoe Solo,9.31,87,809.97
27/12/2023,16,Lucky Break,7.69,57,438.33
28/12/2023,1,Black Heart,9.3,28,260.4
28/12/2023,2,Fools Gold,8.16,79,644.64
28/12/2023,3,Cold Beer B,8.37,82,686.34
28/12/2023,4,Lost Lager,9.1,94,855.4
28/12/2023,5,King Crush,8.71,88,766.48
28/12/2023,6,Wingman Tro,8.51,95,808.45
28/12/2023,7,Grind Stout,9.45,66,623.7
28/12/2023,8,Juice Shack,8.64,28,241.92
28/12/2023,9,Rocky Road,9.44,35,330.4
28/12/2023,10,Wingman,9.15,4,36.6
28/12/2023,11,Arcade Made,7.76,0,0
28/12/2023,12,Punk IPA,7.64,58,443.12
28/12/2023,13,Hazy Jane,8.05,17,136.85
28/12/2023,14,Shore Leave,8.95,14,125.3
28/12/2023,15,Simcoe Solo,9.31,63,586.53
28/12/2023,16,Lucky Break,7.69,58,446.02
29/12/2023,1,Black Heart,9.3,92,855.6
29/12/2023,2,Fools Gold,8.16,41,334.56
29/12/2023,3,Cold Beer B,8.37,33,276.21
29/12/2023,4,Lost Lager,9.1,81,737.1
29/12/2023,5,King Crush,8.71,81,705.51
29/12/2023,6,Wingman Tro,8.51,50,425.5
29/12/2023,7,Grind Stout,9.45,0,0
29/12/2023,8,Juice Shack,8.64,86,743.04
29/12/2023,9,Rocky Road,9.44,62,585.28
29/12/2023,10,Wingman,9.15,31,283.65
29/12/2023,11,Arcade Made,7.76,71,550.96
29/12/2023,12,Punk IPA,7.64,23,175.72
29/12/2023,13,Hazy Jane,8.05,22,177.1
29/12/2023,14,Shore Leave,8.95,58,519.1
29/12/2023,15,Simcoe Solo,9.31,72,670.32
29/12/2023,16,Lucky Break,7.69,58,446.02
30/12/2023,1,Black Heart,9.3,94,874.2
30/12/2023,2,Fools Gold,8.16,51,416.16
30/12/2023,3,Cold Beer B,8.37,29,242.73
30/12/2023,4,Lost Lager,9.1,55,500.5
30/12/2023,5,King Crush,8.71,9,78.39
30/12/2023,6,Wingman Tro,8.51,55,468.05
30/12/2023,7,Grind Stout,9.45,43,406.35
30/12/2023,8,Juice Shack,8.64,74,639.36
30/12/2023,9,Rocky Road,9.44,89,840.16
30/12/2023,10,Wingman,9.15,0,0
30/12/2023,11,Arcade Made,7.76,20,155.2
30/12/2023,12,Punk IPA,7.64,98,748.72
30/12/2023,13,Hazy Jane,8.05,14,112.7
30/12/2023,14,Shore Leave,8.95,81,724.95
30/12/2023,15,Simcoe Solo,9.31,6,55.86
30/12/2023,16,Lucky Break,7.69,62,476.78
31/12/2023,1,Black Heart,9.3,0,0
31/12/2023,2,Fools Gold,8.16,2,16.32
31/12/2023,3,Cold Beer B,8.37,32,267.84
31/12/2023,4,Lost Lager,9.1,23,209.3
31/12/2023,5,King Crush,8.71,55,479.05
31/12/2023,6,Wingman Tro,8.51,21,178.71
31/12/2023,7,Grind Stout,9.45,63,595.35
31/12/2023,8,Juice Shack,8.64,87,751.68
31/12/2023,9,Rocky Road,9.44,43,405.92
31/12/2023,10,Wingman,9.15,50,457.5
31/12/2023,11,Arcade Made,7.76,14,108.64
31/12/2023,12,Punk IPA,7.64,98,748.72
31/12/2023,13,Hazy Jane,8.05,29,233.45
31/12/2023,14,Shore Leave,8.95,1,8.95
31/12/2023,15,Simcoe Solo,9.31,53,493.43
31/12/2023,16,Lucky Break,7.69,54,415.26
01/01/2024,1,Black Heart,8.84,8,70.72
01/01/2024,2,Fools Gold,9.15,83,759.45
01/01/2024,3,Cold Beer B,9.77,13,127.01
01/01/2024,4,Lost Lager,8.47,2,16.94
01/01/2024,5,King Crush,8.15,56,456.4
01/01/2024,6,Wingman Tro,9.48,23,218.04
01/01/2024,7,Grind Stout,9.36,47,439.92
01/01/2024,8,Juice Shack,8.02,97,777.94
01/01/2024,9,Rocky Road,8.25,44,363
01/01/2024,10,Wingman,9.19,48,441.12
01/01/2024,11,Arcade Made,8.32,53,440.96
01/01/2024,12,Punk IPA,9.53,26,247.78
01/01/2024,13,Hazy Jane,9.78,4,39.12
01/01/2024,14,Shore Leave,8.59,36,309.24
01/01/2024,15,Simcoe Solo,8.59,59,506.81
01/01/2024,16,Lucky Break,9.52,2,19.04
02/01/2024,1,Black Heart,8.84,30,265.2
02/01/2024,2,Fools Gold,9.15,97,887.55
02/01/2024,3,Cold Beer B,9.77,8,78.16
02/01/2024,4,Lost Lager,8.47,86,728.42
02/01/2024,5,King Crush,8.15,71,578.65
02/01/2024,6,Wingman Tro,9.48,20,189.6
02/01/2024,7,Grind Stout,9.36,74,692.64
02/01/2024,8,Juice Shack,8.02,89,713.78
02/01/2024,9,Rocky Road,8.25,51,420.75
02/01/2024,10,Wingman,9.19,70,643.3
02/01/2024,11,Arcade Made,8.32,3,24.96
02/01/2024,12,Punk IPA,9.53,14,133.42
02/01/2024,13,Hazy Jane,9.78,86,841.08
02/01/2024,14,Shore Leave,8.59,62,532.58
02/01/2024,15,Simcoe Solo,8.59,73,627.07
02/01/2024,16,Lucky Break,9.52,26,247.52
03/01/2024,1,Black Heart,8.84,39,344.76
03/01/2024,2,Fools Gold,9.15,73,667.95
03/01/2024,3,Cold Beer B,9.77,78,762.06
03/01/2024,4,Lost Lager,8.47,63,533.61
03/01/2024,5,King Crush,8.15,99,806.85
03/01/2024,6,Wingman Tro,9.48,67,635.16
03/01/2024,7,Grind Stout,9.36,80,748.8
03/01/2024,8,Juice Shack,8.02,22,176.44
03/01/2024,9,Rocky Road,8.25,91,750.75
03/01/2024,10,Wingman,9.19,63,578.97
03/01/2024,11,Arcade Made,8.32,97,807.04
03/01/2024,12,Punk IPA,9.53,52,495.56
03/01/2024,13,Hazy Jane,9.78,5,48.9
03/01/2024,14,Shore Leave,8.59,28,240.52
03/01/2024,15,Simcoe Solo,8.59,20,171.8
03/01/2024,16,Lucky Break,9.52,48,456.96
04/01/2024,1,Black Heart,8.84,0,0
04/01/2024,2,Fools Gold,9.15,81,741.15
04/01/2024,3,Cold Beer B,9.77,35,341.95
04/01/2024,4,Lost Lager,8.47,56,474.32
04/01/2024,5,King Crush,8.15,57,464.55
04/01/2024,6,Wingman Tro,9.48,6,56.88
04/01/2024,7,Grind Stout,9.36,36,336.96
04/01/2024,8,Juice Shack,8.02,32,256.64
04/01/2024,9,Rocky Road,8.25,94,775.5
04/01/2024,10,Wingman,9.19,96,882.24
04/01/2024,11,Arcade Made,8.32,76,632.32
04/01/2024,12,Punk IPA,9.53,91,867.23
04/01/2024,13,Hazy Jane,9.78,0,0
04/01/2024,14,Shore Leave,8.59,21,180.39
04/01/2024,15,Simcoe Solo,8.59,35,300.65
04/01/2024,16,Lucky Break,9.52,34,323.68
05/01/2024,1,Black Heart,8.84,25,221
05/01/2024,2,Fools Gold,9.15,93,850.95
05/01/2024,3,Cold Beer B,9.77,70,683.9
05/01/2024,4,Lost Lager,8.47,98,830.06
05/01/2024,5,King Crush,8.15,16,130.4
05/01/2024,6,Wingman Tro,9.48,99,938.52
05/01/2024,7,Grind Stout,9.36,8,74.88
05/01/2024,8,Juice Shack,8.02,75,601.5
05/01/2024,9,Rocky Road,8.25,11,90.75
05/01/2024,10,Wingman,9.19,49,450.31
05/01/2024,11,Arcade Made,8.32,12,99.84
05/01/2024,12,Punk IPA,9.53,41,390.73
05/01/2024,13,Hazy Jane,9.78,45,440.1
05/01/2024,14,Shore Leave,8.59,8,68.72
05/01/2024,15,Simcoe Solo,8.59,74,635.66
05/01/2024,16,Lucky Break,9.52,30,285.6
06/01/2024,1,Black Heart,8.84,21,185.64
06/01/2024,2,Fools Gold,9.15,4,36.6
06/01/2024,3,Cold Beer B,9.77,39,381.03
06/01/2024,4,Lost Lager,8.47,41,347.27
06/01/2024,5,King Crush,8.15,42,342.3
06/01/2024,6,Wingman Tro,9.48,46,436.08
06/01/2024,7,Grind Stout,9.36,75,702
06/01/2024,8,Juice Shack,8.02,65,521.3
06/01/2024,9,Rocky Road,8.25,18,148.5
06/01/2024,10,Wingman,9.19,36,330.84
06/01/2024,11,Arcade Made,8.32,99,823.68
06/01/2024,12,Punk IPA,9.53,30,285.9
06/01/2024,13,Hazy Jane,9.78,74,723.72
06/01/2024,14,Shore Leave,8.59,82,704.38
06/01/2024,15,Simcoe Solo,8.59,24,206.16
06/01/2024,16,Lucky Break,9.52,63,599.76
07/01/2024,1,Black Heart,8.84,100,884
07/01/2024,2,Fools Gold,9.15,22,201.3
07/01/2024,3,Cold Beer B,9.77,39,381.03
07/01/2024,4,Lost Lager,8.47,60,508.2
07/01/2024,5,King Crush,8.15,76,619.4
07/01/2024,6,Wingman Tro,9.48,29,274.92
07/01/2024,7,Grind Stout,9.36,89,833.04
07/01/2024,8,Juice Shack,8.02,37,296.74
07/01/2024,9,Rocky Road,8.25,4,33
07/01/2024,10,Wingman,9.19,99,909.81
07/01/2024,11,Arcade Made,8.32,73,607.36
07/01/2024,12,Punk IPA,9.53,76,724.28
07/01/2024,13,Hazy Jane,9.78,23,224.94
07/01/2024,14,Shore Leave,8.59,95,816.05
07/01/2024,15,Simcoe Solo,8.59,19,163.21
07/01/2024,16,Lucky Break,9.52,10,95.2
08/01/2024,1,Black Heart,8.84,52,459.68
08/01/2024,2,Fools Gold,9.15,52,475.8
08/01/2024,3,Cold Beer B,9.77,87,849.99
08/01/2024,4,Lost Lager,8.47,21,177.87
08/01/2024,5,King Crush,8.15,72,586.8
08/01/2024,6,Wingman Tro,9.48,27,255.96
08/01/2024,7,Grind Stout,9.36,88,823.68
08/01/2024,8,Juice Shack,8.02,48,384.96
08/01/2024,9,Rocky Road,8.25,54,445.5
08/01/2024,10,Wingman,9.19,44,404.36
08/01/2024,11,Arcade Made,8.32,74,615.68
08/01/2024,12,Punk IPA,9.53,71,676.63
08/01/2024,13,Hazy Jane,9.78,41,400.98
08/01/2024,14,Shore Leave,8.59,64,549.76
08/01/2024,15,Simcoe Solo,8.59,56,481.04
08/01/2024,16,Lucky Break,9.52,100,952
09/01/2024,1,Black Heart,8.84,62,548.08
09/01/2024,2,Fools Gold,9.15,75,686.25
09/01/2024,3,Cold Beer B,9.77,77,752.29
09/01/2024,4,Lost Lager,8.47,12,101.64
09/01/2024,5,King Crush,8.15,85,692.75
09/01/2024,6,Wingman Tro,9.48,9,85.32
09/01/2024,7,Grind Stout,9.36,45,421.2
09/01/2024,8,Juice Shack,8.02,33,264.66
09/01/2024,9,Rocky Road,8.25,30,247.5
09/01/2024,10,Wingman,9.19,2,18.38
09/01/2024,11,Arcade Made,8.32,96,798.72
09/01/2024,12,Punk IPA,9.53,83,790.99
09/01/2024,13,Hazy Jane,9.78,2,19.56
09/01/2024,14,Shore Leave,8.59,52,446.68
09/01/2024,15,Simcoe Solo,8.59,29,249.11
09/01/2024,16,Lucky Break,9.52,59,561.68
10/01/2024,1,Black Heart,8.84,95,839.8
10/01/2024,2,Fools Gold,9.15,52,475.8
10/01/2024,3,Cold Beer B,9.77,42,410.34
10/01/2024,4,Lost Lager,8.47,83,703.01
10/01/2024,5,King Crush,8.15,42,342.3
10/01/2024,6,Wingman Tro,9.48,69,654.12
10/01/2024,7,Grind Stout,9.36,95,889.2
10/01/2024,8,Juice Shack,8.02,35,280.7
10/01/2024,9,Rocky Road,8.25,20,165
10/01/2024,10,Wingman,9.19,24,220.56
10/01/2024,11,Arcade Made,8.32,87,723.84
10/01/2024,12,Punk IPA,9.53,26,247.78
10/01/2024,13,Hazy Jane,9.78,8,78.24
10/01/2024,14,Shore Leave,8.59,61,523.99
10/01/2024,15,Simcoe Solo,8.59,91,781.69
10/01/2024,16,Lucky Break,9.52,50,476
11/01/2024,1,Black Heart,8.84,94,830.96
11/01/2024,2,Fools Gold,9.15,10,91.5
11/01/2024,3,Cold Beer B,9.77,73,713.21
11/01/2024,4,Lost Lager,8.47,36,304.92
11/01/2024,5,King Crush,8.15,86,700.9
11/01/2024,6,Wingman Tro,9.48,47,445.56
11/01/2024,7,Grind Stout,9.36,64,599.04
11/01/2024,8,Juice Shack,8.02,97,777.94
11/01/2024,9,Rocky Road,8.25,38,313.5
11/01/2024,10,Wingman,9.19,55,505.45
11/01/2024,11,Arcade Made,8.32,47,391.04
11/01/2024,12,Punk IPA,9.53,72,686.16
11/01/2024,13,Hazy Jane,9.78,89,870.42
11/01/2024,14,Shore Leave,8.59,90,773.1
11/01/2024,15,Simcoe Solo,8.59,18,154.62
11/01/2024,16,Lucky Break,9.52,86,818.72
12/01/2024,1,Black Heart,8.84,74,654.16
12/01/2024,2,Fools Gold,9.15,66,603.9
12/01/2024,3,Cold Beer B,9.77,48,468.96
12/01/2024,4,Lost Lager,8.47,79,669.13
12/01/2024,5,King Crush,8.15,70,570.5
12/01/2024,6,Wingman Tro,9.48,46,436.08
12/01/2024,7,Grind Stout,9.36,60,561.6
12/01/2024,8,Juice Shack,8.02,25,200.5
12/01/2024,9,Rocky Road,8.25,94,775.5
12/01/2024,10,Wingman,9.19,28,257.32
12/01/2024,11,Arcade Made,8.32,97,807.04
12/01/2024,12,Punk IPA,9.53,18,171.54
12/01/2024,13,Hazy Jane,9.78,64,625.92
12/01/2024,14,Shore Leave,8.59,41,352.19
12/01/2024,15,Simcoe Solo,8.59,78,670.02
12/01/2024,16,Lucky Break,9.52,71,675.92
13/01/2024,1,Black Heart,8.84,74,654.16
13/01/2024,2,Fools Gold,9.15,17,155.55
13/01/2024,3,Cold Beer B,9.77,89,869.53
13/01/2024,4,Lost Lager,8.47,43,364.21
13/01/2024,5,King Crush,8.15,15,122.25
13/01/2024,6,Wingman Tro,9.48,14,132.72
13/01/2024,7,Grind Stout,9.36,37,346.32
13/01/2024,8,Juice Shack,8.02,93,745.86
13/01/2024,9,Rocky Road,8.25,83,684.75
13/01/2024,10,Wingman,9.19,72,661.68
13/01/2024,11,Arcade Made,8.32,36,299.52
13/01/2024,12,Punk IPA,9.53,36,343.08
13/01/2024,13,Hazy Jane,9.78,20,195.6
13/01/2024,14,Shore Leave,8.59,96,824.64
13/01/2024,15,Simcoe Solo,8.59,64,549.76
13/01/2024,16,Lucky Break,9.52,92,875.84
14/01/2024,1,Black Heart,8.84,9,79.56
14/01/2024,2,Fools Gold,9.15,28,256.2
14/01/2024,3,Cold Beer B,9.77,70,683.9
14/01/2024,4,Lost Lager,8.47,24,203.28
14/01/2024,5,King Crush,8.15,55,448.25
14/01/2024,6,Wingman Tro,9.48,76,720.48
14/01/2024,7,Grind Stout,9.36,60,561.6
14/01/2024,8,Juice Shack,8.02,33,264.66
14/01/2024,9,Rocky Road,8.25,85,701.25
14/01/2024,10,Wingman,9.19,33,303.27
14/01/2024,11,Arcade Made,8.32,58,482.56
14/01/2024,12,Punk IPA,9.53,11,104.83
14/01/2024,13,Hazy Jane,9.78,32,312.96
14/01/2024,14,Shore Leave,8.59,53,455.27
14/01/2024,15,Simcoe Solo,8.59,44,377.96
14/01/2024,16,Lucky Break,9.52,19,180.88
15/01/2024,1,Black Heart,8.84,30,265.2
15/01/2024,2,Fools Gold,9.15,5,45.75
15/01/2024,3,Cold Beer B,9.77,65,635.05
15/01/2024,4,Lost Lager,8.47,23,194.81
15/01/2024,5,King Crush,8.15,64,521.6
15/01/2024,6,Wingman Tro,9.48,9,85.32
15/01/2024,7,Grind Stout,9.36,38,355.68
15/01/2024,8,Juice Shack,8.02,5,40.1
15/01/2024,9,Rocky Road,8.25,14,115.5
15/01/2024,10,Wingman,9.19,73,670.87
15/01/2024,11,Arcade Made,8.32,21,174.72
15/01/2024,12,Punk IPA,9.53,7,66.71
15/01/2024,13,Hazy Jane,9.78,16,156.48
15/01/2024,14,Shore Leave,8.59,29,249.11
15/01/2024,15,Simcoe Solo,8.59,73,627.07
15/01/2024,16,Lucky Break,9.52,40,380.8
16/01/2024,1,Black Heart,8.84,15,132.6
16/01/2024,2,Fools Gold,9.15,11,100.65
16/01/2024,3,Cold Beer B,9.77,66,644.82
16/01/2024,4,Lost Lager,8.47,96,813.12
16/01/2024,5,King Crush,8.15,27,220.05
16/01/2024,6,Wingman Tro,9.48,80,758.4
16/01/2024,7,Grind Stout,9.36,17,159.12
16/01/2024,8,Juice Shack,8.02,62,497.24
16/01/2024,9,Rocky Road,8.25,50,412.5
16/01/2024,10,Wingman,9.19,30,275.7
16/01/2024,11,Arcade Made,8.32,50,416
16/01/2024,12,Punk IPA,9.53,16,152.48
16/01/2024,13,Hazy Jane,9.78,95,929.1
16/01/2024,14,Shore Leave,8.59,37,317.83
16/01/2024,15,Simcoe Solo,8.59,78,670.02
16/01/2024,16,Lucky Break,9.52,8,76.16
17/01/2024,1,Black Heart,8.84,41,362.44
17/01/2024,2,Fools Gold,9.15,38,347.7
17/01/2024,3,Cold Beer B,9.77,33,322.41
17/01/2024,4,Lost Lager,8.47,39,330.33
17/01/2024,5,King Crush,8.15,87,709.05
17/01/2024,6,Wingman Tro,9.48,82,777.36
17/01/2024,7,Grind Stout,9.36,83,776.88
17/01/2024,8,Juice Shack,8.02,60,481.2
17/01/2024,9,Rocky Road,8.25,82,676.5
17/01/2024,10,Wingman,9.19,70,643.3
17/01/2024,11,Arcade Made,8.32,7,58.24
17/01/2024,12,Punk IPA,9.53,26,247.78
17/01/2024,13,Hazy Jane,9.78,23,224.94
17/01/2024,14,Shore Leave,8.59,7,60.13
17/01/2024,15,Simcoe Solo,8.59,22,188.98
17/01/2024,16,Lucky Break,9.52,8,76.16
18/01/2024,1,Black Heart,8.84,33,291.72
18/01/2024,2,Fools Gold,9.15,23,210.45
18/01/2024,3,Cold Beer B,9.77,85,830.45
18/01/2024,4,Lost Lager,8.47,65,550.55
18/01/2024,5,King Crush,8.15,14,114.1
18/01/2024,6,Wingman Tro,9.48,27,255.96
18/01/2024,7,Grind Stout,9.36,11,102.96
18/01/2024,8,Juice Shack,8.02,78,625.56
18/01/2024,9,Rocky Road,8.25,77,635.25
18/01/2024,10,Wingman,9.19,31,284.89
18/01/2024,11,Arcade Made,8.32,14,116.48
18/01/2024,12,Punk IPA,9.53,69,657.57
18/01/2024,13,Hazy Jane,9.78,95,929.1
18/01/2024,14,Shore Leave,8.59,50,429.5
18/01/2024,15,Simcoe Solo,8.59,12,103.08
18/01/2024,16,Lucky Break,9.52,10,95.2
19/01/2024,1,Black Heart,8.84,6,53.04
19/01/2024,2,Fools Gold,9.15,10,91.5
19/01/2024,3,Cold Beer B,9.77,39,381.03
19/01/2024,4,Lost Lager,8.47,44,372.68
19/01/2024,5,King Crush,8.15,81,660.15
19/01/2024,6,Wingman Tro,9.48,100,948
19/01/2024,7,Grind Stout,9.36,66,617.76
19/01/2024,8,Juice Shack,8.02,84,673.68
19/01/2024,9,Rocky Road,8.25,3,24.75
19/01/2024,10,Wingman,9.19,48,441.12
19/01/2024,11,Arcade Made,8.32,69,574.08
19/01/2024,12,Punk IPA,9.53,32,304.96
19/01/2024,13,Hazy Jane,9.78,23,224.94
19/01/2024,14,Shore Leave,8.59,22,188.98
19/01/2024,15,Simcoe Solo,8.59,68,584.12
19/01/2024,16,Lucky Break,9.52,71,675.92
20/01/2024,1,Black Heart,8.84,85,751.4
20/01/2024,2,Fools Gold,9.15,18,164.7
20/01/2024,3,Cold Beer B,9.77,10,97.7
20/01/2024,4,Lost Lager,8.47,96,813.12
20/01/2024,5,King Crush,8.15,39,317.85
20/01/2024,6,Wingman Tro,9.48,34,322.32
20/01/2024,7,Grind Stout,9.36,67,627.12
20/01/2024,8,Juice Shack,8.02,83,665.66
20/01/2024,9,Rocky Road,8.25,1,8.25
20/01/2024,10,Wingman,9.19,31,284.89
20/01/2024,11,Arcade Made,8.32,37,307.84
20/01/2024,12,Punk IPA,9.53,87,829.11
20/01/2024,13,Hazy Jane,9.78,23,224.94
20/01/2024,14,Shore Leave,8.59,35,300.65
20/01/2024,15,Simcoe Solo,8.59,35,300.65
20/01/2024,16,Lucky Break,9.52,36,342.72
21/01/2024,1,Black Heart,8.84,39,344.76
21/01/2024,2,Fools Gold,9.15,92,841.8
21/01/2024,3,Cold Beer B,9.77,48,468.96
21/01/2024,4,Lost Lager,8.47,12,101.64
21/01/2024,5,King Crush,8.15,67,546.05
21/01/2024,6,Wingman Tro,9.48,92,872.16
21/01/2024,7,Grind Stout,9.36,2,18.72
21/01/2024,8,Juice Shack,8.02,39,312.78
21/01/2024,9,Rocky Road,8.25,1,8.25
21/01/2024,10,Wingman,9.19,45,413.55
21/01/2024,11,Arcade Made,8.32,8,66.56
21/01/2024,12,Punk IPA,9.53,37,352.61
21/01/2024,13,Hazy Jane,9.78,99,968.22
21/01/2024,14,Shore Leave,8.59,87,747.33
21/01/2024,15,Simcoe Solo,8.59,67,575.53
21/01/2024,16,Lucky Break,9.52,11,104.72
22/01/2024,1,Black Heart,8.84,29,256.36
22/01/2024,2,Fools Gold,9.15,7,64.05
22/01/2024,3,Cold Beer B,9.77,4,39.08
22/01/2024,4,Lost Lager,8.47,73,618.31
22/01/2024,5,King Crush,8.15,93,757.95
22/01/2024,6,Wingman Tro,9.48,54,511.92
22/01/2024,7,Grind Stout,9.36,7,65.52
22/01/2024,8,Juice Shack,8.02,11,88.22
22/01/2024,9,Rocky Road,8.25,49,404.25
22/01/2024,10,Wingman,9.19,77,707.63
22/01/2024,11,Arcade Made,8.32,32,266.24
22/01/2024,12,Punk IPA,9.53,66,628.98
22/01/2024,13,Hazy Jane,9.78,74,723.72
22/01/2024,14,Shore Leave,8.59,40,343.6
22/01/2024,15,Simcoe Solo,8.59,36,309.24
22/01/2024,16,Lucky Break,9.52,6,57.12
23/01/2024,1,Black Heart,8.84,94,830.96
23/01/2024,2,Fools Gold,9.15,36,329.4
23/01/2024,3,Cold Beer B,9.77,87,849.99
23/01/2024,4,Lost Lager,8.47,68,575.96
23/01/2024,5,King Crush,8.15,23,187.45
23/01/2024,6,Wingman Tro,9.48,34,322.32
23/01/2024,7,Grind Stout,9.36,85,795.6
23/01/2024,8,Juice Shack,8.02,73,585.46
23/01/2024,9,Rocky Road,8.25,50,412.5
23/01/2024,10,Wingman,9.19,48,441.12
23/01/2024,11,Arcade Made,8.32,98,815.36
23/01/2024,12,Punk IPA,9.53,40,381.2
23/01/2024,13,Hazy Jane,9.78,79,772.62
23/01/2024,14,Shore Leave,8.59,26,223.34
23/01/2024,15,Simcoe Solo,8.59,94,807.46
23/01/2024,16,Lucky Break,9.52,23,218.96
24/01/2024,1,Black Heart,8.84,4,35.36
24/01/2024,2,Fools Gold,9.15,8,73.2
24/01/2024,3,Cold Beer B,9.77,95,928.15
24/01/2024,4,Lost Lager,8.47,93,787.71
24/01/2024,5,King Crush,8.15,12,97.8
24/01/2024,6,Wingman Tro,9.48,95,900.6
24/01/2024,7,Grind Stout,9.36,84,786.24
24/01/2024,8,Juice Shack,8.02,53,425.06
24/01/2024,9,Rocky Road,8.25,39,321.75
24/01/2024,10,Wingman,9.19,45,413.55
24/01/2024,11,Arcade Made,8.32,41,341.12
24/01/2024,12,Punk IPA,9.53,70,667.1
24/01/2024,13,Hazy Jane,9.78,40,391.2
24/01/2024,14,Shore Leave,8.59,73,627.07
24/01/2024,15,Simcoe Solo,8.59,70,601.3
24/01/2024,16,Lucky Break,9.52,0,0
25/01/2024,1,Black Heart,8.84,53,468.52
25/01/2024,2,Fools Gold,9.15,37,338.55
25/01/2024,3,Cold Beer B,9.77,24,234.48
25/01/2024,4,Lost Lager,8.47,27,228.69
25/01/2024,5,King Crush,8.15,76,619.4
25/01/2024,6,Wingman Tro,9.48,89,843.72
25/01/2024,7,Grind Stout,9.36,8,74.88
25/01/2024,8,Juice Shack,8.02,99,793.98
25/01/2024,9,Rocky Road,8.25,98,808.5
25/01/2024,10,Wingman,9.19,0,0
25/01/2024,11,Arcade Made,8.32,46,382.72
25/01/2024,12,Punk IPA,9.53,31,295.43
25/01/2024,13,Hazy Jane,9.78,96,938.88
25/01/2024,14,Shore Leave,8.59,66,566.94
25/01/2024,15,Simcoe Solo,8.59,54,463.86
25/01/2024,16,Lucky Break,9.52,9,85.68
26/01/2024,1,Black Heart,8.84,22,194.48
26/01/2024,2,Fools Gold,9.15,16,146.4
26/01/2024,3,Cold Beer B,9.77,64,625.28
26/01/2024,4,Lost Lager,8.47,40,338.8
26/01/2024,5,King Crush,8.15,30,244.5
26/01/2024,6,Wingman Tro,9.48,5,47.4
26/01/2024,7,Grind Stout,9.36,49,458.64
26/01/2024,8,Juice Shack,8.02,92,737.84
26/01/2024,9,Rocky Road,8.25,3,24.75
26/01/2024,10,Wingman,9.19,69,634.11
26/01/2024,11,Arcade Made,8.32,62,515.84
26/01/2024,12,Punk IPA,9.53,41,390.73
26/01/2024,13,Hazy Jane,9.78,27,264.06
26/01/2024,14,Shore Leave,8.59,73,627.07
26/01/2024,15,Simcoe Solo,8.59,23,197.57
26/01/2024,16,Lucky Break,9.52,96,913.92
27/01/2024,1,Black Heart,8.84,29,256.36
27/01/2024,2,Fools Gold,9.15,30,274.5
27/01/2024,3,Cold Beer B,9.77,21,205.17
27/01/2024,4,Lost Lager,8.47,16,135.52
27/01/2024,5,King Crush,8.15,0,0
27/01/2024,6,Wingman Tro,9.48,100,948
27/01/2024,7,Grind Stout,9.36,11,102.96
27/01/2024,8,Juice Shack,8.02,94,753.88
27/01/2024,9,Rocky Road,8.25,81,668.25
27/01/2024,10,Wingman,9.19,49,450.31
27/01/2024,11,Arcade Made,8.32,65,540.8
27/01/2024,12,Punk IPA,9.53,72,686.16
27/01/2024,13,Hazy Jane,9.78,89,870.42
27/01/2024,14,Shore Leave,8.59,67,575.53
27/01/2024,15,Simcoe Solo,8.59,2,17.18
27/01/2024,16,Lucky Break,9.52,13,123.76
28/01/2024,1,Black Heart,8.84,51,450.84
28/01/2024,2,Fools Gold,9.15,90,823.5
28/01/2024,3,Cold Beer B,9.77,15,146.55
28/01/2024,4,Lost Lager,8.47,46,389.62
28/01/2024,5,King Crush,8.15,60,489
28/01/2024,6,Wingman Tro,9.48,41,388.68
28/01/2024,7,Grind Stout,9.36,80,748.8
28/01/2024,8,Juice Shack,8.02,51,409.02
28/01/2024,9,Rocky Road,8.25,80,660
28/01/2024,10,Wingman,9.19,63,578.97
28/01/2024,11,Arcade Made,8.32,5,41.6
28/01/2024,12,Punk IPA,9.53,61,581.33
28/01/2024,13,Hazy Jane,9.78,65,635.7
28/01/2024,14,Shore Leave,8.59,100,859
28/01/2024,15,Simcoe Solo,8.59,76,652.84
28/01/2024,16,Lucky Break,9.52,35,333.2
29/01/2024,1,Black Heart,8.84,30,265.2
29/01/2024,2,Fools Gold,9.15,89,814.35
29/01/2024,3,Cold Beer B,9.77,73,713.21
29/01/2024,4,Lost Lager,8.47,13,110.11
29/01/2024,5,King Crush,8.15,40,326
29/01/2024,6,Wingman Tro,9.48,85,805.8
29/01/2024,7,Grind Stout,9.36,4,37.44
29/01/2024,8,Juice Shack,8.02,72,577.44
29/01/2024,9,Rocky Road,8.25,34,280.5
29/01/2024,10,Wingman,9.19,79,726.01
29/01/2024,11,Arcade Made,8.32,63,524.16
29/01/2024,12,Punk IPA,9.53,24,228.72
29/01/2024,13,Hazy Jane,9.78,18,176.04
29/01/2024,14,Shore Leave,8.59,74,635.66
29/01/2024,15,Simcoe Solo,8.59,72,618.48
29/01/2024,16,Lucky Break,9.52,48,456.96
30/01/2024,1,Black Heart,8.84,97,857.48
30/01/2024,2,Fools Gold,9.15,53,484.95
30/01/2024,3,Cold Beer B,9.77,23,224.71
30/01/2024,4,Lost Lager,8.47,2,16.94
30/01/2024,5,King Crush,8.15,75,611.25
30/01/2024,6,Wingman Tro,9.48,55,521.4
30/01/2024,7,Grind Stout,9.36,74,692.64
30/01/2024,8,Juice Shack,8.02,75,601.5
30/01/2024,9,Rocky Road,8.25,47,387.75
30/01/2024,10,Wingman,9.19,93,854.67
30/01/2024,11,Arcade Made,8.32,10,83.2
30/01/2024,12,Punk IPA,9.53,38,362.14
30/01/2024,13,Hazy Jane,9.78,56,547.68
30/01/2024,14,Shore Leave,8.59,78,670.02
30/01/2024,15,Simcoe Solo,8.59,16,137.44
30/01/2024,16,Lucky Break,9.52,82,780.64
31/01/2024,1,Black Heart,8.84,90,795.6
31/01/2024,2,Fools Gold,9.15,28,256.2
31/01/2024,3,Cold Beer B,9.77,7,68.39
31/01/2024,4,Lost Lager,8.47,73,618.31
31/01/2024,5,King Crush,8.15,65,529.75
31/01/2024,6,Wingman Tro,9.48,14,132.72
31/01/2024,7,Grind Stout,9.36,12,112.32
31/01/2024,8,Juice Shack,8.02,53,425.06
31/01/2024,9,Rocky Road,8.25,50,412.5
31/01/2024,10,Wingman,9.19,52,477.88
31/01/2024,11,Arcade Made,8.32,20,166.4
31/01/2024,12,Punk IPA,9.53,78,743.34
31/01/2024,13,Hazy Jane,9.78,11,107.58
31/01/2024,14,Shore Leave,8.59,74,635.66
31/01/2024,15,Simcoe Solo,8.59,3,25.77
31/01/2024,16,Lucky Break,9.52,3,28.56
01/02/2024,1,Black Heart,8.84,14,123.76
01/02/2024,2,Fools Gold,9.15,97,887.55
01/02/2024,3,Cold Beer B,9.77,91,889.07
01/02/2024,4,Lost Lager,8.47,69,584.43
01/02/2024,5,King Crush,8.15,69,562.35
01/02/2024,6,Wingman Tro,9.48,56,530.88
01/02/2024,7,Grind Stout,9.36,99,926.64
01/02/2024,8,Juice Shack,8.02,61,489.22
01/02/2024,9,Rocky Road,8.25,17,140.25
01/02/2024,10,Wingman,9.19,78,716.82
01/02/2024,11,Arcade Made,8.32,1,8.32
01/02/2024,12,Punk IPA,9.53,38,362.14
01/02/2024,13,Hazy Jane,9.78,29,283.62
01/02/2024,14,Shore Leave,8.59,75,644.25
01/02/2024,15,Simcoe Solo,8.59,63,541.17
01/02/2024,16,Lucky Break,9.52,18,171.36
02/02/2024,1,Black Heart,8.84,78,689.52
02/02/2024,2,Fools Gold,9.15,45,411.75
02/02/2024,3,Cold Beer B,9.77,27,263.79
02/02/2024,4,Lost Lager,8.47,50,423.5
02/02/2024,5,King Crush,8.15,85,692.75
02/02/2024,6,Wingman Tro,9.48,45,426.6
02/02/2024,7,Grind Stout,9.36,19,177.84
02/02/2024,8,Juice Shack,8.02,100,802
02/02/2024,9,Rocky Road,8.25,82,676.5
02/02/2024,10,Wingman,9.19,34,312.46
02/02/2024,11,Arcade Made,8.32,19,158.08
02/02/2024,12,Punk IPA,9.53,78,743.34
02/02/2024,13,Hazy Jane,9.78,52,508.56
02/02/2024,14,Shore Leave,8.59,83,712.97
02/02/2024,15,Simcoe Solo,8.59,74,635.66
02/02/2024,16,Lucky Break,9.52,0,0
03/02/2024,1,Black Heart,8.84,37,327.08
03/02/2024,2,Fools Gold,9.15,7,64.05
03/02/2024,3,Cold Beer B,9.77,70,683.9
03/02/2024,4,Lost Lager,8.47,93,787.71
03/02/2024,5,King Crush,8.15,59,480.85
03/02/2024,6,Wingman Tro,9.48,60,568.8
03/02/2024,7,Grind Stout,9.36,18,168.48
03/02/2024,8,Juice Shack,8.02,11,88.22
03/02/2024,9,Rocky Road,8.25,18,148.5
03/02/2024,10,Wingman,9.19,11,101.09
03/02/2024,11,Arcade Made,8.32,57,474.24
03/02/2024,12,Punk IPA,9.53,59,562.27
03/02/2024,13,Hazy Jane,9.78,81,792.18
03/02/2024,14,Shore Leave,8.59,89,764.51
03/02/2024,15,Simcoe Solo,8.59,76,652.84
03/02/2024,16,Lucky Break,9.52,32,304.64
04/02/2024,1,Black Heart,8.84,75,663
04/02/2024,2,Fools Gold,9.15,90,823.5
04/02/2024,3,Cold Beer B,9.77,23,224.71
04/02/2024,4,Lost Lager,8.47,89,753.83
04/02/2024,5,King Crush,8.15,76,619.4
04/02/2024,6,Wingman Tro,9.48,69,654.12
04/02/2024,7,Grind Stout,9.36,100,936
04/02/2024,8,Juice Shack,8.02,85,681.7
04/02/2024,9,Rocky Road,8.25,40,330
04/02/2024,10,Wingman,9.19,62,569.78
04/02/2024,11,Arcade Made,8.32,37,307.84
04/02/2024,12,Punk IPA,9.53,10,95.3
04/02/2024,13,Hazy Jane,9.78,43,420.54
04/02/2024,14,Shore Leave,8.59,99,850.41
04/02/2024,15,Simcoe Solo,8.59,37,317.83
04/02/2024,16,Lucky Break,9.52,34,323.68
05/02/2024,1,Black Heart,8.84,44,388.96
05/02/2024,2,Fools Gold,9.15,88,805.2
05/02/2024,3,Cold Beer B,9.77,47,459.19
05/02/2024,4,Lost Lager,8.47,0,0
05/02/2024,5,King Crush,8.15,72,586.8
05/02/2024,6,Wingman Tro,9.48,65,616.2
05/02/2024,7,Grind Stout,9.36,61,570.96
05/02/2024,8,Juice Shack,8.02,17,136.34
05/02/2024,9,Rocky Road,8.25,10,82.5
05/02/2024,10,Wingman,9.19,44,404.36
05/02/2024,11,Arcade Made,8.32,96,798.72
05/02/2024,12,Punk IPA,9.53,34,324.02
05/02/2024,13,Hazy Jane,9.78,54,528.12
05/02/2024,14,Shore Leave,8.59,72,618.48
05/02/2024,15,Simcoe Solo,8.59,7,60.13
05/02/2024,16,Lucky Break,9.52,61,580.72
06/02/2024,1,Black Heart,8.84,98,866.32
06/02/2024,2,Fools Gold,9.15,60,549
06/02/2024,3,Cold Beer B,9.77,23,224.71
06/02/2024,4,Lost Lager,8.47,52,440.44
06/02/2024,5,King Crush,8.15,27,220.05
06/02/2024,6,Wingman Tro,9.48,99,938.52
06/02/2024,7,Grind Stout,9.36,2,18.72
06/02/2024,8,Juice Shack,8.02,85,681.7
06/02/2024,9,Rocky Road,8.25,14,115.5
06/02/2024,10,Wingman,9.19,40,367.6
06/02/2024,11,Arcade Made,8.32,52,432.64
06/02/2024,12,Punk IPA,9.53,27,257.31
06/02/2024,13,Hazy Jane,9.78,75,733.5
06/02/2024,14,Shore Leave,8.59,31,266.29
06/02/2024,15,Simcoe Solo,8.59,50,429.5
06/02/2024,16,Lucky Break,9.52,12,114.24
07/02/2024,1,Black Heart,8.84,70,618.8
07/02/2024,2,Fools Gold,9.15,26,237.9
07/02/2024,3,Cold Beer B,9.77,81,791.37
07/02/2024,4,Lost Lager,8.47,10,84.7
07/02/2024,5,King Crush,8.15,27,220.05
07/02/2024,6,Wingman Tro,9.48,53,502.44
07/02/2024,7,Grind Stout,9.36,10,93.6
07/02/2024,8,Juice Shack,8.02,46,368.92
07/02/2024,9,Rocky Road,8.25,34,280.5
07/02/2024,10,Wingman,9.19,77,707.63
07/02/2024,11,Arcade Made,8.32,96,798.72
07/02/2024,12,Punk IPA,9.53,62,590.86
07/02/2024,13,Hazy Jane,9.78,60,586.8
07/02/2024,14,Shore Leave,8.59,81,695.79
07/02/2024,15,Simcoe Solo,8.59,58,498.22
07/02/2024,16,Lucky Break,9.52,67,637.84
08/02/2024,1,Black Heart,8.84,5,44.2
08/02/2024,2,Fools Gold,9.15,97,887.55
08/02/2024,3,Cold Beer B,9.77,9,87.93
08/02/2024,4,Lost Lager,8.47,53,448.91
08/02/2024,5,King Crush,8.15,86,700.9
08/02/2024,6,Wingman Tro,9.48,1,9.48
08/02/2024,7,Grind Stout,9.36,17,159.12
08/02/2024,8,Juice Shack,8.02,36,288.72
08/02/2024,9,Rocky Road,8.25,16,132
08/02/2024,10,Wingman,9.19,2,18.38
08/02/2024,11,Arcade Made,8.32,99,823.68
08/02/2024,12,Punk IPA,9.53,54,514.62
08/02/2024,13,Hazy Jane,9.78,87,850.86
08/02/2024,14,Shore Leave,8.59,39,335.01
08/02/2024,15,Simcoe Solo,8.59,85,730.15
08/02/2024,16,Lucky Break,9.52,5,47.6
09/02/2024,1,Black Heart,8.84,86,760.24
09/02/2024,2,Fools Gold,9.15,68,622.2
09/02/2024,3,Cold Beer B,9.77,34,332.18
09/02/2024,4,Lost Lager,8.47,61,516.67
09/02/2024,5,King Crush,8.15,13,105.95
09/02/2024,6,Wingman Tro,9.48,76,720.48
09/02/2024,7,Grind Stout,9.36,57,533.52
09/02/2024,8,Juice Shack,8.02,43,344.86
09/02/2024,9,Rocky Road,8.25,81,668.25
09/02/2024,10,Wingman,9.19,30,275.7
09/02/2024,11,Arcade Made,8.32,42,349.44
09/02/2024,12,Punk IPA,9.53,73,695.69
09/02/2024,13,Hazy Jane,9.78,72,704.16
09/02/2024,14,Shore Leave,8.59,93,798.87
09/02/2024,15,Simcoe Solo,8.59,39,335.01
09/02/2024,16,Lucky Break,9.52,24,228.48
10/02/2024,1,Black Heart,8.84,9,79.56
10/02/2024,2,Fools Gold,9.15,30,274.5
10/02/2024,3,Cold Beer B,9.77,17,166.09
10/02/2024,4,Lost Lager,8.47,62,525.14
10/02/2024,5,King Crush,8.15,70,570.5
10/02/2024,6,Wingman Tro,9.48,13,123.24
10/02/2024,7,Grind Stout,9.36,31,290.16
10/02/2024,8,Juice Shack,8.02,13,104.26
10/02/2024,9,Rocky Road,8.25,72,594
10/02/2024,10,Wingman,9.19,39,358.41
10/02/2024,11,Arcade Made,8.32,73,607.36
10/02/2024,12,Punk IPA,9.53,54,514.62
10/02/2024,13,Hazy Jane,9.78,65,635.7
10/02/2024,14,Shore Leave,8.59,53,455.27
10/02/2024,15,Simcoe Solo,8.59,56,481.04
10/02/2024,16,Lucky Break,9.52,11,104.72
11/02/2024,1,Black Heart,8.84,51,450.84
11/02/2024,2,Fools Gold,9.15,62,567.3
11/02/2024,3,Cold Beer B,9.77,16,156.32
11/02/2024,4,Lost Lager,8.47,56,474.32
11/02/2024,5,King Crush,8.15,9,73.35
11/02/2024,6,Wingman Tro,9.48,51,483.48
11/02/2024,7,Grind Stout,9.36,45,421.2
11/02/2024,8,Juice Shack,8.02,72,577.44
11/02/2024,9,Rocky Road,8.25,14,115.5
11/02/2024,10,Wingman,9.19,76,698.44
11/02/2024,11,Arcade Made,8.32,59,490.88
11/02/2024,12,Punk IPA,9.53,30,285.9
11/02/2024,13,Hazy Jane,9.78,63,616.14
11/02/2024,14,Shore Leave,8.59,0,0
11/02/2024,15,Simcoe Solo,8.59,6,51.54
11/02/2024,16,Lucky Break,9.52,43,409.36
12/02/2024,1,Black Heart,8.84,85,751.4
12/02/2024,2,Fools Gold,9.15,44,402.6
12/02/2024,3,Cold Beer B,9.77,100,977
12/02/2024,4,Lost Lager,8.47,66,559.02
12/02/2024,5,King Crush,8.15,89,725.35
12/02/2024,6,Wingman Tro,9.48,52,492.96
12/02/2024,7,Grind Stout,9.36,99,926.64
12/02/2024,8,Juice Shack,8.02,56,449.12
12/02/2024,9,Rocky Road,8.25,4,33
12/02/2024,10,Wingman,9.19,27,248.13
12/02/2024,11,Arcade Made,8.32,43,357.76
12/02/2024,12,Punk IPA,9.53,1,9.53
12/02/2024,13,Hazy Jane,9.78,73,713.94
12/02/2024,14,Shore Leave,8.59,19,163.21
12/02/2024,15,Simcoe Solo,8.59,8,68.72
12/02/2024,16,Lucky Break,9.52,70,666.4
13/02/2024,1,Black Heart,8.84,43,380.12
13/02/2024,2,Fools Gold,9.15,50,457.5
13/02/2024,3,Cold Beer B,9.77,16,156.32
13/02/2024,4,Lost Lager,8.47,93,787.71
13/02/2024,5,King Crush,8.15,99,806.85
13/02/2024,6,Wingman Tro,9.48,23,218.04
13/02/2024,7,Grind Stout,9.36,71,664.56
13/02/2024,8,Juice Shack,8.02,87,697.74
13/02/2024,9,Rocky Road,8.25,4,33
13/02/2024,10,Wingman,9.19,73,670.87
13/02/2024,11,Arcade Made,8.32,10,83.2
13/02/2024,12,Punk IPA,9.53,88,838.64
13/02/2024,13,Hazy Jane,9.78,87,850.86
13/02/2024,14,Shore Leave,8.59,91,781.69
13/02/2024,15,Simcoe Solo,8.59,39,335.01
13/02/2024,16,Lucky Break,9.52,57,542.64
14/02/2024,1,Black Heart,8.84,99,875.16
14/02/2024,2,Fools Gold,9.15,82,750.3
14/02/2024,3,Cold Beer B,9.77,59,576.43
14/02/2024,4,Lost Lager,8.47,2,16.94
14/02/2024,5,King Crush,8.15,50,407.5
14/02/2024,6,Wingman Tro,9.48,15,142.2
14/02/2024,7,Grind Stout,9.36,17,159.12
14/02/2024,8,Juice Shack,8.02,51,409.02
14/02/2024,9,Rocky Road,8.25,60,495
14/02/2024,10,Wingman,9.19,95,873.05
14/02/2024,11,Arcade Made,8.32,8,66.56
14/02/2024,12,Punk IPA,9.53,33,314.49
14/02/2024,13,Hazy Jane,9.78,90,880.2
14/02/2024,14,Shore Leave,8.59,82,704.38
14/02/2024,15,Simcoe Solo,8.59,99,850.41
14/02/2024,16,Lucky Break,9.52,66,628.32
15/02/2024,1,Black Heart,8.84,40,353.6
15/02/2024,2,Fools Gold,9.15,61,558.15
15/02/2024,3,Cold Beer B,9.77,66,644.82
15/02/2024,4,Lost Lager,8.47,16,135.52
15/02/2024,5,King Crush,8.15,23,187.45
15/02/2024,6,Wingman Tro,9.48,44,417.12
15/02/2024,7,Grind Stout,9.36,66,617.76
15/02/2024,8,Juice Shack,8.02,100,802
15/02/2024,9,Rocky Road,8.25,17,140.25
15/02/2024,10,Wingman,9.19,82,753.58
15/02/2024,11,Arcade Made,8.32,75,624
15/02/2024,12,Punk IPA,9.53,12,114.36
15/02/2024,13,Hazy Jane,9.78,25,244.5
15/02/2024,14,Shore Leave,8.59,13,111.67
15/02/2024,15,Simcoe Solo,8.59,52,446.68
15/02/2024,16,Lucky Break,9.52,54,514.08
16/02/2024,1,Black Heart,8.84,8,70.72
16/02/2024,2,Fools Gold,9.15,17,155.55
16/02/2024,3,Cold Beer B,9.77,56,547.12
16/02/2024,4,Lost Lager,8.47,80,677.6
16/02/2024,5,King Crush,8.15,24,195.6
16/02/2024,6,Wingman Tro,9.48,6,56.88
16/02/2024,7,Grind Stout,9.36,83,776.88
16/02/2024,8,Juice Shack,8.02,13,104.26
16/02/2024,9,Rocky Road,8.25,72,594
16/02/2024,10,Wingman,9.19,28,257.32
16/02/2024,11,Arcade Made,8.32,47,391.04
16/02/2024,12,Punk IPA,9.53,70,667.1
16/02/2024,13,Hazy Jane,9.78,59,577.02
16/02/2024,14,Shore Leave,8.59,82,704.38
16/02/2024,15,Simcoe Solo,8.59,71,609.89
16/02/2024,16,Lucky Break,9.52,98,932.96
17/02/2024,1,Black Heart,8.84,26,229.84
17/02/2024,2,Fools Gold,9.15,67,613.05
17/02/2024,3,Cold Beer B,9.77,25,244.25
17/02/2024,4,Lost Lager,8.47,62,525.14
17/02/2024,5,King Crush,8.15,34,277.1
17/02/2024,6,Wingman Tro,9.48,94,891.12
17/02/2024,7,Grind Stout,9.36,97,907.92
17/02/2024,8,Juice Shack,8.02,22,176.44
17/02/2024,9,Rocky Road,8.25,99,816.75
17/02/2024,10,Wingman,9.19,43,395.17
17/02/2024,11,Arcade Made,8.32,30,249.6
17/02/2024,12,Punk IPA,9.53,45,428.85
17/02/2024,13,Hazy Jane,9.78,12,117.36
17/02/2024,14,Shore Leave,8.59,82,704.38
17/02/2024,15,Simcoe Solo,8.59,89,764.51
17/02/2024,16,Lucky Break,9.52,47,447.44
18/02/2024,1,Black Heart,8.84,28,247.52
18/02/2024,2,Fools Gold,9.15,75,686.25
18/02/2024,3,Cold Beer B,9.77,67,654.59
18/02/2024,4,Lost Lager,8.47,57,482.79
18/02/2024,5,King Crush,8.15,53,431.95
18/02/2024,6,Wingman Tro,9.48,6,56.88
18/02/2024,7,Grind Stout,9.36,58,542.88
18/02/2024,8,Juice Shack,8.02,4,32.08
18/02/2024,9,Rocky Road,8.25,95,783.75
18/02/2024,10,Wingman,9.19,26,238.94
18/02/2024,11,Arcade Made,8.32,61,507.52
18/02/2024,12,Punk IPA,9.53,32,304.96
18/02/2024,13,Hazy Jane,9.78,37,361.86
18/02/2024,14,Shore Leave,8.59,23,197.57
18/02/2024,15,Simcoe Solo,8.59,35,300.65
18/02/2024,16,Lucky Break,9.52,67,637.84
19/02/2024,1,Black Heart,8.84,93,822.12
19/02/2024,2,Fools Gold,9.15,98,896.7
19/02/2024,3,Cold Beer B,9.77,76,742.52
19/02/2024,4,Lost Lager,8.47,73,618.31
19/02/2024,5,King Crush,8.15,83,676.45
19/02/2024,6,Wingman Tro,9.48,2,18.96
19/02/2024,7,Grind Stout,9.36,57,533.52
19/02/2024,8,Juice Shack,8.02,86,689.72
19/02/2024,9,Rocky Road,8.25,10,82.5
19/02/2024,10,Wingman,9.19,31,284.89
19/02/2024,11,Arcade Made,8.32,72,599.04
19/02/2024,12,Punk IPA,9.53,14,133.42
19/02/2024,13,Hazy Jane,9.78,45,440.1
19/02/2024,14,Shore Leave,8.59,98,841.82
19/02/2024,15,Simcoe Solo,8.59,8,68.72
19/02/2024,16,Lucky Break,9.52,16,152.32
20/02/2024,1,Black Heart,8.84,6,53.04
20/02/2024,2,Fools Gold,9.15,47,430.05
20/02/2024,3,Cold Beer B,9.77,33,322.41
20/02/2024,4,Lost Lager,8.47,28,237.16
20/02/2024,5,King Crush,8.15,40,326
20/02/2024,6,Wingman Tro,9.48,79,748.92
20/02/2024,7,Grind Stout,9.36,57,533.52
20/02/2024,8,Juice Shack,8.02,86,689.72
20/02/2024,9,Rocky Road,8.25,0,0
20/02/2024,10,Wingman,9.19,9,82.71
20/02/2024,11,Arcade Made,8.32,44,366.08
20/02/2024,12,Punk IPA,9.53,0,0
20/02/2024,13,Hazy Jane,9.78,6,58.68
20/02/2024,14,Shore Leave,8.59,42,360.78
20/02/2024,15,Simcoe Solo,8.59,54,463.86
20/02/2024,16,Lucky Break,9.52,96,913.92
21/02/2024,1,Black Heart,8.84,17,150.28
21/02/2024,2,Fools Gold,9.15,77,704.55
21/02/2024,3,Cold Beer B,9.77,14,136.78
21/02/2024,4,Lost Lager,8.47,81,686.07
21/02/2024,5,King Crush,8.15,85,692.75
21/02/2024,6,Wingman Tro,9.48,100,948
21/02/2024,7,Grind Stout,9.36,56,524.16
21/02/2024,8,Juice Shack,8.02,20,160.4
21/02/2024,9,Rocky Road,8.25,16,132
21/02/2024,10,Wingman,9.19,61,560.59
21/02/2024,11,Arcade Made,8.32,49,407.68
21/02/2024,12,Punk IPA,9.53,9,85.77
21/02/2024,13,Hazy Jane,9.78,34,332.52
21/02/2024,14,Shore Leave,8.59,62,532.58
21/02/2024,15,Simcoe Solo,8.59,19,163.21
21/02/2024,16,Lucky Break,9.52,29,276.08
22/02/2024,1,Black Heart,8.84,23,203.32
22/02/2024,2,Fools Gold,9.15,28,256.2
22/02/2024,3,Cold Beer B,9.77,74,722.98
22/02/2024,4,Lost Lager,8.47,32,271.04
22/02/2024,5,King Crush,8.15,79,643.85
22/02/2024,6,Wingman Tro,9.48,88,834.24
22/02/2024,7,Grind Stout,9.36,12,112.32
22/02/2024,8,Juice Shack,8.02,34,272.68
22/02/2024,9,Rocky Road,8.25,10,82.5
22/02/2024,10,Wingman,9.19,62,569.78
22/02/2024,11,Arcade Made,8.32,32,266.24
22/02/2024,12,Punk IPA,9.53,26,247.78
22/02/2024,13,Hazy Jane,9.78,33,322.74
22/02/2024,14,Shore Leave,8.59,47,403.73
22/02/2024,15,Simcoe Solo,8.59,68,584.12
22/02/2024,16,Lucky Break,9.52,5,47.6
23/02/2024,1,Black Heart,8.84,11,97.24
23/02/2024,2,Fools Gold,9.15,22,201.3
23/02/2024,3,Cold Beer B,9.77,98,957.46
23/02/2024,4,Lost Lager,8.47,100,847
23/02/2024,5,King Crush,8.15,82,668.3
23/02/2024,6,Wingman Tro,9.48,77,729.96
23/02/2024,7,Grind Stout,9.36,24,224.64
23/02/2024,8,Juice Shack,8.02,10,80.2
23/02/2024,9,Rocky Road,8.25,75,618.75
23/02/2024,10,Wingman,9.19,78,716.82
23/02/2024,11,Arcade Made,8.32,60,499.2
23/02/2024,12,Punk IPA,9.53,48,457.44
23/02/2024,13,Hazy Jane,9.78,97,948.66
23/02/2024,14,Shore Leave,8.59,18,154.62
23/02/2024,15,Simcoe Solo,8.59,75,644.25
23/02/2024,16,Lucky Break,9.52,66,628.32
24/02/2024,1,Black Heart,8.84,75,663
24/02/2024,2,Fools Gold,9.15,82,750.3
24/02/2024,3,Cold Beer B,9.77,35,341.95
24/02/2024,4,Lost Lager,8.47,81,686.07
24/02/2024,5,King Crush,8.15,2,16.3
24/02/2024,6,Wingman Tro,9.48,97,919.56
24/02/2024,7,Grind Stout,9.36,12,112.32
24/02/2024,8,Juice Shack,8.02,36,288.72
24/02/2024,9,Rocky Road,8.25,8,66
24/02/2024,10,Wingman,9.19,50,459.5
24/02/2024,11,Arcade Made,8.32,65,540.8
24/02/2024,12,Punk IPA,9.53,64,609.92
24/02/2024,13,Hazy Jane,9.78,98,958.44
24/02/2024,14,Shore Leave,8.59,97,833.23
24/02/2024,15,Simcoe Solo,8.59,71,609.89
24/02/2024,16,Lucky Break,9.52,62,590.24
25/02/2024,1,Black Heart,8.84,45,397.8
25/02/2024,2,Fools Gold,9.15,70,640.5
25/02/2024,3,Cold Beer B,9.77,98,957.46
25/02/2024,4,Lost Lager,8.47,33,279.51
25/02/2024,5,King Crush,8.15,34,277.1
25/02/2024,6,Wingman Tro,9.48,75,711
25/02/2024,7,Grind Stout,9.36,51,477.36
25/02/2024,8,Juice Shack,8.02,52,417.04
25/02/2024,9,Rocky Road,8.25,23,189.75
25/02/2024,10,Wingman,9.19,58,533.02
25/02/2024,11,Arcade Made,8.32,17,141.44
25/02/2024,12,Punk IPA,9.53,41,390.73
25/02/2024,13,Hazy Jane,9.78,4,39.12
25/02/2024,14,Shore Leave,8.59,20,171.8
25/02/2024,15,Simcoe Solo,8.59,32,274.88
25/02/2024,16,Lucky Break,9.52,75,714
26/02/2024,1,Black Heart,8.84,93,822.12
26/02/2024,2,Fools Gold,9.15,1,9.15
26/02/2024,3,Cold Beer B,9.77,96,937.92
26/02/2024,4,Lost Lager,8.47,80,677.6
26/02/2024,5,King Crush,8.15,12,97.8
26/02/2024,6,Wingman Tro,9.48,53,502.44
26/02/2024,7,Grind Stout,9.36,71,664.56
26/02/2024,8,Juice Shack,8.02,99,793.98
26/02/2024,9,Rocky Road,8.25,94,775.5
26/02/2024,10,Wingman,9.19,5,45.95
26/02/2024,11,Arcade Made,8.32,74,615.68
26/02/2024,12,Punk IPA,9.53,74,705.22
26/02/2024,13,Hazy Jane,9.78,30,293.4
26/02/2024,14,Shore Leave,8.59,62,532.58
26/02/2024,15,Simcoe Solo,8.59,52,446.68
26/02/2024,16,Lucky Break,9.52,15,142.8
27/02/2024,1,Black Heart,8.84,23,203.32
27/02/2024,2,Fools Gold,9.15,38,347.7
27/02/2024,3,Cold Beer B,9.77,46,449.42
27/02/2024,4,Lost Lager,8.47,35,296.45
27/02/2024,5,King Crush,8.15,88,717.2
27/02/2024,6,Wingman Tro,9.48,40,379.2
27/02/2024,7,Grind Stout,9.36,54,505.44
27/02/2024,8,Juice Shack,8.02,65,521.3
27/02/2024,9,Rocky Road,8.25,53,437.25
27/02/2024,10,Wingman,9.19,3,27.57
27/02/2024,11,Arcade Made,8.32,45,374.4
27/02/2024,12,Punk IPA,9.53,18,171.54
27/02/2024,13,Hazy Jane,9.78,3,29.34
27/02/2024,14,Shore Leave,8.59,14,120.26
27/02/2024,15,Simcoe Solo,8.59,53,455.27
27/02/2024,16,Lucky Break,9.52,73,694.96
28/02/2024,1,Black Heart,8.84,25,221
28/02/2024,2,Fools Gold,9.15,70,640.5
28/02/2024,3,Cold Beer B,9.77,79,771.83
28/02/2024,4,Lost Lager,8.47,0,0
28/02/2024,5,King Crush,8.15,1,8.15
28/02/2024,6,Wingman Tro,9.48,48,455.04
28/02/2024,7,Grind Stout,9.36,100,936
28/02/2024,8,Juice Shack,8.02,70,561.4
28/02/2024,9,Rocky Road,8.25,79,651.75
28/02/2024,10,Wingman,9.19,38,349.22
28/02/2024,11,Arcade Made,8.32,32,266.24
28/02/2024,12,Punk IPA,9.53,21,200.13
28/02/2024,13,Hazy Jane,9.78,14,136.92
28/02/2024,14,Shore Leave,8.59,60,515.4
28/02/2024,15,Simcoe Solo,8.59,84,721.56
28/02/2024,16,Lucky Break,9.52,99,942.48
29/02/2024,1,Black Heart,8.84,15,132.6
29/02/2024,2,Fools Gold,9.15,34,311.1
29/02/2024,3,Cold Beer B,9.77,95,928.15
29/02/2024,4,Lost Lager,8.47,91,770.77
29/02/2024,5,King Crush,8.15,90,733.5
29/02/2024,6,Wingman Tro,9.48,26,246.48
29/02/2024,7,Grind Stout,9.36,13,121.68
29/02/2024,8,Juice Shack,8.02,17,136.34
29/02/2024,9,Rocky Road,8.25,84,693
29/02/2024,10,Wingman,9.19,38,349.22
29/02/2024,11,Arcade Made,8.32,90,748.8
29/02/2024,12,Punk IPA,9.53,54,514.62
29/02/2024,13,Hazy Jane,9.78,52,508.56
29/02/2024,14,Shore Leave,8.59,40,343.6
29/02/2024,15,Simcoe Solo,8.59,58,498.22
29/02/2024,16,Lucky Break,9.52,33,314.16
01/03/2024,1,Black Heart,8.84,68,601.12
01/03/2024,2,Fools Gold,9.15,54,494.1
01/03/2024,3,Cold Beer B,9.77,18,175.86
01/03/2024,4,Lost Lager,8.47,51,431.97
01/03/2024,5,King Crush,8.15,50,407.5
01/03/2024,6,Wingman Tro,9.48,80,758.4
01/03/2024,7,Grind Stout,9.36,24,224.64
01/03/2024,8,Juice Shack,8.02,96,769.92
01/03/2024,9,Rocky Road,8.25,73,602.25
01/03/2024,10,Wingman,9.19,14,128.66
01/03/2024,11,Arcade Made,8.32,33,274.56
01/03/2024,12,Punk IPA,9.53,16,152.48
01/03/2024,13,Hazy Jane,9.78,87,850.86
01/03/2024,14,Shore Leave,8.59,51,438.09
01/03/2024,15,Simcoe Solo,8.59,31,266.29
01/03/2024,16,Lucky Break,9.52,31,295.12
02/03/2024,1,Black Heart,8.84,59,521.56
02/03/2024,2,Fools Gold,9.15,39,356.85
02/03/2024,3,Cold Beer B,9.77,59,576.43
02/03/2024,4,Lost Lager,8.47,96,813.12
02/03/2024,5,King Crush,8.15,77,627.55
02/03/2024,6,Wingman Tro,9.48,13,123.24
02/03/2024,7,Grind Stout,9.36,13,121.68
02/03/2024,8,Juice Shack,8.02,16,128.32
02/03/2024,9,Rocky Road,8.25,66,544.5
02/03/2024,10,Wingman,9.19,5,45.95
02/03/2024,11,Arcade Made,8.32,90,748.8
02/03/2024,12,Punk IPA,9.53,97,924.41
02/03/2024,13,Hazy Jane,9.78,94,919.32
02/03/2024,14,Shore Leave,8.59,100,859
02/03/2024,15,Simcoe Solo,8.59,80,687.2
02/03/2024,16,Lucky Break,9.52,35,333.2
03/03/2024,1,Black Heart,8.84,94,830.96
03/03/2024,2,Fools Gold,9.15,70,640.5
03/03/2024,3,Cold Beer B,9.77,58,566.66
03/03/2024,4,Lost Lager,8.47,27,228.69
03/03/2024,5,King Crush,8.15,61,497.15
03/03/2024,6,Wingman Tro,9.48,10,94.8
03/03/2024,7,Grind Stout,9.36,96,898.56
03/03/2024,8,Juice Shack,8.02,16,128.32
03/03/2024,9,Rocky Road,8.25,80,660
03/03/2024,10,Wingman,9.19,82,753.58
03/03/2024,11,Arcade Made,8.32,74,615.68
03/03/2024,12,Punk IPA,9.53,20,190.6
03/03/2024,13,Hazy Jane,9.78,12,117.36
03/03/2024,14,Shore Leave,8.59,58,498.22
03/03/2024,15,Simcoe Solo,8.59,17,146.03
03/03/2024,16,Lucky Break,9.52,48,456.96
04/03/2024,1,Black Heart,8.84,2,17.68
04/03/2024,2,Fools Gold,9.15,38,347.7
04/03/2024,3,Cold Beer B,9.77,95,928.15
04/03/2024,4,Lost Lager,8.47,69,584.43
04/03/2024,5,King Crush,8.15,23,187.45
04/03/2024,6,Wingman Tro,9.48,32,303.36
04/03/2024,7,Grind Stout,9.36,80,748.8
04/03/2024,8,Juice Shack,8.02,47,376.94
04/03/2024,9,Rocky Road,8.25,96,792
04/03/2024,10,Wingman,9.19,8,73.52
04/03/2024,11,Arcade Made,8.32,24,199.68
04/03/2024,12,Punk IPA,9.53,82,781.46
04/03/2024,13,Hazy Jane,9.78,30,293.4
04/03/2024,14,Shore Leave,8.59,65,558.35
04/03/2024,15,Simcoe Solo,8.59,93,798.87
04/03/2024,16,Lucky Break,9.52,81,771.12
05/03/2024,1,Black Heart,8.84,98,866.32
05/03/2024,2,Fools Gold,9.15,23,210.45
05/03/2024,3,Cold Beer B,9.77,4,39.08
05/03/2024,4,Lost Lager,8.47,69,584.43
05/03/2024,5,King Crush,8.15,6,48.9
05/03/2024,6,Wingman Tro,9.48,85,805.8
05/03/2024,7,Grind Stout,9.36,74,692.64
05/03/2024,8,Juice Shack,8.02,63,505.26
05/03/2024,9,Rocky Road,8.25,55,453.75
05/03/2024,10,Wingman,9.19,74,680.06
05/03/2024,11,Arcade Made,8.32,50,416
05/03/2024,12,Punk IPA,9.53,90,857.7
05/03/2024,13,Hazy Jane,9.78,57,557.46
05/03/2024,14,Shore Leave,8.59,64,549.76
05/03/2024,15,Simcoe Solo,8.59,36,309.24
05/03/2024,16,Lucky Break,9.52,22,209.44
06/03/2024,1,Black Heart,8.84,69,609.96
06/03/2024,2,Fools Gold,9.15,46,420.9
06/03/2024,3,Cold Beer B,9.77,83,810.91
06/03/2024,4,Lost Lager,8.47,66,559.02
06/03/2024,5,King Crush,8.15,13,105.95
06/03/2024,6,Wingman Tro,9.48,9,85.32
06/03/2024,7,Grind Stout,9.36,56,524.16
06/03/2024,8,Juice Shack,8.02,27,216.54
06/03/2024,9,Rocky Road,8.25,24,198
06/03/2024,10,Wingman,9.19,86,790.34
06/03/2024,11,Arcade Made,8.32,17,141.44
06/03/2024,12,Punk IPA,9.53,29,276.37
06/03/2024,13,Hazy Jane,9.78,19,185.82
06/03/2024,14,Shore Leave,8.59,99,850.41
06/03/2024,15,Simcoe Solo,8.59,87,747.33
06/03/2024,16,Lucky Break,9.52,35,333.2
07/03/2024,1,Black Heart,8.84,8,70.72
07/03/2024,2,Fools Gold,9.15,16,146.4
07/03/2024,3,Cold Beer B,9.77,28,273.56
07/03/2024,4,Lost Lager,8.47,30,254.1
07/03/2024,5,King Crush,8.15,77,627.55
07/03/2024,6,Wingman Tro,9.48,93,881.64
07/03/2024,7,Grind Stout,9.36,30,280.8
07/03/2024,8,Juice Shack,8.02,74,593.48
07/03/2024,9,Rocky Road,8.25,15,123.75
07/03/2024,10,Wingman,9.19,83,762.77
07/03/2024,11,Arcade Made,8.32,64,532.48
07/03/2024,12,Punk IPA,9.53,24,228.72
07/03/2024,13,Hazy Jane,9.78,40,391.2
07/03/2024,14,Shore Leave,8.59,44,377.96
07/03/2024,15,Simcoe Solo,8.59,99,850.41
07/03/2024,16,Lucky Break,9.52,16,152.32
08/03/2024,1,Black Heart,8.84,82,724.88
08/03/2024,2,Fools Gold,9.15,17,155.55
08/03/2024,3,Cold Beer B,9.77,19,185.63
08/03/2024,4,Lost Lager,8.47,45,381.15
08/03/2024,5,King Crush,8.15,94,766.1
08/03/2024,6,Wingman Tro,9.48,94,891.12
08/03/2024,7,Grind Stout,9.36,93,870.48
08/03/2024,8,Juice Shack,8.02,43,344.86
08/03/2024,9,Rocky Road,8.25,83,684.75
08/03/2024,10,Wingman,9.19,17,156.23
08/03/2024,11,Arcade Made,8.32,35,291.2
08/03/2024,12,Punk IPA,9.53,77,733.81
08/03/2024,13,Hazy Jane,9.78,22,215.16
08/03/2024,14,Shore Leave,8.59,87,747.33
08/03/2024,15,Simcoe Solo,8.59,29,249.11
08/03/2024,16,Lucky Break,9.52,66,628.32
09/03/2024,1,Black Heart,8.84,81,716.04
09/03/2024,2,Fools Gold,9.15,92,841.8
09/03/2024,3,Cold Beer B,9.77,31,302.87
09/03/2024,4,Lost Lager,8.47,80,677.6
09/03/2024,5,King Crush,8.15,94,766.1
09/03/2024,6,Wingman Tro,9.48,55,521.4
09/03/2024,7,Grind Stout,9.36,44,411.84
09/03/2024,8,Juice Shack,8.02,47,376.94
09/03/2024,9,Rocky Road,8.25,46,379.5
09/03/2024,10,Wingman,9.19,46,422.74
09/03/2024,11,Arcade Made,8.32,31,257.92
09/03/2024,12,Punk IPA,9.53,95,905.35
09/03/2024,13,Hazy Jane,9.78,88,860.64
09/03/2024,14,Shore Leave,8.59,19,163.21
09/03/2024,15,Simcoe Solo,8.59,95,816.05
09/03/2024,16,Lucky Break,9.52,67,637.84
10/03/2024,1,Black Heart,8.84,67,592.28
10/03/2024,2,Fools Gold,9.15,40,366
10/03/2024,3,Cold Beer B,9.77,13,127.01
10/03/2024,4,Lost Lager,8.47,82,694.54
10/03/2024,5,King Crush,8.15,100,815
10/03/2024,6,Wingman Tro,9.48,4,37.92
10/03/2024,7,Grind Stout,9.36,32,299.52
10/03/2024,8,Juice Shack,8.02,47,376.94
10/03/2024,9,Rocky Road,8.25,40,330
10/03/2024,10,Wingman,9.19,10,91.9
10/03/2024,11,Arcade Made,8.32,46,382.72
10/03/2024,12,Punk IPA,9.53,4,38.12
10/03/2024,13,Hazy Jane,9.78,33,322.74
10/03/2024,14,Shore Leave,8.59,62,532.58
10/03/2024,15,Simcoe Solo,8.59,98,841.82
10/03/2024,16,Lucky Break,9.52,62,590.24
11/03/2024,1,Black Heart,8.84,77,680.68
11/03/2024,2,Fools Gold,9.15,48,439.2
11/03/2024,3,Cold Beer B,9.77,7,68.39
11/03/2024,4,Lost Lager,8.47,57,482.79
11/03/2024,5,King Crush,8.15,5,40.75
11/03/2024,6,Wingman Tro,9.48,76,720.48
11/03/2024,7,Grind Stout,9.36,54,505.44
11/03/2024,8,Juice Shack,8.02,23,184.46
11/03/2024,9,Rocky Road,8.25,59,486.75
11/03/2024,10,Wingman,9.19,72,661.68
11/03/2024,11,Arcade Made,8.32,10,83.2
11/03/2024,12,Punk IPA,9.53,28,266.84
11/03/2024,13,Hazy Jane,9.78,24,234.72
11/03/2024,14,Shore Leave,8.59,49,420.91
11/03/2024,15,Simcoe Solo,8.59,96,824.64
11/03/2024,16,Lucky Break,9.52,79,752.08
12/03/2024,1,Black Heart,8.84,24,212.16
12/03/2024,2,Fools Gold,9.15,47,430.05
12/03/2024,3,Cold Beer B,9.77,9,87.93
12/03/2024,4,Lost Lager,8.47,11,93.17
12/03/2024,5,King Crush,8.15,47,383.05
12/03/2024,6,Wingman Tro,9.48,18,170.64
12/03/2024,7,Grind Stout,9.36,91,851.76
12/03/2024,8,Juice Shack,8.02,73,585.46
12/03/2024,9,Rocky Road,8.25,100,825
12/03/2024,10,Wingman,9.19,46,422.74
12/03/2024,11,Arcade Made,8.32,53,440.96
12/03/2024,12,Punk IPA,9.53,96,914.88
12/03/2024,13,Hazy Jane,9.78,6,58.68
12/03/2024,14,Shore Leave,8.59,15,128.85
12/03/2024,15,Simcoe Solo,8.59,75,644.25
12/03/2024,16,Lucky Break,9.52,19,180.88
13/03/2024,1,Black Heart,8.84,28,247.52
13/03/2024,2,Fools Gold,9.15,22,201.3
13/03/2024,3,Cold Beer B,9.77,67,654.59
13/03/2024,4,Lost Lager,8.47,95,804.65
13/03/2024,5,King Crush,8.15,71,578.65
13/03/2024,6,Wingman Tro,9.48,81,767.88
13/03/2024,7,Grind Stout,9.36,11,102.96
13/03/2024,8,Juice Shack,8.02,55,441.1
13/03/2024,9,Rocky Road,8.25,67,552.75
13/03/2024,10,Wingman,9.19,39,358.41
13/03/2024,11,Arcade Made,8.32,75,624
13/03/2024,12,Punk IPA,9.53,31,295.43
13/03/2024,13,Hazy Jane,9.78,55,537.9
13/03/2024,14,Shore Leave,8.59,78,670.02
13/03/2024,15,Simcoe Solo,8.59,52,446.68
13/03/2024,16,Lucky Break,9.52,7,66.64
14/03/2024,1,Black Heart,8.84,0,0
14/03/2024,2,Fools Gold,9.15,72,658.8
14/03/2024,3,Cold Beer B,9.77,84,820.68
14/03/2024,4,Lost Lager,8.47,45,381.15
14/03/2024,5,King Crush,8.15,74,603.1
14/03/2024,6,Wingman Tro,9.48,5,47.4
14/03/2024,7,Grind Stout,9.36,41,383.76
14/03/2024,8,Juice Shack,8.02,84,673.68
14/03/2024,9,Rocky Road,8.25,13,107.25
14/03/2024,10,Wingman,9.19,38,349.22
14/03/2024,11,Arcade Made,8.32,100,832
14/03/2024,12,Punk IPA,9.53,29,276.37
14/03/2024,13,Hazy Jane,9.78,23,224.94
14/03/2024,14,Shore Leave,8.59,57,489.63
14/03/2024,15,Simcoe Solo,8.59,30,257.7
14/03/2024,16,Lucky Break,9.52,71,675.92
15/03/2024,1,Black Heart,8.84,83,733.72
15/03/2024,2,Fools Gold,9.15,3,27.45
15/03/2024,3,Cold Beer B,9.77,47,459.19
15/03/2024,4,Lost Lager,8.47,7,59.29
15/03/2024,5,King Crush,8.15,40,326
15/03/2024,6,Wingman Tro,9.48,52,492.96
15/03/2024,7,Grind Stout,9.36,88,823.68
15/03/2024,8,Juice Shack,8.02,39,312.78
15/03/2024,9,Rocky Road,8.25,22,181.5
15/03/2024,10,Wingman,9.19,93,854.67
15/03/2024,11,Arcade Made,8.32,13,108.16
15/03/2024,12,Punk IPA,9.53,33,314.49
15/03/2024,13,Hazy Jane,9.78,25,244.5
15/03/2024,14,Shore Leave,8.59,64,549.76
15/03/2024,15,Simcoe Solo,8.59,61,523.99
15/03/2024,16,Lucky Break,9.52,75,714
16/03/2024,1,Black Heart,8.84,25,221
16/03/2024,2,Fools Gold,9.15,80,732
16/03/2024,3,Cold Beer B,9.77,6,58.62
16/03/2024,4,Lost Lager,8.47,35,296.45
16/03/2024,5,King Crush,8.15,33,268.95
16/03/2024,6,Wingman Tro,9.48,37,350.76
16/03/2024,7,Grind Stout,9.36,20,187.2
16/03/2024,8,Juice Shack,8.02,89,713.78
16/03/2024,9,Rocky Road,8.25,5,41.25
16/03/2024,10,Wingman,9.19,70,643.3
16/03/2024,11,Arcade Made,8.32,17,141.44
16/03/2024,12,Punk IPA,9.53,92,876.76
16/03/2024,13,Hazy Jane,9.78,94,919.32
16/03/2024,14,Shore Leave,8.59,71,609.89
16/03/2024,15,Simcoe Solo,8.59,86,738.74
16/03/2024,16,Lucky Break,9.52,54,514.08
17/03/2024,1,Black Heart,8.84,61,539.24
17/03/2024,2,Fools Gold,9.15,19,173.85
17/03/2024,3,Cold Beer B,9.77,51,498.27
17/03/2024,4,Lost Lager,8.47,9,76.23
17/03/2024,5,King Crush,8.15,21,171.15
17/03/2024,6,Wingman Tro,9.48,93,881.64
17/03/2024,7,Grind Stout,9.36,0,0
17/03/2024,8,Juice Shack,8.02,57,457.14
17/03/2024,9,Rocky Road,8.25,77,635.25
17/03/2024,10,Wingman,9.19,76,698.44
17/03/2024,11,Arcade Made,8.32,56,465.92
17/03/2024,12,Punk IPA,9.53,94,895.82
17/03/2024,13,Hazy Jane,9.78,11,107.58
17/03/2024,14,Shore Leave,8.59,69,592.71
17/03/2024,15,Simcoe Solo,8.59,69,592.71
17/03/2024,16,Lucky Break,9.52,4,38.08
18/03/2024,1,Black Heart,8.84,42,371.28
18/03/2024,2,Fools Gold,9.15,50,457.5
18/03/2024,3,Cold Beer B,9.77,22,214.94
18/03/2024,4,Lost Lager,8.47,8,67.76
18/03/2024,5,King Crush,8.15,26,211.9
18/03/2024,6,Wingman Tro,9.48,83,786.84
18/03/2024,7,Grind Stout,9.36,63,589.68
18/03/2024,8,Juice Shack,8.02,44,352.88
18/03/2024,9,Rocky Road,8.25,80,660
18/03/2024,10,Wingman,9.19,7,64.33
18/03/2024,11,Arcade Made,8.32,48,399.36
18/03/2024,12,Punk IPA,9.53,1,9.53
18/03/2024,13,Hazy Jane,9.78,79,772.62
18/03/2024,14,Shore Leave,8.59,82,704.38
18/03/2024,15,Simcoe Solo,8.59,12,103.08
18/03/2024,16,Lucky Break,9.52,94,894.88
19/03/2024,1,Black Heart,8.84,90,795.6
19/03/2024,2,Fools Gold,9.15,17,155.55
19/03/2024,3,Cold Beer B,9.77,98,957.46
19/03/2024,4,Lost Lager,8.47,19,160.93
19/03/2024,5,King Crush,8.15,91,741.65
19/03/2024,6,Wingman Tro,9.48,83,786.84
19/03/2024,7,Grind Stout,9.36,35,327.6
19/03/2024,8,Juice Shack,8.02,82,657.64
19/03/2024,9,Rocky Road,8.25,35,288.75
19/03/2024,10,Wingman,9.19,64,588.16
19/03/2024,11,Arcade Made,8.32,44,366.08
19/03/2024,12,Punk IPA,9.53,69,657.57
19/03/2024,13,Hazy Jane,9.78,63,616.14
19/03/2024,14,Shore Leave,8.59,72,618.48
19/03/2024,15,Simcoe Solo,8.59,76,652.84
19/03/2024,16,Lucky Break,9.52,74,704.48
20/03/2024,1,Black Heart,8.84,17,150.28
20/03/2024,2,Fools Gold,9.15,93,850.95
20/03/2024,3,Cold Beer B,9.77,47,459.19
20/03/2024,4,Lost Lager,8.47,58,491.26
20/03/2024,5,King Crush,8.15,7,57.05
20/03/2024,6,Wingman Tro,9.48,44,417.12
20/03/2024,7,Grind Stout,9.36,97,907.92
20/03/2024,8,Juice Shack,8.02,16,128.32
20/03/2024,9,Rocky Road,8.25,1,8.25
20/03/2024,10,Wingman,9.19,32,294.08
20/03/2024,11,Arcade Made,8.32,78,648.96
20/03/2024,12,Punk IPA,9.53,65,619.45
20/03/2024,13,Hazy Jane,9.78,42,410.76
20/03/2024,14,Shore Leave,8.59,88,755.92
20/03/2024,15,Simcoe Solo,8.59,73,627.07
20/03/2024,16,Lucky Break,9.52,17,161.84
21/03/2024,1,Black Heart,8.84,60,530.4
21/03/2024,2,Fools Gold,9.15,12,109.8
21/03/2024,3,Cold Beer B,9.77,95,928.15
21/03/2024,4,Lost Lager,8.47,2,16.94
21/03/2024,5,King Crush,8.15,22,179.3
21/03/2024,6,Wingman Tro,9.48,0,0
21/03/2024,7,Grind Stout,9.36,78,730.08
21/03/2024,8,Juice Shack,8.02,49,392.98
21/03/2024,9,Rocky Road,8.25,66,544.5
21/03/2024,10,Wingman,9.19,3,27.57
21/03/2024,11,Arcade Made,8.32,67,557.44
21/03/2024,12,Punk IPA,9.53,74,705.22
21/03/2024,13,Hazy Jane,9.78,14,136.92
21/03/2024,14,Shore Leave,8.59,94,807.46
21/03/2024,15,Simcoe Solo,8.59,8,68.72
21/03/2024,16,Lucky Break,9.52,9,85.68
22/03/2024,1,Black Heart,8.84,56,495.04
22/03/2024,2,Fools Gold,9.15,39,356.85
22/03/2024,3,Cold Beer B,9.77,92,898.84
22/03/2024,4,Lost Lager,8.47,9,76.23
22/03/2024,5,King Crush,8.15,87,709.05
22/03/2024,6,Wingman Tro,9.48,36,341.28
22/03/2024,7,Grind Stout,9.36,59,552.24
22/03/2024,8,Juice Shack,8.02,7,56.14
22/03/2024,9,Rocky Road,8.25,16,132
22/03/2024,10,Wingman,9.19,89,817.91
22/03/2024,11,Arcade Made,8.32,57,474.24
22/03/2024,12,Punk IPA,9.53,27,257.31
22/03/2024,13,Hazy Jane,9.78,31,303.18
22/03/2024,14,Shore Leave,8.59,73,627.07
22/03/2024,15,Simcoe Solo,8.59,88,755.92
22/03/2024,16,Lucky Break,9.52,1,9.52
23/03/2024,1,Black Heart,8.84,69,609.96
23/03/2024,2,Fools Gold,9.15,29,265.35
23/03/2024,3,Cold Beer B,9.77,71,693.67
23/03/2024,4,Lost Lager,8.47,72,609.84
23/03/2024,5,King Crush,8.15,17,138.55
23/03/2024,6,Wingman Tro,9.48,97,919.56
23/03/2024,7,Grind Stout,9.36,41,383.76
23/03/2024,8,Juice Shack,8.02,44,352.88
23/03/2024,9,Rocky Road,8.25,37,305.25
23/03/2024,10,Wingman,9.19,77,707.63
23/03/2024,11,Arcade Made,8.32,81,673.92
23/03/2024,12,Punk IPA,9.53,48,457.44
23/03/2024,13,Hazy Jane,9.78,32,312.96
23/03/2024,14,Shore Leave,8.59,47,403.73
23/03/2024,15,Simcoe Solo,8.59,69,592.71
23/03/2024,16,Lucky Break,9.52,56,533.12
24/03/2024,1,Black Heart,8.84,58,512.72
24/03/2024,2,Fools Gold,9.15,29,265.35
24/03/2024,3,Cold Beer B,9.77,91,889.07
24/03/2024,4,Lost Lager,8.47,90,762.3
24/03/2024,5,King Crush,8.15,31,252.65
24/03/2024,6,Wingman Tro,9.48,17,161.16
24/03/2024,7,Grind Stout,9.36,93,870.48
24/03/2024,8,Juice Shack,8.02,1,8.02
24/03/2024,9,Rocky Road,8.25,88,726
24/03/2024,10,Wingman,9.19,93,854.67
24/03/2024,11,Arcade Made,8.32,59,490.88
24/03/2024,12,Punk IPA,9.53,46,438.38
24/03/2024,13,Hazy Jane,9.78,71,694.38
24/03/2024,14,Shore Leave,8.59,29,249.11
24/03/2024,15,Simcoe Solo,8.59,88,755.92
24/03/2024,16,Lucky Break,9.52,57,542.64
25/03/2024,1,Black Heart,8.84,64,565.76
25/03/2024,2,Fools Gold,9.15,10,91.5
25/03/2024,3,Cold Beer B,9.77,91,889.07
25/03/2024,4,Lost Lager,8.47,1,8.47
25/03/2024,5,King Crush,8.15,34,277.1
25/03/2024,6,Wingman Tro,9.48,59,559.32
25/03/2024,7,Grind Stout,9.36,25,234
25/03/2024,8,Juice Shack,8.02,71,569.42
25/03/2024,9,Rocky Road,8.25,94,775.5
25/03/2024,10,Wingman,9.19,44,404.36
25/03/2024,11,Arcade Made,8.32,64,532.48
25/03/2024,12,Punk IPA,9.53,36,343.08
25/03/2024,13,Hazy Jane,9.78,94,919.32
25/03/2024,14,Shore Leave,8.59,60,515.4
25/03/2024,15,Simcoe Solo,8.59,94,807.46
25/03/2024,16,Lucky Break,9.52,35,333.2
26/03/2024,1,Black Heart,8.84,35,309.4
26/03/2024,2,Fools Gold,9.15,26,237.9
26/03/2024,3,Cold Beer B,9.77,74,722.98
26/03/2024,4,Lost Lager,8.47,99,838.53
26/03/2024,5,King Crush,8.15,18,146.7
26/03/2024,6,Wingman Tro,9.48,37,350.76
26/03/2024,7,Grind Stout,9.36,34,318.24
26/03/2024,8,Juice Shack,8.02,74,593.48
26/03/2024,9,Rocky Road,8.25,7,57.75
26/03/2024,10,Wingman,9.19,87,799.53
26/03/2024,11,Arcade Made,8.32,54,449.28
26/03/2024,12,Punk IPA,9.53,90,857.7
26/03/2024,13,Hazy Jane,9.78,64,625.92
26/03/2024,14,Shore Leave,8.59,74,635.66
26/03/2024,15,Simcoe Solo,8.59,86,738.74
26/03/2024,16,Lucky Break,9.52,45,428.4
27/03/2024,1,Black Heart,8.84,71,627.64
27/03/2024,2,Fools Gold,9.15,7,64.05
27/03/2024,3,Cold Beer B,9.77,55,537.35
27/03/2024,4,Lost Lager,8.47,98,830.06
27/03/2024,5,King Crush,8.15,11,89.65
27/03/2024,6,Wingman Tro,9.48,15,142.2
27/03/2024,7,Grind Stout,9.36,41,383.76
27/03/2024,8,Juice Shack,8.02,77,617.54
27/03/2024,9,Rocky Road,8.25,27,222.75
27/03/2024,10,Wingman,9.19,36,330.84
27/03/2024,11,Arcade Made,8.32,84,698.88
27/03/2024,12,Punk IPA,9.53,82,781.46
27/03/2024,13,Hazy Jane,9.78,5,48.9
27/03/2024,14,Shore Leave,8.59,2,17.18
27/03/2024,15,Simcoe Solo,8.59,89,764.51
27/03/2024,16,Lucky Break,9.52,71,675.92
28/03/2024,1,Black Heart,8.84,18,159.12
28/03/2024,2,Fools Gold,9.15,42,384.3
28/03/2024,3,Cold Beer B,9.77,18,175.86
28/03/2024,4,Lost Lager,8.47,42,355.74
28/03/2024,5,King Crush,8.15,50,407.5
28/03/2024,6,Wingman Tro,9.48,61,578.28
28/03/2024,7,Grind Stout,9.36,42,393.12
28/03/2024,8,Juice Shack,8.02,66,529.32
28/03/2024,9,Rocky Road,8.25,81,668.25
28/03/2024,10,Wingman,9.19,49,450.31
28/03/2024,11,Arcade Made,8.32,56,465.92
28/03/2024,12,Punk IPA,9.53,2,19.06
28/03/2024,13,Hazy Jane,9.78,23,224.94
28/03/2024,14,Shore Leave,8.59,78,670.02
28/03/2024,15,Simcoe Solo,8.59,90,773.1
28/03/2024,16,Lucky Break,9.52,88,837.76
29/03/2024,1,Black Heart,8.84,93,822.12
29/03/2024,2,Fools Gold,9.15,78,713.7
29/03/2024,3,Cold Beer B,9.77,27,263.79
29/03/2024,4,Lost Lager,8.47,97,821.59
29/03/2024,5,King Crush,8.15,0,0
29/03/2024,6,Wingman Tro,9.48,97,919.56
29/03/2024,7,Grind Stout,9.36,85,795.6
29/03/2024,8,Juice Shack,8.02,9,72.18
29/03/2024,9,Rocky Road,8.25,90,742.5
29/03/2024,10,Wingman,9.19,52,477.88
29/03/2024,11,Arcade Made,8.32,63,524.16
29/03/2024,12,Punk IPA,9.53,63,600.39
29/03/2024,13,Hazy Jane,9.78,14,136.92
29/03/2024,14,Shore Leave,8.59,37,317.83
29/03/2024,15,Simcoe Solo,8.59,3,25.77
29/03/2024,16,Lucky Break,9.52,74,704.48
30/03/2024,1,Black Heart,8.84,63,556.92
30/03/2024,2,Fools Gold,9.15,36,329.4
30/03/2024,3,Cold Beer B,9.77,41,400.57
30/03/2024,4,Lost Lager,8.47,77,652.19
30/03/2024,5,King Crush,8.15,32,260.8
30/03/2024,6,Wingman Tro,9.48,72,682.56
30/03/2024,7,Grind Stout,9.36,23,215.28
30/03/2024,8,Juice Shack,8.02,81,649.62
30/03/2024,9,Rocky Road,8.25,63,519.75
30/03/2024,10,Wingman,9.19,23,211.37
30/03/2024,11,Arcade Made,8.32,46,382.72
30/03/2024,12,Punk IPA,9.53,48,457.44
30/03/2024,13,Hazy Jane,9.78,63,616.14
30/03/2024,14,Shore Leave,8.59,29,249.11
30/03/2024,15,Simcoe Solo,8.59,72,618.48
30/03/2024,16,Lucky Break,9.52,22,209.44
31/03/2024,1,Black Heart,8.84,48,424.32
31/03/2024,2,Fools Gold,9.15,81,741.15
31/03/2024,3,Cold Beer B,9.77,64,625.28
31/03/2024,4,Lost Lager,8.47,43,364.21
31/03/2024,5,King Crush,8.15,21,171.15
31/03/2024,6,Wingman Tro,9.48,91,862.68
31/03/2024,7,Grind Stout,9.36,50,468
31/03/2024,8,Juice Shack,8.02,26,208.52
31/03/2024,9,Rocky Road,8.25,35,288.75
31/03/2024,10,Wingman,9.19,39,358.41
31/03/2024,11,Arcade Made,8.32,41,341.12
31/03/2024,12,Punk IPA,9.53,38,362.14
31/03/2024,13,Hazy Jane,9.78,40,391.2
31/03/2024,14,Shore Leave,8.59,18,154.62
31/03/2024,15,Simcoe Solo,8.59,49,420.91
31/03/2024,16,Lucky Break,9.52,84,799.68
01/04/2024,1,Black Heart,8.84,89,786.76
01/04/2024,2,Fools Gold,9.15,29,265.35
01/04/2024,3,Cold Beer B,9.77,46,449.42
01/04/2024,4,Lost Lager,8.47,8,67.76
01/04/2024,5,King Crush,8.15,31,252.65
01/04/2024,6,Wingman Tro,9.48,89,843.72
01/04/2024,7,Grind Stout,9.36,75,702
01/04/2024,8,Juice Shack,8.02,3,24.06
01/04/2024,9,Rocky Road,8.25,55,453.75
01/04/2024,10,Wingman,9.19,49,450.31
01/04/2024,11,Arcade Made,8.32,66,549.12
01/04/2024,12,Punk IPA,9.53,92,876.76
01/04/2024,13,Hazy Jane,9.78,40,391.2
01/04/2024,14,Shore Leave,8.59,44,377.96
01/04/2024,15,Simcoe Solo,8.59,15,128.85
01/04/2024,16,Lucky Break,9.52,23,218.96
02/04/2024,1,Black Heart,8.84,80,707.2
02/04/2024,2,Fools Gold,9.15,17,155.55
02/04/2024,3,Cold Beer B,9.77,66,644.82
02/04/2024,4,Lost Lager,8.47,10,84.7
02/04/2024,5,King Crush,8.15,71,578.65
02/04/2024,6,Wingman Tro,9.48,15,142.2
02/04/2024,7,Grind Stout,9.36,97,907.92
02/04/2024,8,Juice Shack,8.02,67,537.34
02/04/2024,9,Rocky Road,8.25,22,181.5
02/04/2024,10,Wingman,9.19,16,147.04
02/04/2024,11,Arcade Made,8.32,81,673.92
02/04/2024,12,Punk IPA,9.53,8,76.24
02/04/2024,13,Hazy Jane,9.78,49,479.22
02/04/2024,14,Shore Leave,8.59,12,103.08
02/04/2024,15,Simcoe Solo,8.59,32,274.88
02/04/2024,16,Lucky Break,9.52,20,190.4
03/04/2024,1,Black Heart,8.84,5,44.2
03/04/2024,2,Fools Gold,9.15,78,713.7
03/04/2024,3,Cold Beer B,9.77,56,547.12
03/04/2024,4,Lost Lager,8.47,59,499.73
03/04/2024,5,King Crush,8.15,93,757.95
03/04/2024,6,Wingman Tro,9.48,84,796.32
03/04/2024,7,Grind Stout,9.36,56,524.16
03/04/2024,8,Juice Shack,8.02,36,288.72
03/04/2024,9,Rocky Road,8.25,91,750.75
03/04/2024,10,Wingman,9.19,9,82.71
03/04/2024,11,Arcade Made,8.32,8,66.56
03/04/2024,12,Punk IPA,9.53,67,638.51
03/04/2024,13,Hazy Jane,9.78,9,88.02
03/04/2024,14,Shore Leave,8.59,56,481.04
03/04/2024,15,Simcoe Solo,8.59,48,412.32
03/04/2024,16,Lucky Break,9.52,62,590.24
04/04/2024,1,Black Heart,8.84,36,318.24
04/04/2024,2,Fools Gold,9.15,63,576.45
04/04/2024,3,Cold Beer B,9.77,33,322.41
04/04/2024,4,Lost Lager,8.47,29,245.63
04/04/2024,5,King Crush,8.15,20,163
04/04/2024,6,Wingman Tro,9.48,79,748.92
04/04/2024,7,Grind Stout,9.36,98,917.28
04/04/2024,8,Juice Shack,8.02,35,280.7
04/04/2024,9,Rocky Road,8.25,21,173.25
04/04/2024,10,Wingman,9.19,66,606.54
04/04/2024,11,Arcade Made,8.32,38,316.16
04/04/2024,12,Punk IPA,9.53,76,724.28
04/04/2024,13,Hazy Jane,9.78,26,254.28
04/04/2024,14,Shore Leave,8.59,63,541.17
04/04/2024,15,Simcoe Solo,8.59,4,34.36
04/04/2024,16,Lucky Break,9.52,76,723.52
05/04/2024,1,Black Heart,8.84,66,583.44
05/04/2024,2,Fools Gold,9.15,68,622.2
05/04/2024,3,Cold Beer B,9.77,49,478.73
05/04/2024,4,Lost Lager,8.47,10,84.7
05/04/2024,5,King Crush,8.15,45,366.75
05/04/2024,6,Wingman Tro,9.48,70,663.6
05/04/2024,7,Grind Stout,9.36,47,439.92
05/04/2024,8,Juice Shack,8.02,98,785.96
05/04/2024,9,Rocky Road,8.25,92,759
05/04/2024,10,Wingman,9.19,33,303.27
05/04/2024,11,Arcade Made,8.32,48,399.36
05/04/2024,12,Punk IPA,9.53,87,829.11
05/04/2024,13,Hazy Jane,9.78,9,88.02
05/04/2024,14,Shore Leave,8.59,84,721.56
05/04/2024,15,Simcoe Solo,8.59,12,103.08
05/04/2024,16,Lucky Break,9.52,44,418.88
06/04/2024,1,Black Heart,8.84,19,167.96
06/04/2024,2,Fools Gold,9.15,22,201.3
06/04/2024,3,Cold Beer B,9.77,58,566.66
06/04/2024,4,Lost Lager,8.47,69,584.43
06/04/2024,5,King Crush,8.15,56,456.4
06/04/2024,6,Wingman Tro,9.48,4,37.92
06/04/2024,7,Grind Stout,9.36,2,18.72
06/04/2024,8,Juice Shack,8.02,22,176.44
06/04/2024,9,Rocky Road,8.25,64,528
06/04/2024,10,Wingman,9.19,79,726.01
06/04/2024,11,Arcade Made,8.32,10,83.2
06/04/2024,12,Punk IPA,9.53,65,619.45
06/04/2024,13,Hazy Jane,9.78,59,577.02
06/04/2024,14,Shore Leave,8.59,87,747.33
06/04/2024,15,Simcoe Solo,8.59,8,68.72
06/04/2024,16,Lucky Break,9.52,14,133.28
07/04/2024,1,Black Heart,8.84,92,813.28
07/04/2024,2,Fools Gold,9.15,34,311.1
07/04/2024,3,Cold Beer B,9.77,29,283.33
07/04/2024,4,Lost Lager,8.47,4,33.88
07/04/2024,5,King Crush,8.15,40,326
07/04/2024,6,Wingman Tro,9.48,27,255.96
07/04/2024,7,Grind Stout,9.36,97,907.92
07/04/2024,8,Juice Shack,8.02,90,721.8
07/04/2024,9,Rocky Road,8.25,23,189.75
07/04/2024,10,Wingman,9.19,50,459.5
07/04/2024,11,Arcade Made,8.32,71,590.72
07/04/2024,12,Punk IPA,9.53,6,57.18
07/04/2024,13,Hazy Jane,9.78,79,772.62
07/04/2024,14,Shore Leave,8.59,70,601.3
07/04/2024,15,Simcoe Solo,8.59,67,575.53
07/04/2024,16,Lucky Break,9.52,79,752.08
08/04/2024,1,Black Heart,8.84,7,61.88
08/04/2024,2,Fools Gold,9.15,91,832.65
08/04/2024,3,Cold Beer B,9.77,33,322.41
08/04/2024,4,Lost Lager,8.47,36,304.92
08/04/2024,5,King Crush,8.15,59,480.85
08/04/2024,6,Wingman Tro,9.48,31,293.88
08/04/2024,7,Grind Stout,9.36,23,215.28
08/04/2024,8,Juice Shack,8.02,1,8.02
08/04/2024,9,Rocky Road,8.25,63,519.75
08/04/2024,10,Wingman,9.19,51,468.69
08/04/2024,11,Arcade Made,8.32,61,507.52
08/04/2024,12,Punk IPA,9.53,37,352.61
08/04/2024,13,Hazy Jane,9.78,69,674.82
08/04/2024,14,Shore Leave,8.59,89,764.51
08/04/2024,15,Simcoe Solo,8.59,43,369.37
08/04/2024,16,Lucky Break,9.52,41,390.32
09/04/2024,1,Black Heart,8.84,15,132.6
09/04/2024,2,Fools Gold,9.15,45,411.75
09/04/2024,3,Cold Beer B,9.77,45,439.65
09/04/2024,4,Lost Lager,8.47,15,127.05
09/04/2024,5,King Crush,8.15,10,81.5
09/04/2024,6,Wingman Tro,9.48,100,948
09/04/2024,7,Grind Stout,9.36,28,262.08
09/04/2024,8,Juice Shack,8.02,33,264.66
09/04/2024,9,Rocky Road,8.25,82,676.5
09/04/2024,10,Wingman,9.19,73,670.87
09/04/2024,11,Arcade Made,8.32,10,83.2
09/04/2024,12,Punk IPA,9.53,77,733.81
09/04/2024,13,Hazy Jane,9.78,31,303.18
09/04/2024,14,Shore Leave,8.59,11,94.49
09/04/2024,15,Simcoe Solo,8.59,90,773.1
09/04/2024,16,Lucky Break,9.52,46,437.92
10/04/2024,1,Black Heart,8.84,8,70.72
10/04/2024,2,Fools Gold,9.15,79,722.85
10/04/2024,3,Cold Beer B,9.77,33,322.41
10/04/2024,4,Lost Lager,8.47,100,847
10/04/2024,5,King Crush,8.15,70,570.5
10/04/2024,6,Wingman Tro,9.48,78,739.44
10/04/2024,7,Grind Stout,9.36,64,599.04
10/04/2024,8,Juice Shack,8.02,12,96.24
10/04/2024,9,Rocky Road,8.25,32,264
10/04/2024,10,Wingman,9.19,26,238.94
10/04/2024,11,Arcade Made,8.32,11,91.52
10/04/2024,12,Punk IPA,9.53,40,381.2
10/04/2024,13,Hazy Jane,9.78,37,361.86
10/04/2024,14,Shore Leave,8.59,15,128.85
10/04/2024,15,Simcoe Solo,8.59,90,773.1
10/04/2024,16,Lucky Break,9.52,69,656.88
11/04/2024,1,Black Heart,8.84,43,380.12
11/04/2024,2,Fools Gold,9.15,37,338.55
11/04/2024,3,Cold Beer B,9.77,34,332.18
11/04/2024,4,Lost Lager,8.47,95,804.65
11/04/2024,5,King Crush,8.15,29,236.35
11/04/2024,6,Wingman Tro,9.48,20,189.6
11/04/2024,7,Grind Stout,9.36,85,795.6
11/04/2024,8,Juice Shack,8.02,93,745.86
11/04/2024,9,Rocky Road,8.25,66,544.5
11/04/2024,10,Wingman,9.19,80,735.2
11/04/2024,11,Arcade Made,8.32,71,590.72
11/04/2024,12,Punk IPA,9.53,24,228.72
11/04/2024,13,Hazy Jane,9.78,60,586.8
11/04/2024,14,Shore Leave,8.59,100,859
11/04/2024,15,Simcoe Solo,8.59,16,137.44
11/04/2024,16,Lucky Break,9.52,49,466.48
12/04/2024,1,Black Heart,8.84,92,813.28
12/04/2024,2,Fools Gold,9.15,98,896.7
12/04/2024,3,Cold Beer B,9.77,30,293.1
12/04/2024,4,Lost Lager,8.47,73,618.31
12/04/2024,5,King Crush,8.15,93,757.95
12/04/2024,6,Wingman Tro,9.48,8,75.84
12/04/2024,7,Grind Stout,9.36,60,561.6
12/04/2024,8,Juice Shack,8.02,77,617.54
12/04/2024,9,Rocky Road,8.25,8,66
12/04/2024,10,Wingman,9.19,53,487.07
12/04/2024,11,Arcade Made,8.32,74,615.68
12/04/2024,12,Punk IPA,9.53,53,505.09
12/04/2024,13,Hazy Jane,9.78,49,479.22
12/04/2024,14,Shore Leave,8.59,55,472.45
12/04/2024,15,Simcoe Solo,8.59,75,644.25
12/04/2024,16,Lucky Break,9.52,16,152.32
13/04/2024,1,Black Heart,8.84,36,318.24
13/04/2024,2,Fools Gold,9.15,97,887.55
13/04/2024,3,Cold Beer B,9.77,1,9.77
13/04/2024,4,Lost Lager,8.47,66,559.02
13/04/2024,5,King Crush,8.15,65,529.75
13/04/2024,6,Wingman Tro,9.48,1,9.48
13/04/2024,7,Grind Stout,9.36,35,327.6
13/04/2024,8,Juice Shack,8.02,91,729.82
13/04/2024,9,Rocky Road,8.25,70,577.5
13/04/2024,10,Wingman,9.19,72,661.68
13/04/2024,11,Arcade Made,8.32,67,557.44
13/04/2024,12,Punk IPA,9.53,25,238.25
13/04/2024,13,Hazy Jane,9.78,53,518.34
13/04/2024,14,Shore Leave,8.59,87,747.33
13/04/2024,15,Simcoe Solo,8.59,83,712.97
13/04/2024,16,Lucky Break,9.52,47,447.44
14/04/2024,1,Black Heart,8.84,5,44.2
14/04/2024,2,Fools Gold,9.15,96,878.4
14/04/2024,3,Cold Beer B,9.77,52,508.04
14/04/2024,4,Lost Lager,8.47,51,431.97
14/04/2024,5,King Crush,8.15,72,586.8
14/04/2024,6,Wingman Tro,9.48,44,417.12
14/04/2024,7,Grind Stout,9.36,90,842.4
14/04/2024,8,Juice Shack,8.02,27,216.54
14/04/2024,9,Rocky Road,8.25,38,313.5
14/04/2024,10,Wingman,9.19,57,523.83
14/04/2024,11,Arcade Made,8.32,29,241.28
14/04/2024,12,Punk IPA,9.53,26,247.78
14/04/2024,13,Hazy Jane,9.78,34,332.52
14/04/2024,14,Shore Leave,8.59,15,128.85
14/04/2024,15,Simcoe Solo,8.59,60,515.4
14/04/2024,16,Lucky Break,9.52,75,714
15/04/2024,1,Black Heart,8.84,41,362.44
15/04/2024,2,Fools Gold,9.15,32,292.8
15/04/2024,3,Cold Beer B,9.77,1,9.77
15/04/2024,4,Lost Lager,8.47,42,355.74
15/04/2024,5,King Crush,8.15,77,627.55
15/04/2024,6,Wingman Tro,9.48,53,502.44
15/04/2024,7,Grind Stout,9.36,90,842.4
15/04/2024,8,Juice Shack,8.02,67,537.34
15/04/2024,9,Rocky Road,8.25,25,206.25
15/04/2024,10,Wingman,9.19,23,211.37
15/04/2024,11,Arcade Made,8.32,51,424.32
15/04/2024,12,Punk IPA,9.53,43,409.79
15/04/2024,13,Hazy Jane,9.78,50,489
15/04/2024,14,Shore Leave,8.59,42,360.78
15/04/2024,15,Simcoe Solo,8.59,6,51.54
15/04/2024,16,Lucky Break,9.52,71,675.92
16/04/2024,1,Black Heart,8.84,33,291.72
16/04/2024,2,Fools Gold,9.15,17,155.55
16/04/2024,3,Cold Beer B,9.77,47,459.19
16/04/2024,4,Lost Lager,8.47,5,42.35
16/04/2024,5,King Crush,8.15,35,285.25
16/04/2024,6,Wingman Tro,9.48,20,189.6
16/04/2024,7,Grind Stout,9.36,37,346.32
16/04/2024,8,Juice Shack,8.02,64,513.28
16/04/2024,9,Rocky Road,8.25,56,462
16/04/2024,10,Wingman,9.19,16,147.04
16/04/2024,11,Arcade Made,8.32,88,732.16
16/04/2024,12,Punk IPA,9.53,46,438.38
16/04/2024,13,Hazy Jane,9.78,26,254.28
16/04/2024,14,Shore Leave,8.59,24,206.16
16/04/2024,15,Simcoe Solo,8.59,74,635.66
16/04/2024,16,Lucky Break,9.52,14,133.28
17/04/2024,1,Black Heart,8.84,83,733.72
17/04/2024,2,Fools Gold,9.15,57,521.55
17/04/2024,3,Cold Beer B,9.77,99,967.23
17/04/2024,4,Lost Lager,8.47,86,728.42
17/04/2024,5,King Crush,8.15,41,334.15
17/04/2024,6,Wingman Tro,9.48,12,113.76
17/04/2024,7,Grind Stout,9.36,4,37.44
17/04/2024,8,Juice Shack,8.02,2,16.04
17/04/2024,9,Rocky Road,8.25,57,470.25
17/04/2024,10,Wingman,9.19,71,652.49
17/04/2024,11,Arcade Made,8.32,83,690.56
17/04/2024,12,Punk IPA,9.53,41,390.73
17/04/2024,13,Hazy Jane,9.78,74,723.72
17/04/2024,14,Shore Leave,8.59,41,352.19
17/04/2024,15,Simcoe Solo,8.59,80,687.2
17/04/2024,16,Lucky Break,9.52,69,656.88
18/04/2024,1,Black Heart,8.84,57,503.88
18/04/2024,2,Fools Gold,9.15,100,915
18/04/2024,3,Cold Beer B,9.77,14,136.78
18/04/2024,4,Lost Lager,8.47,56,474.32
18/04/2024,5,King Crush,8.15,13,105.95
18/04/2024,6,Wingman Tro,9.48,85,805.8
18/04/2024,7,Grind Stout,9.36,33,308.88
18/04/2024,8,Juice Shack,8.02,75,601.5
18/04/2024,9,Rocky Road,8.25,76,627
18/04/2024,10,Wingman,9.19,72,661.68
18/04/2024,11,Arcade Made,8.32,20,166.4
18/04/2024,12,Punk IPA,9.53,72,686.16
18/04/2024,13,Hazy Jane,9.78,7,68.46
18/04/2024,14,Shore Leave,8.59,10,85.9
18/04/2024,15,Simcoe Solo,8.59,87,747.33
18/04/2024,16,Lucky Break,9.52,81,771.12
19/04/2024,1,Black Heart,8.84,84,742.56
19/04/2024,2,Fools Gold,9.15,28,256.2
19/04/2024,3,Cold Beer B,9.77,38,371.26
19/04/2024,4,Lost Lager,8.47,91,770.77
19/04/2024,5,King Crush,8.15,96,782.4
19/04/2024,6,Wingman Tro,9.48,58,549.84
19/04/2024,7,Grind Stout,9.36,94,879.84
19/04/2024,8,Juice Shack,8.02,47,376.94
19/04/2024,9,Rocky Road,8.25,26,214.5
19/04/2024,10,Wingman,9.19,8,73.52
19/04/2024,11,Arcade Made,8.32,62,515.84
19/04/2024,12,Punk IPA,9.53,85,810.05
19/04/2024,13,Hazy Jane,9.78,54,528.12
19/04/2024,14,Shore Leave,8.59,45,386.55
19/04/2024,15,Simcoe Solo,8.59,8,68.72
19/04/2024,16,Lucky Break,9.52,98,932.96
20/04/2024,1,Black Heart,8.84,49,433.16
20/04/2024,2,Fools Gold,9.15,26,237.9
20/04/2024,3,Cold Beer B,9.77,37,361.49
20/04/2024,4,Lost Lager,8.47,82,694.54
20/04/2024,5,King Crush,8.15,42,342.3
20/04/2024,6,Wingman Tro,9.48,92,872.16
20/04/2024,7,Grind Stout,9.36,94,879.84
20/04/2024,8,Juice Shack,8.02,27,216.54
20/04/2024,9,Rocky Road,8.25,32,264
20/04/2024,10,Wingman,9.19,42,385.98
20/04/2024,11,Arcade Made,8.32,33,274.56
20/04/2024,12,Punk IPA,9.53,22,209.66
20/04/2024,13,Hazy Jane,9.78,4,39.12
20/04/2024,14,Shore Leave,8.59,83,712.97
20/04/2024,15,Simcoe Solo,8.59,25,214.75
20/04/2024,16,Lucky Break,9.52,70,666.4
21/04/2024,1,Black Heart,8.84,16,141.44
21/04/2024,2,Fools Gold,9.15,31,283.65
21/04/2024,3,Cold Beer B,9.77,65,635.05
21/04/2024,4,Lost Lager,8.47,54,457.38
21/04/2024,5,King Crush,8.15,89,725.35
21/04/2024,6,Wingman Tro,9.48,81,767.88
21/04/2024,7,Grind Stout,9.36,92,861.12
21/04/2024,8,Juice Shack,8.02,11,88.22
21/04/2024,9,Rocky Road,8.25,69,569.25
21/04/2024,10,Wingman,9.19,15,137.85
21/04/2024,11,Arcade Made,8.32,59,490.88
21/04/2024,12,Punk IPA,9.53,79,752.87
21/04/2024,13,Hazy Jane,9.78,28,273.84
21/04/2024,14,Shore Leave,8.59,77,661.43
21/04/2024,15,Simcoe Solo,8.59,78,670.02
21/04/2024,16,Lucky Break,9.52,92,875.84
22/04/2024,1,Black Heart,8.84,46,406.64
22/04/2024,2,Fools Gold,9.15,97,887.55
22/04/2024,3,Cold Beer B,9.77,38,371.26
22/04/2024,4,Lost Lager,8.47,7,59.29
22/04/2024,5,King Crush,8.15,70,570.5
22/04/2024,6,Wingman Tro,9.48,30,284.4
22/04/2024,7,Grind Stout,9.36,64,599.04
22/04/2024,8,Juice Shack,8.02,0,0
22/04/2024,9,Rocky Road,8.25,75,618.75
22/04/2024,10,Wingman,9.19,54,496.26
22/04/2024,11,Arcade Made,8.32,33,274.56
22/04/2024,12,Punk IPA,9.53,62,590.86
22/04/2024,13,Hazy Jane,9.78,3,29.34
22/04/2024,14,Shore Leave,8.59,40,343.6
22/04/2024,15,Simcoe Solo,8.59,57,489.63
22/04/2024,16,Lucky Break,9.52,1,9.52
23/04/2024,1,Black Heart,8.84,24,212.16
23/04/2024,2,Fools Gold,9.15,48,439.2
23/04/2024,3,Cold Beer B,9.77,24,234.48
23/04/2024,4,Lost Lager,8.47,73,618.31
23/04/2024,5,King Crush,8.15,50,407.5
23/04/2024,6,Wingman Tro,9.48,100,948
23/04/2024,7,Grind Stout,9.36,72,673.92
23/04/2024,8,Juice Shack,8.02,2,16.04
23/04/2024,9,Rocky Road,8.25,20,165
23/04/2024,10,Wingman,9.19,33,303.27
23/04/2024,11,Arcade Made,8.32,75,624
23/04/2024,12,Punk IPA,9.53,20,190.6
23/04/2024,13,Hazy Jane,9.78,16,156.48
23/04/2024,14,Shore Leave,8.59,19,163.21
23/04/2024,15,Simcoe Solo,8.59,15,128.85
23/04/2024,16,Lucky Break,9.52,14,133.28
24/04/2024,1,Black Heart,8.84,73,645.32
24/04/2024,2,Fools Gold,9.15,90,823.5
24/04/2024,3,Cold Beer B,9.77,74,722.98
24/04/2024,4,Lost Lager,8.47,40,338.8
24/04/2024,5,King Crush,8.15,19,154.85
24/04/2024,6,Wingman Tro,9.48,4,37.92
24/04/2024,7,Grind Stout,9.36,22,205.92
24/04/2024,8,Juice Shack,8.02,47,376.94
24/04/2024,9,Rocky Road,8.25,55,453.75
24/04/2024,10,Wingman,9.19,70,643.3
24/04/2024,11,Arcade Made,8.32,31,257.92
24/04/2024,12,Punk IPA,9.53,14,133.42
24/04/2024,13,Hazy Jane,9.78,76,743.28
24/04/2024,14,Shore Leave,8.59,87,747.33
24/04/2024,15,Simcoe Solo,8.59,80,687.2
24/04/2024,16,Lucky Break,9.52,79,752.08
25/04/2024,1,Black Heart,8.84,66,583.44
25/04/2024,2,Fools Gold,9.15,81,741.15
25/04/2024,3,Cold Beer B,9.77,99,967.23
25/04/2024,4,Lost Lager,8.47,88,745.36
25/04/2024,5,King Crush,8.15,17,138.55
25/04/2024,6,Wingman Tro,9.48,32,303.36
25/04/2024,7,Grind Stout,9.36,82,767.52
25/04/2024,8,Juice Shack,8.02,40,320.8
25/04/2024,9,Rocky Road,8.25,54,445.5
25/04/2024,10,Wingman,9.19,47,431.93
25/04/2024,11,Arcade Made,8.32,61,507.52
25/04/2024,12,Punk IPA,9.53,88,838.64
25/04/2024,13,Hazy Jane,9.78,17,166.26
25/04/2024,14,Shore Leave,8.59,3,25.77
25/04/2024,15,Simcoe Solo,8.59,45,386.55
25/04/2024,16,Lucky Break,9.52,77,733.04
26/04/2024,1,Black Heart,8.84,72,636.48
26/04/2024,2,Fools Gold,9.15,36,329.4
26/04/2024,3,Cold Beer B,9.77,36,351.72
26/04/2024,4,Lost Lager,8.47,60,508.2
26/04/2024,5,King Crush,8.15,68,554.2
26/04/2024,6,Wingman Tro,9.48,2,18.96
26/04/2024,7,Grind Stout,9.36,8,74.88
26/04/2024,8,Juice Shack,8.02,68,545.36
26/04/2024,9,Rocky Road,8.25,70,577.5
26/04/2024,10,Wingman,9.19,37,340.03
26/04/2024,11,Arcade Made,8.32,38,316.16
26/04/2024,12,Punk IPA,9.53,27,257.31
26/04/2024,13,Hazy Jane,9.78,41,400.98
26/04/2024,14,Shore Leave,8.59,21,180.39
26/04/2024,15,Simcoe Solo,8.59,62,532.58
26/04/2024,16,Lucky Break,9.52,68,647.36
27/04/2024,1,Black Heart,8.84,28,247.52
27/04/2024,2,Fools Gold,9.15,84,768.6
27/04/2024,3,Cold Beer B,9.77,24,234.48
27/04/2024,4,Lost Lager,8.47,6,50.82
27/04/2024,5,King Crush,8.15,96,782.4
27/04/2024,6,Wingman Tro,9.48,51,483.48
27/04/2024,7,Grind Stout,9.36,49,458.64
27/04/2024,8,Juice Shack,8.02,61,489.22
27/04/2024,9,Rocky Road,8.25,46,379.5
27/04/2024,10,Wingman,9.19,14,128.66
27/04/2024,11,Arcade Made,8.32,60,499.2
27/04/2024,12,Punk IPA,9.53,49,466.97
27/04/2024,13,Hazy Jane,9.78,34,332.52
27/04/2024,14,Shore Leave,8.59,58,498.22
27/04/2024,15,Simcoe Solo,8.59,7,60.13
27/04/2024,16,Lucky Break,9.52,97,923.44
28/04/2024,1,Black Heart,8.84,78,689.52
28/04/2024,2,Fools Gold,9.15,21,192.15
28/04/2024,3,Cold Beer B,9.77,59,576.43
28/04/2024,4,Lost Lager,8.47,19,160.93
28/04/2024,5,King Crush,8.15,2,16.3
28/04/2024,6,Wingman Tro,9.48,75,711
28/04/2024,7,Grind Stout,9.36,52,486.72
28/04/2024,8,Juice Shack,8.02,100,802
28/04/2024,9,Rocky Road,8.25,22,181.5
28/04/2024,10,Wingman,9.19,43,395.17
28/04/2024,11,Arcade Made,8.32,15,124.8
28/04/2024,12,Punk IPA,9.53,93,886.29
28/04/2024,13,Hazy Jane,9.78,43,420.54
28/04/2024,14,Shore Leave,8.59,39,335.01
28/04/2024,15,Simcoe Solo,8.59,79,678.61
28/04/2024,16,Lucky Break,9.52,100,952
29/04/2024,1,Black Heart,8.84,93,822.12
29/04/2024,2,Fools Gold,9.15,89,814.35
29/04/2024,3,Cold Beer B,9.77,27,263.79
29/04/2024,4,Lost Lager,8.47,34,287.98
29/04/2024,5,King Crush,8.15,41,334.15
29/04/2024,6,Wingman Tro,9.48,68,644.64
29/04/2024,7,Grind Stout,9.36,62,580.32
29/04/2024,8,Juice Shack,8.02,81,649.62
29/04/2024,9,Rocky Road,8.25,65,536.25
29/04/2024,10,Wingman,9.19,36,330.84
29/04/2024,11,Arcade Made,8.32,16,133.12
29/04/2024,12,Punk IPA,9.53,33,314.49
29/04/2024,13,Hazy Jane,9.78,67,655.26
29/04/2024,14,Shore Leave,8.59,14,120.26
29/04/2024,15,Simcoe Solo,8.59,86,738.74
29/04/2024,16,Lucky Break,9.52,80,761.6
30/04/2024,1,Black Heart,8.84,36,318.24
30/04/2024,2,Fools Gold,9.15,27,247.05
30/04/2024,3,Cold Beer B,9.77,50,488.5
30/04/2024,4,Lost Lager,8.47,42,355.74
30/04/2024,5,King Crush,8.15,28,228.2
30/04/2024,6,Wingman Tro,9.48,49,464.52
30/04/2024,7,Grind Stout,9.36,87,814.32
30/04/2024,8,Juice Shack,8.02,14,112.28
30/04/2024,9,Rocky Road,8.25,9,74.25
30/04/2024,10,Wingman,9.19,41,376.79
30/04/2024,11,Arcade Made,8.32,72,599.04
30/04/2024,12,Punk IPA,9.53,67,638.51
30/04/2024,13,Hazy Jane,9.78,68,665.04
30/04/2024,14,Shore Leave,8.59,37,317.83
30/04/2024,15,Simcoe Solo,8.59,62,532.58
30/04/2024,16,Lucky Break,9.52,31,295.12
01/05/2024,1,Black Heart,8.84,91,804.44
01/05/2024,2,Fools Gold,9.15,34,311.1
01/05/2024,3,Cold Beer B,9.77,34,332.18
01/05/2024,4,Lost Lager,8.47,53,448.91
01/05/2024,5,King Crush,8.15,23,187.45
01/05/2024,6,Wingman Tro,9.48,28,265.44
01/05/2024,7,Grind Stout,9.36,19,177.84
01/05/2024,8,Juice Shack,8.02,62,497.24
01/05/2024,9,Rocky Road,8.25,58,478.5
01/05/2024,10,Wingman,9.19,33,303.27
01/05/2024,11,Arcade Made,8.32,20,166.4
01/05/2024,12,Punk IPA,9.53,8,76.24
01/05/2024,13,Hazy Jane,9.78,83,811.74
01/05/2024,14,Shore Leave,8.59,58,498.22
01/05/2024,15,Simcoe Solo,8.59,67,575.53
01/05/2024,16,Lucky Break,9.52,81,771.12
02/05/2024,1,Black Heart,8.84,5,44.2
02/05/2024,2,Fools Gold,9.15,94,860.1
02/05/2024,3,Cold Beer B,9.77,25,244.25
02/05/2024,4,Lost Lager,8.47,46,389.62
02/05/2024,5,King Crush,8.15,32,260.8
02/05/2024,6,Wingman Tro,9.48,96,910.08
02/05/2024,7,Grind Stout,9.36,27,252.72
02/05/2024,8,Juice Shack,8.02,88,705.76
02/05/2024,9,Rocky Road,8.25,56,462
02/05/2024,10,Wingman,9.19,66,606.54
02/05/2024,11,Arcade Made,8.32,57,474.24
02/05/2024,12,Punk IPA,9.53,32,304.96
02/05/2024,13,Hazy Jane,9.78,78,762.84
02/05/2024,14,Shore Leave,8.59,12,103.08
02/05/2024,15,Simcoe Solo,8.59,48,412.32
02/05/2024,16,Lucky Break,9.52,51,485.52
03/05/2024,1,Black Heart,8.84,80,707.2
03/05/2024,2,Fools Gold,9.15,79,722.85
03/05/2024,3,Cold Beer B,9.77,51,498.27
03/05/2024,4,Lost Lager,8.47,89,753.83
03/05/2024,5,King Crush,8.15,51,415.65
03/05/2024,6,Wingman Tro,9.48,94,891.12
03/05/2024,7,Grind Stout,9.36,82,767.52
03/05/2024,8,Juice Shack,8.02,78,625.56
03/05/2024,9,Rocky Road,8.25,21,173.25
03/05/2024,10,Wingman,9.19,58,533.02
03/05/2024,11,Arcade Made,8.32,71,590.72
03/05/2024,12,Punk IPA,9.53,88,838.64
03/05/2024,13,Hazy Jane,9.78,49,479.22
03/05/2024,14,Shore Leave,8.59,32,274.88
03/05/2024,15,Simcoe Solo,8.59,88,755.92
03/05/2024,16,Lucky Break,9.52,82,780.64
04/05/2024,1,Black Heart,8.84,36,318.24
04/05/2024,2,Fools Gold,9.15,49,448.35
04/05/2024,3,Cold Beer B,9.77,69,674.13
04/05/2024,4,Lost Lager,8.47,48,406.56
04/05/2024,5,King Crush,8.15,85,692.75
04/05/2024,6,Wingman Tro,9.48,13,123.24
04/05/2024,7,Grind Stout,9.36,22,205.92
04/05/2024,8,Juice Shack,8.02,7,56.14
04/05/2024,9,Rocky Road,8.25,63,519.75
04/05/2024,10,Wingman,9.19,75,689.25
04/05/2024,11,Arcade Made,8.32,80,665.6
04/05/2024,12,Punk IPA,9.53,56,533.68
04/05/2024,13,Hazy Jane,9.78,53,518.34
04/05/2024,14,Shore Leave,8.59,18,154.62
04/05/2024,15,Simcoe Solo,8.59,100,859
04/05/2024,16,Lucky Break,9.52,79,752.08
05/05/2024,1,Black Heart,8.84,19,167.96
05/05/2024,2,Fools Gold,9.15,73,667.95
05/05/2024,3,Cold Beer B,9.77,27,263.79
05/05/2024,4,Lost Lager,8.47,57,482.79
05/05/2024,5,King Crush,8.15,64,521.6
05/05/2024,6,Wingman Tro,9.48,36,341.28
05/05/2024,7,Grind Stout,9.36,44,411.84
05/05/2024,8,Juice Shack,8.02,87,697.74
05/05/2024,9,Rocky Road,8.25,76,627
05/05/2024,10,Wingman,9.19,3,27.57
05/05/2024,11,Arcade Made,8.32,66,549.12
05/05/2024,12,Punk IPA,9.53,9,85.77
05/05/2024,13,Hazy Jane,9.78,49,479.22
05/05/2024,14,Shore Leave,8.59,34,292.06
05/05/2024,15,Simcoe Solo,8.59,90,773.1
05/05/2024,16,Lucky Break,9.52,43,409.36
06/05/2024,1,Black Heart,8.84,52,459.68
06/05/2024,2,Fools Gold,9.15,78,713.7
06/05/2024,3,Cold Beer B,9.77,72,703.44
06/05/2024,4,Lost Lager,8.47,40,338.8
06/05/2024,5,King Crush,8.15,79,643.85
06/05/2024,6,Wingman Tro,9.48,67,635.16
06/05/2024,7,Grind Stout,9.36,56,524.16
06/05/2024,8,Juice Shack,8.02,2,16.04
06/05/2024,9,Rocky Road,8.25,50,412.5
06/05/2024,10,Wingman,9.19,100,919
06/05/2024,11,Arcade Made,8.32,18,149.76
06/05/2024,12,Punk IPA,9.53,25,238.25
06/05/2024,13,Hazy Jane,9.78,8,78.24
06/05/2024,14,Shore Leave,8.59,94,807.46
06/05/2024,15,Simcoe Solo,8.59,58,498.22
06/05/2024,16,Lucky Break,9.52,76,723.52
07/05/2024,1,Black Heart,8.84,73,645.32
07/05/2024,2,Fools Gold,9.15,39,356.85
07/05/2024,3,Cold Beer B,9.77,2,19.54
07/05/2024,4,Lost Lager,8.47,77,652.19
07/05/2024,5,King Crush,8.15,69,562.35
07/05/2024,6,Wingman Tro,9.48,83,786.84
07/05/2024,7,Grind Stout,9.36,29,271.44
07/05/2024,8,Juice Shack,8.02,36,288.72
07/05/2024,9,Rocky Road,8.25,89,734.25
07/05/2024,10,Wingman,9.19,90,827.1
07/05/2024,11,Arcade Made,8.32,21,174.72
07/05/2024,12,Punk IPA,9.53,51,486.03
07/05/2024,13,Hazy Jane,9.78,2,19.56
07/05/2024,14,Shore Leave,8.59,11,94.49
07/05/2024,15,Simcoe Solo,8.59,56,481.04
07/05/2024,16,Lucky Break,9.52,6,57.12
08/05/2024,1,Black Heart,8.84,54,477.36
08/05/2024,2,Fools Gold,9.15,53,484.95
08/05/2024,3,Cold Beer B,9.77,22,214.94
08/05/2024,4,Lost Lager,8.47,27,228.69
08/05/2024,5,King Crush,8.15,96,782.4
08/05/2024,6,Wingman Tro,9.48,11,104.28
08/05/2024,7,Grind Stout,9.36,41,383.76
08/05/2024,8,Juice Shack,8.02,16,128.32
08/05/2024,9,Rocky Road,8.25,57,470.25
08/05/2024,10,Wingman,9.19,46,422.74
08/05/2024,11,Arcade Made,8.32,95,790.4
08/05/2024,12,Punk IPA,9.53,35,333.55
08/05/2024,13,Hazy Jane,9.78,45,440.1
08/05/2024,14,Shore Leave,8.59,85,730.15
08/05/2024,15,Simcoe Solo,8.59,93,798.87
08/05/2024,16,Lucky Break,9.52,90,856.8
09/05/2024,1,Black Heart,8.84,15,132.6
09/05/2024,2,Fools Gold,9.15,43,393.45
09/05/2024,3,Cold Beer B,9.77,96,937.92
09/05/2024,4,Lost Lager,8.47,22,186.34
09/05/2024,5,King Crush,8.15,76,619.4
09/05/2024,6,Wingman Tro,9.48,56,530.88
09/05/2024,7,Grind Stout,9.36,62,580.32
09/05/2024,8,Juice Shack,8.02,20,160.4
09/05/2024,9,Rocky Road,8.25,72,594
09/05/2024,10,Wingman,9.19,97,891.43
09/05/2024,11,Arcade Made,8.32,64,532.48
09/05/2024,12,Punk IPA,9.53,71,676.63
09/05/2024,13,Hazy Jane,9.78,82,801.96
09/05/2024,14,Shore Leave,8.59,90,773.1
09/05/2024,15,Simcoe Solo,8.59,20,171.8
09/05/2024,16,Lucky Break,9.52,59,561.68
10/05/2024,1,Black Heart,8.84,68,601.12
10/05/2024,2,Fools Gold,9.15,0,0
10/05/2024,3,Cold Beer B,9.77,30,293.1
10/05/2024,4,Lost Lager,8.47,86,728.42
10/05/2024,5,King Crush,8.15,31,252.65
10/05/2024,6,Wingman Tro,9.48,34,322.32
10/05/2024,7,Grind Stout,9.36,70,655.2
10/05/2024,8,Juice Shack,8.02,19,152.38
10/05/2024,9,Rocky Road,8.25,39,321.75
10/05/2024,10,Wingman,9.19,99,909.81
10/05/2024,11,Arcade Made,8.32,12,99.84
10/05/2024,12,Punk IPA,9.53,53,505.09
10/05/2024,13,Hazy Jane,9.78,49,479.22
10/05/2024,14,Shore Leave,8.59,66,566.94
10/05/2024,15,Simcoe Solo,8.59,21,180.39
10/05/2024,16,Lucky Break,9.52,7,66.64
11/05/2024,1,Black Heart,8.84,95,839.8
11/05/2024,2,Fools Gold,9.15,40,366
11/05/2024,3,Cold Beer B,9.77,61,595.97
11/05/2024,4,Lost Lager,8.47,35,296.45
11/05/2024,5,King Crush,8.15,43,350.45
11/05/2024,6,Wingman Tro,9.48,91,862.68
11/05/2024,7,Grind Stout,9.36,86,804.96
11/05/2024,8,Juice Shack,8.02,87,697.74
11/05/2024,9,Rocky Road,8.25,60,495
11/05/2024,10,Wingman,9.19,1,9.19
11/05/2024,11,Arcade Made,8.32,29,241.28
11/05/2024,12,Punk IPA,9.53,2,19.06
11/05/2024,13,Hazy Jane,9.78,60,586.8
11/05/2024,14,Shore Leave,8.59,62,532.58
11/05/2024,15,Simcoe Solo,8.59,53,455.27
11/05/2024,16,Lucky Break,9.52,29,276.08
12/05/2024,1,Black Heart,8.84,35,309.4
12/05/2024,2,Fools Gold,9.15,25,228.75
12/05/2024,3,Cold Beer B,9.77,15,146.55
12/05/2024,4,Lost Lager,8.47,68,575.96
12/05/2024,5,King Crush,8.15,66,537.9
12/05/2024,6,Wingman Tro,9.48,78,739.44
12/05/2024,7,Grind Stout,9.36,54,505.44
12/05/2024,8,Juice Shack,8.02,13,104.26
12/05/2024,9,Rocky Road,8.25,36,297
12/05/2024,10,Wingman,9.19,25,229.75
12/05/2024,11,Arcade Made,8.32,9,74.88
12/05/2024,12,Punk IPA,9.53,34,324.02
12/05/2024,13,Hazy Jane,9.78,81,792.18
12/05/2024,14,Shore Leave,8.59,88,755.92
12/05/2024,15,Simcoe Solo,8.59,66,566.94
12/05/2024,16,Lucky Break,9.52,64,609.28
13/05/2024,1,Black Heart,8.84,87,769.08
13/05/2024,2,Fools Gold,9.15,60,549
13/05/2024,3,Cold Beer B,9.77,5,48.85
13/05/2024,4,Lost Lager,8.47,85,719.95
13/05/2024,5,King Crush,8.15,43,350.45
13/05/2024,6,Wingman Tro,9.48,14,132.72
13/05/2024,7,Grind Stout,9.36,8,74.88
13/05/2024,8,Juice Shack,8.02,49,392.98
13/05/2024,9,Rocky Road,8.25,27,222.75
13/05/2024,10,Wingman,9.19,85,781.15
13/05/2024,11,Arcade Made,8.32,16,133.12
13/05/2024,12,Punk IPA,9.53,46,438.38
13/05/2024,13,Hazy Jane,9.78,39,381.42
13/05/2024,14,Shore Leave,8.59,92,790.28
13/05/2024,15,Simcoe Solo,8.59,27,231.93
13/05/2024,16,Lucky Break,9.52,21,199.92
14/05/2024,1,Black Heart,8.84,99,875.16
14/05/2024,2,Fools Gold,9.15,18,164.7
14/05/2024,3,Cold Beer B,9.77,72,703.44
14/05/2024,4,Lost Lager,8.47,31,262.57
14/05/2024,5,King Crush,8.15,28,228.2
14/05/2024,6,Wingman Tro,9.48,27,255.96
14/05/2024,7,Grind Stout,9.36,3,28.08
14/05/2024,8,Juice Shack,8.02,84,673.68
14/05/2024,9,Rocky Road,8.25,17,140.25
14/05/2024,10,Wingman,9.19,49,450.31
14/05/2024,11,Arcade Made,8.32,86,715.52
14/05/2024,12,Punk IPA,9.53,12,114.36
14/05/2024,13,Hazy Jane,9.78,81,792.18
14/05/2024,14,Shore Leave,8.59,62,532.58
14/05/2024,15,Simcoe Solo,8.59,53,455.27
14/05/2024,16,Lucky Break,9.52,55,523.6
15/05/2024,1,Black Heart,8.84,22,194.48
15/05/2024,2,Fools Gold,9.15,84,768.6
15/05/2024,3,Cold Beer B,9.77,64,625.28
15/05/2024,4,Lost Lager,8.47,98,830.06
15/05/2024,5,King Crush,8.15,35,285.25
15/05/2024,6,Wingman Tro,9.48,55,521.4
15/05/2024,7,Grind Stout,9.36,11,102.96
15/05/2024,8,Juice Shack,8.02,89,713.78
15/05/2024,9,Rocky Road,8.25,14,115.5
15/05/2024,10,Wingman,9.19,78,716.82
15/05/2024,11,Arcade Made,8.32,5,41.6
15/05/2024,12,Punk IPA,9.53,14,133.42
15/05/2024,13,Hazy Jane,9.78,52,508.56
15/05/2024,14,Shore Leave,8.59,65,558.35
15/05/2024,15,Simcoe Solo,8.59,13,111.67
15/05/2024,16,Lucky Break,9.52,18,171.36
16/05/2024,1,Black Heart,8.84,99,875.16
16/05/2024,2,Fools Gold,9.15,20,183
16/05/2024,3,Cold Beer B,9.77,70,683.9
16/05/2024,4,Lost Lager,8.47,89,753.83
16/05/2024,5,King Crush,8.15,48,391.2
16/05/2024,6,Wingman Tro,9.48,13,123.24
16/05/2024,7,Grind Stout,9.36,82,767.52
16/05/2024,8,Juice Shack,8.02,17,136.34
16/05/2024,9,Rocky Road,8.25,49,404.25
16/05/2024,10,Wingman,9.19,58,533.02
16/05/2024,11,Arcade Made,8.32,54,449.28
16/05/2024,12,Punk IPA,9.53,20,190.6
16/05/2024,13,Hazy Jane,9.78,6,58.68
16/05/2024,14,Shore Leave,8.59,86,738.74
16/05/2024,15,Simcoe Solo,8.59,52,446.68
16/05/2024,16,Lucky Break,9.52,69,656.88
17/05/2024,1,Black Heart,8.84,62,548.08
17/05/2024,2,Fools Gold,9.15,33,301.95
17/05/2024,3,Cold Beer B,9.77,69,674.13
17/05/2024,4,Lost Lager,8.47,57,482.79
17/05/2024,5,King Crush,8.15,32,260.8
17/05/2024,6,Wingman Tro,9.48,47,445.56
17/05/2024,7,Grind Stout,9.36,23,215.28
17/05/2024,8,Juice Shack,8.02,43,344.86
17/05/2024,9,Rocky Road,8.25,98,808.5
17/05/2024,10,Wingman,9.19,12,110.28
17/05/2024,11,Arcade Made,8.32,45,374.4
17/05/2024,12,Punk IPA,9.53,56,533.68
17/05/2024,13,Hazy Jane,9.78,27,264.06
17/05/2024,14,Shore Leave,8.59,48,412.32
17/05/2024,15,Simcoe Solo,8.59,2,17.18
17/05/2024,16,Lucky Break,9.52,41,390.32
18/05/2024,1,Black Heart,8.84,86,760.24
18/05/2024,2,Fools Gold,9.15,39,356.85
18/05/2024,3,Cold Beer B,9.77,50,488.5
18/05/2024,4,Lost Lager,8.47,20,169.4
18/05/2024,5,King Crush,8.15,26,211.9
18/05/2024,6,Wingman Tro,9.48,89,843.72
18/05/2024,7,Grind Stout,9.36,69,645.84
18/05/2024,8,Juice Shack,8.02,43,344.86
18/05/2024,9,Rocky Road,8.25,99,816.75
18/05/2024,10,Wingman,9.19,33,303.27
18/05/2024,11,Arcade Made,8.32,25,208
18/05/2024,12,Punk IPA,9.53,86,819.58
18/05/2024,13,Hazy Jane,9.78,6,58.68
18/05/2024,14,Shore Leave,8.59,4,34.36
18/05/2024,15,Simcoe Solo,8.59,78,670.02
18/05/2024,16,Lucky Break,9.52,8,76.16
19/05/2024,1,Black Heart,8.84,42,371.28
19/05/2024,2,Fools Gold,9.15,28,256.2
19/05/2024,3,Cold Beer B,9.77,21,205.17
19/05/2024,4,Lost Lager,8.47,31,262.57
19/05/2024,5,King Crush,8.15,13,105.95
19/05/2024,6,Wingman Tro,9.48,84,796.32
19/05/2024,7,Grind Stout,9.36,40,374.4
19/05/2024,8,Juice Shack,8.02,9,72.18
19/05/2024,9,Rocky Road,8.25,43,354.75
19/05/2024,10,Wingman,9.19,74,680.06
19/05/2024,11,Arcade Made,8.32,89,740.48
19/05/2024,12,Punk IPA,9.53,25,238.25
19/05/2024,13,Hazy Jane,9.78,54,528.12
19/05/2024,14,Shore Leave,8.59,85,730.15
19/05/2024,15,Simcoe Solo,8.59,82,704.38
19/05/2024,16,Lucky Break,9.52,7,66.64
20/05/2024,1,Black Heart,8.84,88,777.92
20/05/2024,2,Fools Gold,9.15,99,905.85
20/05/2024,3,Cold Beer B,9.77,85,830.45
20/05/2024,4,Lost Lager,8.47,81,686.07
20/05/2024,5,King Crush,8.15,66,537.9
20/05/2024,6,Wingman Tro,9.48,97,919.56
20/05/2024,7,Grind Stout,9.36,17,159.12
20/05/2024,8,Juice Shack,8.02,9,72.18
20/05/2024,9,Rocky Road,8.25,59,486.75
20/05/2024,10,Wingman,9.19,44,404.36
20/05/2024,11,Arcade Made,8.32,100,832
20/05/2024,12,Punk IPA,9.53,80,762.4
20/05/2024,13,Hazy Jane,9.78,5,48.9
20/05/2024,14,Shore Leave,8.59,84,721.56
20/05/2024,15,Simcoe Solo,8.59,72,618.48
20/05/2024,16,Lucky Break,9.52,13,123.76
21/05/2024,1,Black Heart,8.84,59,521.56
21/05/2024,2,Fools Gold,9.15,40,366
21/05/2024,3,Cold Beer B,9.77,14,136.78
21/05/2024,4,Lost Lager,8.47,85,719.95
21/05/2024,5,King Crush,8.15,36,293.4
21/05/2024,6,Wingman Tro,9.48,32,303.36
21/05/2024,7,Grind Stout,9.36,97,907.92
21/05/2024,8,Juice Shack,8.02,47,376.94
21/05/2024,9,Rocky Road,8.25,15,123.75
21/05/2024,10,Wingman,9.19,35,321.65
21/05/2024,11,Arcade Made,8.32,28,232.96
21/05/2024,12,Punk IPA,9.53,88,838.64
21/05/2024,13,Hazy Jane,9.78,69,674.82
21/05/2024,14,Shore Leave,8.59,50,429.5
21/05/2024,15,Simcoe Solo,8.59,56,481.04
21/05/2024,16,Lucky Break,9.52,26,247.52
22/05/2024,1,Black Heart,8.84,62,548.08
22/05/2024,2,Fools Gold,9.15,85,777.75
22/05/2024,3,Cold Beer B,9.77,8,78.16
22/05/2024,4,Lost Lager,8.47,91,770.77
22/05/2024,5,King Crush,8.15,3,24.45
22/05/2024,6,Wingman Tro,9.48,10,94.8
22/05/2024,7,Grind Stout,9.36,51,477.36
22/05/2024,8,Juice Shack,8.02,15,120.3
22/05/2024,9,Rocky Road,8.25,99,816.75
22/05/2024,10,Wingman,9.19,16,147.04
22/05/2024,11,Arcade Made,8.32,53,440.96
22/05/2024,12,Punk IPA,9.53,82,781.46
22/05/2024,13,Hazy Jane,9.78,12,117.36
22/05/2024,14,Shore Leave,8.59,52,446.68
22/05/2024,15,Simcoe Solo,8.59,71,609.89
22/05/2024,16,Lucky Break,9.52,44,418.88
23/05/2024,1,Black Heart,8.84,35,309.4
23/05/2024,2,Fools Gold,9.15,55,503.25
23/05/2024,3,Cold Beer B,9.77,34,332.18
23/05/2024,4,Lost Lager,8.47,82,694.54
23/05/2024,5,King Crush,8.15,67,546.05
23/05/2024,6,Wingman Tro,9.48,75,711
23/05/2024,7,Grind Stout,9.36,90,842.4
23/05/2024,8,Juice Shack,8.02,2,16.04
23/05/2024,9,Rocky Road,8.25,60,495
23/05/2024,10,Wingman,9.19,79,726.01
23/05/2024,11,Arcade Made,8.32,68,565.76
23/05/2024,12,Punk IPA,9.53,68,648.04
23/05/2024,13,Hazy Jane,9.78,1,9.78
23/05/2024,14,Shore Leave,8.59,82,704.38
23/05/2024,15,Simcoe Solo,8.59,85,730.15
23/05/2024,16,Lucky Break,9.52,19,180.88
24/05/2024,1,Black Heart,8.84,12,106.08
24/05/2024,2,Fools Gold,9.15,23,210.45
24/05/2024,3,Cold Beer B,9.77,82,801.14
24/05/2024,4,Lost Lager,8.47,82,694.54
24/05/2024,5,King Crush,8.15,25,203.75
24/05/2024,6,Wingman Tro,9.48,4,37.92
24/05/2024,7,Grind Stout,9.36,40,374.4
24/05/2024,8,Juice Shack,8.02,99,793.98
24/05/2024,9,Rocky Road,8.25,70,577.5
24/05/2024,10,Wingman,9.19,31,284.89
24/05/2024,11,Arcade Made,8.32,53,440.96
24/05/2024,12,Punk IPA,9.53,54,514.62
24/05/2024,13,Hazy Jane,9.78,68,665.04
24/05/2024,14,Shore Leave,8.59,98,841.82
24/05/2024,15,Simcoe Solo,8.59,94,807.46
24/05/2024,16,Lucky Break,9.52,53,504.56
25/05/2024,1,Black Heart,8.84,46,406.64
25/05/2024,2,Fools Gold,9.15,58,530.7
25/05/2024,3,Cold Beer B,9.77,94,918.38
25/05/2024,4,Lost Lager,8.47,79,669.13
25/05/2024,5,King Crush,8.15,53,431.95
25/05/2024,6,Wingman Tro,9.48,17,161.16
25/05/2024,7,Grind Stout,9.36,64,599.04
25/05/2024,8,Juice Shack,8.02,53,425.06
25/05/2024,9,Rocky Road,8.25,45,371.25
25/05/2024,10,Wingman,9.19,77,707.63
25/05/2024,11,Arcade Made,8.32,88,732.16
25/05/2024,12,Punk IPA,9.53,54,514.62
25/05/2024,13,Hazy Jane,9.78,28,273.84
25/05/2024,14,Shore Leave,8.59,100,859
25/05/2024,15,Simcoe Solo,8.59,95,816.05
25/05/2024,16,Lucky Break,9.52,18,171.36
26/05/2024,1,Black Heart,8.84,57,503.88
26/05/2024,2,Fools Gold,9.15,56,512.4
26/05/2024,3,Cold Beer B,9.77,79,771.83
26/05/2024,4,Lost Lager,8.47,89,753.83
26/05/2024,5,King Crush,8.15,98,798.7
26/05/2024,6,Wingman Tro,9.48,44,417.12
26/05/2024,7,Grind Stout,9.36,21,196.56
26/05/2024,8,Juice Shack,8.02,72,577.44
26/05/2024,9,Rocky Road,8.25,87,717.75
26/05/2024,10,Wingman,9.19,56,514.64
26/05/2024,11,Arcade Made,8.32,84,698.88
26/05/2024,12,Punk IPA,9.53,95,905.35
26/05/2024,13,Hazy Jane,9.78,93,909.54
26/05/2024,14,Shore Leave,8.59,90,773.1
26/05/2024,15,Simcoe Solo,8.59,11,94.49
26/05/2024,16,Lucky Break,9.52,0,0
27/05/2024,1,Black Heart,8.84,39,344.76
27/05/2024,2,Fools Gold,9.15,65,594.75
27/05/2024,3,Cold Beer B,9.77,49,478.73
27/05/2024,4,Lost Lager,8.47,57,482.79
27/05/2024,5,King Crush,8.15,45,366.75
27/05/2024,6,Wingman Tro,9.48,10,94.8
27/05/2024,7,Grind Stout,9.36,22,205.92
27/05/2024,8,Juice Shack,8.02,80,641.6
27/05/2024,9,Rocky Road,8.25,14,115.5
27/05/2024,10,Wingman,9.19,13,119.47
27/05/2024,11,Arcade Made,8.32,44,366.08
27/05/2024,12,Punk IPA,9.53,34,324.02
27/05/2024,13,Hazy Jane,9.78,71,694.38
27/05/2024,14,Shore Leave,8.59,56,481.04
27/05/2024,15,Simcoe Solo,8.59,19,163.21
27/05/2024,16,Lucky Break,9.52,50,476
28/05/2024,1,Black Heart,8.84,96,848.64
28/05/2024,2,Fools Gold,9.15,18,164.7
28/05/2024,3,Cold Beer B,9.77,99,967.23
28/05/2024,4,Lost Lager,8.47,21,177.87
28/05/2024,5,King Crush,8.15,20,163
28/05/2024,6,Wingman Tro,9.48,86,815.28
28/05/2024,7,Grind Stout,9.36,42,393.12
28/05/2024,8,Juice Shack,8.02,1,8.02
28/05/2024,9,Rocky Road,8.25,57,470.25
28/05/2024,10,Wingman,9.19,88,808.72
28/05/2024,11,Arcade Made,8.32,64,532.48
28/05/2024,12,Punk IPA,9.53,99,943.47
28/05/2024,13,Hazy Jane,9.78,99,968.22
28/05/2024,14,Shore Leave,8.59,2,17.18
28/05/2024,15,Simcoe Solo,8.59,44,377.96
28/05/2024,16,Lucky Break,9.52,19,180.88
29/05/2024,1,Black Heart,8.84,38,335.92
29/05/2024,2,Fools Gold,9.15,48,439.2
29/05/2024,3,Cold Beer B,9.77,31,302.87
29/05/2024,4,Lost Lager,8.47,48,406.56
29/05/2024,5,King Crush,8.15,70,570.5
29/05/2024,6,Wingman Tro,9.48,5,47.4
29/05/2024,7,Grind Stout,9.36,19,177.84
29/05/2024,8,Juice Shack,8.02,84,673.68
29/05/2024,9,Rocky Road,8.25,84,693
29/05/2024,10,Wingman,9.19,12,110.28
29/05/2024,11,Arcade Made,8.32,39,324.48
29/05/2024,12,Punk IPA,9.53,93,886.29
29/05/2024,13,Hazy Jane,9.78,53,518.34
29/05/2024,14,Shore Leave,8.59,62,532.58
29/05/2024,15,Simcoe Solo,8.59,57,489.63
29/05/2024,16,Lucky Break,9.52,62,590.24
30/05/2024,1,Black Heart,8.84,64,565.76
30/05/2024,2,Fools Gold,9.15,54,494.1
30/05/2024,3,Cold Beer B,9.77,7,68.39
30/05/2024,4,Lost Lager,8.47,67,567.49
30/05/2024,5,King Crush,8.15,40,326
30/05/2024,6,Wingman Tro,9.48,54,511.92
30/05/2024,7,Grind Stout,9.36,46,430.56
30/05/2024,8,Juice Shack,8.02,27,216.54
30/05/2024,9,Rocky Road,8.25,9,74.25
30/05/2024,10,Wingman,9.19,83,762.77
30/05/2024,11,Arcade Made,8.32,83,690.56
30/05/2024,12,Punk IPA,9.53,18,171.54
30/05/2024,13,Hazy Jane,9.78,53,518.34
30/05/2024,14,Shore Leave,8.59,4,34.36
30/05/2024,15,Simcoe Solo,8.59,47,403.73
30/05/2024,16,Lucky Break,9.52,17,161.84
31/05/2024,1,Black Heart,8.84,85,751.4
31/05/2024,2,Fools Gold,9.15,39,356.85
31/05/2024,3,Cold Beer B,9.77,10,97.7
31/05/2024,4,Lost Lager,8.47,26,220.22
31/05/2024,5,King Crush,8.15,55,448.25
31/05/2024,6,Wingman Tro,9.48,44,417.12
31/05/2024,7,Grind Stout,9.36,14,131.04
31/05/2024,8,Juice Shack,8.02,24,192.48
31/05/2024,9,Rocky Road,8.25,61,503.25
31/05/2024,10,Wingman,9.19,99,909.81
31/05/2024,11,Arcade Made,8.32,62,515.84
31/05/2024,12,Punk IPA,9.53,6,57.18
31/05/2024,13,Hazy Jane,9.78,20,195.6
31/05/2024,14,Shore Leave,8.59,13,111.67
31/05/2024,15,Simcoe Solo,8.59,70,601.3
31/05/2024,16,Lucky Break,9.52,33,314.16
01/06/2024,1,Black Heart,8.84,15,132.6
01/06/2024,2,Fools Gold,9.15,25,228.75
01/06/2024,3,Cold Beer B,9.77,74,722.98
01/06/2024,4,Lost Lager,8.47,5,42.35
01/06/2024,5,King Crush,8.15,97,790.55
01/06/2024,6,Wingman Tro,9.48,3,28.44
01/06/2024,7,Grind Stout,9.36,31,290.16
01/06/2024,8,Juice Shack,8.02,88,705.76
01/06/2024,9,Rocky Road,8.25,10,82.5
01/06/2024,10,Wingman,9.19,87,799.53
01/06/2024,11,Arcade Made,8.32,36,299.52
01/06/2024,12,Punk IPA,9.53,91,867.23
01/06/2024,13,Hazy Jane,9.78,98,958.44
01/06/2024,14,Shore Leave,8.59,80,687.2
01/06/2024,15,Simcoe Solo,8.59,39,335.01
01/06/2024,16,Lucky Break,9.52,34,323.68
02/06/2024,1,Black Heart,8.84,92,813.28
02/06/2024,2,Fools Gold,9.15,83,759.45
02/06/2024,3,Cold Beer B,9.77,37,361.49
02/06/2024,4,Lost Lager,8.47,79,669.13
02/06/2024,5,King Crush,8.15,46,374.9
02/06/2024,6,Wingman Tro,9.48,87,824.76
02/06/2024,7,Grind Stout,9.36,4,37.44
02/06/2024,8,Juice Shack,8.02,46,368.92
02/06/2024,9,Rocky Road,8.25,77,635.25
02/06/2024,10,Wingman,9.19,14,128.66
02/06/2024,11,Arcade Made,8.32,6,49.92
02/06/2024,12,Punk IPA,9.53,61,581.33
02/06/2024,13,Hazy Jane,9.78,74,723.72
02/06/2024,14,Shore Leave,8.59,64,549.76
02/06/2024,15,Simcoe Solo,8.59,18,154.62
02/06/2024,16,Lucky Break,9.52,39,371.28
03/06/2024,1,Black Heart,8.84,15,132.6
03/06/2024,2,Fools Gold,9.15,5,45.75
03/06/2024,3,Cold Beer B,9.77,44,429.88
03/06/2024,4,Lost Lager,8.47,74,626.78
03/06/2024,5,King Crush,8.15,25,203.75
03/06/2024,6,Wingman Tro,9.48,4,37.92
03/06/2024,7,Grind Stout,9.36,37,346.32
03/06/2024,8,Juice Shack,8.02,67,537.34
03/06/2024,9,Rocky Road,8.25,79,651.75
03/06/2024,10,Wingman,9.19,17,156.23
03/06/2024,11,Arcade Made,8.32,68,565.76
03/06/2024,12,Punk IPA,9.53,22,209.66
03/06/2024,13,Hazy Jane,9.78,100,978
03/06/2024,14,Shore Leave,8.59,32,274.88
03/06/2024,15,Simcoe Solo,8.59,64,549.76
03/06/2024,16,Lucky Break,9.52,47,447.44
04/06/2024,1,Black Heart,8.84,12,106.08
04/06/2024,2,Fools Gold,9.15,10,91.5
04/06/2024,3,Cold Beer B,9.77,31,302.87
04/06/2024,4,Lost Lager,8.47,56,474.32
04/06/2024,5,King Crush,8.15,51,415.65
04/06/2024,6,Wingman Tro,9.48,42,398.16
04/06/2024,7,Grind Stout,9.36,29,271.44
04/06/2024,8,Juice Shack,8.02,48,384.96
04/06/2024,9,Rocky Road,8.25,36,297
04/06/2024,10,Wingman,9.19,97,891.43
04/06/2024,11,Arcade Made,8.32,76,632.32
04/06/2024,12,Punk IPA,9.53,80,762.4
04/06/2024,13,Hazy Jane,9.78,30,293.4
04/06/2024,14,Shore Leave,8.59,59,506.81
04/06/2024,15,Simcoe Solo,8.59,21,180.39
04/06/2024,16,Lucky Break,9.52,71,675.92
05/06/2024,1,Black Heart,8.84,24,212.16
05/06/2024,2,Fools Gold,9.15,88,805.2
05/06/2024,3,Cold Beer B,9.77,92,898.84
05/06/2024,4,Lost Lager,8.47,95,804.65
05/06/2024,5,King Crush,8.15,91,741.65
05/06/2024,6,Wingman Tro,9.48,98,929.04
05/06/2024,7,Grind Stout,9.36,81,758.16
05/06/2024,8,Juice Shack,8.02,56,449.12
05/06/2024,9,Rocky Road,8.25,62,511.5
05/06/2024,10,Wingman,9.19,0,0
05/06/2024,11,Arcade Made,8.32,81,673.92
05/06/2024,12,Punk IPA,9.53,96,914.88
05/06/2024,13,Hazy Jane,9.78,53,518.34
05/06/2024,14,Shore Leave,8.59,61,523.99
05/06/2024,15,Simcoe Solo,8.59,60,515.4
05/06/2024,16,Lucky Break,9.52,76,723.52
06/06/2024,1,Black Heart,8.84,49,433.16
06/06/2024,2,Fools Gold,9.15,60,549
06/06/2024,3,Cold Beer B,9.77,37,361.49
06/06/2024,4,Lost Lager,8.47,73,618.31
06/06/2024,5,King Crush,8.15,78,635.7
06/06/2024,6,Wingman Tro,9.48,32,303.36
06/06/2024,7,Grind Stout,9.36,84,786.24
06/06/2024,8,Juice Shack,8.02,2,16.04
06/06/2024,9,Rocky Road,8.25,40,330
06/06/2024,10,Wingman,9.19,85,781.15
06/06/2024,11,Arcade Made,8.32,31,257.92
06/06/2024,12,Punk IPA,9.53,87,829.11
06/06/2024,13,Hazy Jane,9.78,42,410.76
06/06/2024,14,Shore Leave,8.59,58,498.22
06/06/2024,15,Simcoe Solo,8.59,10,85.9
06/06/2024,16,Lucky Break,9.52,56,533.12
07/06/2024,1,Black Heart,8.84,7,61.88
07/06/2024,2,Fools Gold,9.15,20,183
07/06/2024,3,Cold Beer B,9.77,14,136.78
07/06/2024,4,Lost Lager,8.47,97,821.59
07/06/2024,5,King Crush,8.15,30,244.5
07/06/2024,6,Wingman Tro,9.48,82,777.36
07/06/2024,7,Grind Stout,9.36,51,477.36
07/06/2024,8,Juice Shack,8.02,94,753.88
07/06/2024,9,Rocky Road,8.25,52,429
07/06/2024,10,Wingman,9.19,32,294.08
07/06/2024,11,Arcade Made,8.32,37,307.84
07/06/2024,12,Punk IPA,9.53,41,390.73
07/06/2024,13,Hazy Jane,9.78,88,860.64
07/06/2024,14,Shore Leave,8.59,69,592.71
07/06/2024,15,Simcoe Solo,8.59,86,738.74
07/06/2024,16,Lucky Break,9.52,29,276.08
08/06/2024,1,Black Heart,8.84,41,362.44
08/06/2024,2,Fools Gold,9.15,74,677.1
08/06/2024,3,Cold Beer B,9.77,27,263.79
08/06/2024,4,Lost Lager,8.47,6,50.82
08/06/2024,5,King Crush,8.15,29,236.35
08/06/2024,6,Wingman Tro,9.48,96,910.08
08/06/2024,7,Grind Stout,9.36,47,439.92
08/06/2024,8,Juice Shack,8.02,65,521.3
08/06/2024,9,Rocky Road,8.25,14,115.5
08/06/2024,10,Wingman,9.19,16,147.04
08/06/2024,11,Arcade Made,8.32,8,66.56
08/06/2024,12,Punk IPA,9.53,75,714.75
08/06/2024,13,Hazy Jane,9.78,33,322.74
08/06/2024,14,Shore Leave,8.59,64,549.76
08/06/2024,15,Simcoe Solo,8.59,77,661.43
08/06/2024,16,Lucky Break,9.52,20,190.4
09/06/2024,1,Black Heart,8.84,94,830.96
09/06/2024,2,Fools Gold,9.15,66,603.9
09/06/2024,3,Cold Beer B,9.77,17,166.09
09/06/2024,4,Lost Lager,8.47,55,465.85
09/06/2024,5,King Crush,8.15,64,521.6
09/06/2024,6,Wingman Tro,9.48,95,900.6
09/06/2024,7,Grind Stout,9.36,80,748.8
09/06/2024,8,Juice Shack,8.02,88,705.76
09/06/2024,9,Rocky Road,8.25,47,387.75
09/06/2024,10,Wingman,9.19,96,882.24
09/06/2024,11,Arcade Made,8.32,74,615.68
09/06/2024,12,Punk IPA,9.53,73,695.69
09/06/2024,13,Hazy Jane,9.78,85,831.3
09/06/2024,14,Shore Leave,8.59,77,661.43
09/06/2024,15,Simcoe Solo,8.59,80,687.2
09/06/2024,16,Lucky Break,9.52,51,485.52
10/06/2024,1,Black Heart,8.84,8,70.72
10/06/2024,2,Fools Gold,9.15,83,759.45
10/06/2024,3,Cold Beer B,9.77,41,400.57
10/06/2024,4,Lost Lager,8.47,10,84.7
10/06/2024,5,King Crush,8.15,71,578.65
10/06/2024,6,Wingman Tro,9.48,78,739.44
10/06/2024,7,Grind Stout,9.36,56,524.16
10/06/2024,8,Juice Shack,8.02,19,152.38
10/06/2024,9,Rocky Road,8.25,96,792
10/06/2024,10,Wingman,9.19,79,726.01
10/06/2024,11,Arcade Made,8.32,13,108.16
10/06/2024,12,Punk IPA,9.53,2,19.06
10/06/2024,13,Hazy Jane,9.78,36,352.08
10/06/2024,14,Shore Leave,8.59,8,68.72
10/06/2024,15,Simcoe Solo,8.59,34,292.06
10/06/2024,16,Lucky Break,9.52,11,104.72
11/06/2024,1,Black Heart,8.84,89,786.76
11/06/2024,2,Fools Gold,9.15,89,814.35
11/06/2024,3,Cold Beer B,9.77,30,293.1
11/06/2024,4,Lost Lager,8.47,2,16.94
11/06/2024,5,King Crush,8.15,22,179.3
11/06/2024,6,Wingman Tro,9.48,51,483.48
11/06/2024,7,Grind Stout,9.36,88,823.68
11/06/2024,8,Juice Shack,8.02,77,617.54
11/06/2024,9,Rocky Road,8.25,7,57.75
11/06/2024,10,Wingman,9.19,78,716.82
11/06/2024,11,Arcade Made,8.32,65,540.8
11/06/2024,12,Punk IPA,9.53,78,743.34
11/06/2024,13,Hazy Jane,9.78,78,762.84
11/06/2024,14,Shore Leave,8.59,33,283.47
11/06/2024,15,Simcoe Solo,8.59,58,498.22
11/06/2024,16,Lucky Break,9.52,37,352.24
12/06/2024,1,Black Heart,8.84,67,592.28
12/06/2024,2,Fools Gold,9.15,46,420.9
12/06/2024,3,Cold Beer B,9.77,20,195.4
12/06/2024,4,Lost Lager,8.47,54,457.38
12/06/2024,5,King Crush,8.15,74,603.1
12/06/2024,6,Wingman Tro,9.48,88,834.24
12/06/2024,7,Grind Stout,9.36,5,46.8
12/06/2024,8,Juice Shack,8.02,75,601.5
12/06/2024,9,Rocky Road,8.25,56,462
12/06/2024,10,Wingman,9.19,83,762.77
12/06/2024,11,Arcade Made,8.32,90,748.8
12/06/2024,12,Punk IPA,9.53,24,228.72
12/06/2024,13,Hazy Jane,9.78,53,518.34
12/06/2024,14,Shore Leave,8.59,62,532.58
12/06/2024,15,Simcoe Solo,8.59,60,515.4
12/06/2024,16,Lucky Break,9.52,1,9.52
13/06/2024,1,Black Heart,8.84,23,203.32
13/06/2024,2,Fools Gold,9.15,67,613.05
13/06/2024,3,Cold Beer B,9.77,53,517.81
13/06/2024,4,Lost Lager,8.47,86,728.42
13/06/2024,5,King Crush,8.15,50,407.5
13/06/2024,6,Wingman Tro,9.48,67,635.16
13/06/2024,7,Grind Stout,9.36,77,720.72
13/06/2024,8,Juice Shack,8.02,68,545.36
13/06/2024,9,Rocky Road,8.25,28,231
13/06/2024,10,Wingman,9.19,45,413.55
13/06/2024,11,Arcade Made,8.32,63,524.16
13/06/2024,12,Punk IPA,9.53,14,133.42
13/06/2024,13,Hazy Jane,9.78,30,293.4
13/06/2024,14,Shore Leave,8.59,77,661.43
13/06/2024,15,Simcoe Solo,8.59,76,652.84
13/06/2024,16,Lucky Break,9.52,62,590.24
14/06/2024,1,Black Heart,8.84,85,751.4
14/06/2024,2,Fools Gold,9.15,29,265.35
14/06/2024,3,Cold Beer B,9.77,19,185.63
14/06/2024,4,Lost Lager,8.47,62,525.14
14/06/2024,5,King Crush,8.15,80,652
14/06/2024,6,Wingman Tro,9.48,76,720.48
14/06/2024,7,Grind Stout,9.36,25,234
14/06/2024,8,Juice Shack,8.02,24,192.48
14/06/2024,9,Rocky Road,8.25,47,387.75
14/06/2024,10,Wingman,9.19,27,248.13
14/06/2024,11,Arcade Made,8.32,4,33.28
14/06/2024,12,Punk IPA,9.53,45,428.85
14/06/2024,13,Hazy Jane,9.78,6,58.68
14/06/2024,14,Shore Leave,8.59,13,111.67
14/06/2024,15,Simcoe Solo,8.59,46,395.14
14/06/2024,16,Lucky Break,9.52,11,104.72
15/06/2024,1,Black Heart,8.84,64,565.76
15/06/2024,2,Fools Gold,9.15,77,704.55
15/06/2024,3,Cold Beer B,9.77,53,517.81
15/06/2024,4,Lost Lager,8.47,90,762.3
15/06/2024,5,King Crush,8.15,3,24.45
15/06/2024,6,Wingman Tro,9.48,27,255.96
15/06/2024,7,Grind Stout,9.36,16,149.76
15/06/2024,8,Juice Shack,8.02,55,441.1
15/06/2024,9,Rocky Road,8.25,44,363
15/06/2024,10,Wingman,9.19,73,670.87
15/06/2024,11,Arcade Made,8.32,49,407.68
15/06/2024,12,Punk IPA,9.53,68,648.04
15/06/2024,13,Hazy Jane,9.78,92,899.76
15/06/2024,14,Shore Leave,8.59,23,197.57
15/06/2024,15,Simcoe Solo,8.59,92,790.28
15/06/2024,16,Lucky Break,9.52,42,399.84
16/06/2024,1,Black Heart,8.84,32,282.88
16/06/2024,2,Fools Gold,9.15,2,18.3
16/06/2024,3,Cold Beer B,9.77,39,381.03
16/06/2024,4,Lost Lager,8.47,5,42.35
16/06/2024,5,King Crush,8.15,48,391.2
16/06/2024,6,Wingman Tro,9.48,26,246.48
16/06/2024,7,Grind Stout,9.36,4,37.44
16/06/2024,8,Juice Shack,8.02,50,401
16/06/2024,9,Rocky Road,8.25,73,602.25
16/06/2024,10,Wingman,9.19,67,615.73
16/06/2024,11,Arcade Made,8.32,10,83.2
16/06/2024,12,Punk IPA,9.53,32,304.96
16/06/2024,13,Hazy Jane,9.78,78,762.84
16/06/2024,14,Shore Leave,8.59,68,584.12
16/06/2024,15,Simcoe Solo,8.59,77,661.43
16/06/2024,16,Lucky Break,9.52,65,618.8
17/06/2024,1,Black Heart,8.84,72,636.48
17/06/2024,2,Fools Gold,9.15,47,430.05
17/06/2024,3,Cold Beer B,9.77,74,722.98
17/06/2024,4,Lost Lager,8.47,41,347.27
17/06/2024,5,King Crush,8.15,53,431.95
17/06/2024,6,Wingman Tro,9.48,61,578.28
17/06/2024,7,Grind Stout,9.36,74,692.64
17/06/2024,8,Juice Shack,8.02,25,200.5
17/06/2024,9,Rocky Road,8.25,25,206.25
17/06/2024,10,Wingman,9.19,73,670.87
17/06/2024,11,Arcade Made,8.32,64,532.48
17/06/2024,12,Punk IPA,9.53,49,466.97
17/06/2024,13,Hazy Jane,9.78,60,586.8
17/06/2024,14,Shore Leave,8.59,62,532.58
17/06/2024,15,Simcoe Solo,8.59,93,798.87
17/06/2024,16,Lucky Break,9.52,27,257.04
18/06/2024,1,Black Heart,8.84,21,185.64
18/06/2024,2,Fools Gold,9.15,23,210.45
18/06/2024,3,Cold Beer B,9.77,0,0
18/06/2024,4,Lost Lager,8.47,48,406.56
18/06/2024,5,King Crush,8.15,53,431.95
18/06/2024,6,Wingman Tro,9.48,38,360.24
18/06/2024,7,Grind Stout,9.36,89,833.04
18/06/2024,8,Juice Shack,8.02,16,128.32
18/06/2024,9,Rocky Road,8.25,7,57.75
18/06/2024,10,Wingman,9.19,24,220.56
18/06/2024,11,Arcade Made,8.32,23,191.36
18/06/2024,12,Punk IPA,9.53,100,953
18/06/2024,13,Hazy Jane,9.78,11,107.58
18/06/2024,14,Shore Leave,8.59,54,463.86
18/06/2024,15,Simcoe Solo,8.59,20,171.8
18/06/2024,16,Lucky Break,9.52,29,276.08
19/06/2024,1,Black Heart,8.84,17,150.28
19/06/2024,2,Fools Gold,9.15,52,475.8
19/06/2024,3,Cold Beer B,9.77,36,351.72
19/06/2024,4,Lost Lager,8.47,61,516.67
19/06/2024,5,King Crush,8.15,23,187.45
19/06/2024,6,Wingman Tro,9.48,33,312.84
19/06/2024,7,Grind Stout,9.36,60,561.6
19/06/2024,8,Juice Shack,8.02,2,16.04
19/06/2024,9,Rocky Road,8.25,42,346.5
19/06/2024,10,Wingman,9.19,65,597.35
19/06/2024,11,Arcade Made,8.32,80,665.6
19/06/2024,12,Punk IPA,9.53,16,152.48
19/06/2024,13,Hazy Jane,9.78,62,606.36
19/06/2024,14,Shore Leave,8.59,44,377.96
19/06/2024,15,Simcoe Solo,8.59,49,420.91
19/06/2024,16,Lucky Break,9.52,51,485.52
20/06/2024,1,Black Heart,8.84,26,229.84
20/06/2024,2,Fools Gold,9.15,93,850.95
20/06/2024,3,Cold Beer B,9.77,80,781.6
20/06/2024,4,Lost Lager,8.47,51,431.97
20/06/2024,5,King Crush,8.15,29,236.35
20/06/2024,6,Wingman Tro,9.48,73,692.04
20/06/2024,7,Grind Stout,9.36,42,393.12
20/06/2024,8,Juice Shack,8.02,69,553.38
20/06/2024,9,Rocky Road,8.25,82,676.5
20/06/2024,10,Wingman,9.19,24,220.56
20/06/2024,11,Arcade Made,8.32,53,440.96
20/06/2024,12,Punk IPA,9.53,91,867.23
20/06/2024,13,Hazy Jane,9.78,49,479.22
20/06/2024,14,Shore Leave,8.59,34,292.06
20/06/2024,15,Simcoe Solo,8.59,66,566.94
20/06/2024,16,Lucky Break,9.52,38,361.76
21/06/2024,1,Black Heart,8.84,64,565.76
21/06/2024,2,Fools Gold,9.15,53,484.95
21/06/2024,3,Cold Beer B,9.77,58,566.66
21/06/2024,4,Lost Lager,8.47,30,254.1
21/06/2024,5,King Crush,8.15,14,114.1
21/06/2024,6,Wingman Tro,9.48,94,891.12
21/06/2024,7,Grind Stout,9.36,65,608.4
21/06/2024,8,Juice Shack,8.02,87,697.74
21/06/2024,9,Rocky Road,8.25,98,808.5
21/06/2024,10,Wingman,9.19,75,689.25
21/06/2024,11,Arcade Made,8.32,43,357.76
21/06/2024,12,Punk IPA,9.53,25,238.25
21/06/2024,13,Hazy Jane,9.78,14,136.92
21/06/2024,14,Shore Leave,8.59,73,627.07
21/06/2024,15,Simcoe Solo,8.59,49,420.91
21/06/2024,16,Lucky Break,9.52,29,276.08
22/06/2024,1,Black Heart,8.84,80,707.2
22/06/2024,2,Fools Gold,9.15,58,530.7
22/06/2024,3,Cold Beer B,9.77,62,605.74
22/06/2024,4,Lost Lager,8.47,58,491.26
22/06/2024,5,King Crush,8.15,17,138.55
22/06/2024,6,Wingman Tro,9.48,24,227.52
22/06/2024,7,Grind Stout,9.36,36,336.96
22/06/2024,8,Juice Shack,8.02,3,24.06
22/06/2024,9,Rocky Road,8.25,88,726
22/06/2024,10,Wingman,9.19,75,689.25
22/06/2024,11,Arcade Made,8.32,51,424.32
22/06/2024,12,Punk IPA,9.53,20,190.6
22/06/2024,13,Hazy Jane,9.78,85,831.3
22/06/2024,14,Shore Leave,8.59,59,506.81
22/06/2024,15,Simcoe Solo,8.59,71,609.89
22/06/2024,16,Lucky Break,9.52,31,295.12
23/06/2024,1,Black Heart,8.84,60,530.4
23/06/2024,2,Fools Gold,9.15,11,100.65
23/06/2024,3,Cold Beer B,9.77,98,957.46
23/06/2024,4,Lost Lager,8.47,93,787.71
23/06/2024,5,King Crush,8.15,94,766.1
23/06/2024,6,Wingman Tro,9.48,87,824.76
23/06/2024,7,Grind Stout,9.36,50,468
23/06/2024,8,Juice Shack,8.02,88,705.76
23/06/2024,9,Rocky Road,8.25,74,610.5
23/06/2024,10,Wingman,9.19,88,808.72
23/06/2024,11,Arcade Made,8.32,45,374.4
23/06/2024,12,Punk IPA,9.53,55,524.15
23/06/2024,13,Hazy Jane,9.78,34,332.52
23/06/2024,14,Shore Leave,8.59,63,541.17
23/06/2024,15,Simcoe Solo,8.59,80,687.2
23/06/2024,16,Lucky Break,9.52,19,180.88
24/06/2024,1,Black Heart,8.84,42,371.28
24/06/2024,2,Fools Gold,9.15,97,887.55
24/06/2024,3,Cold Beer B,9.77,8,78.16
24/06/2024,4,Lost Lager,8.47,84,711.48
24/06/2024,5,King Crush,8.15,61,497.15
24/06/2024,6,Wingman Tro,9.48,92,872.16
24/06/2024,7,Grind Stout,9.36,3,28.08
24/06/2024,8,Juice Shack,8.02,86,689.72
24/06/2024,9,Rocky Road,8.25,16,132
24/06/2024,10,Wingman,9.19,15,137.85
24/06/2024,11,Arcade Made,8.32,76,632.32
24/06/2024,12,Punk IPA,9.53,14,133.42
24/06/2024,13,Hazy Jane,9.78,0,0
24/06/2024,14,Shore Leave,8.59,20,171.8
24/06/2024,15,Simcoe Solo,8.59,45,386.55
24/06/2024,16,Lucky Break,9.52,8,76.16
25/06/2024,1,Black Heart,8.84,59,521.56
25/06/2024,2,Fools Gold,9.15,28,256.2
25/06/2024,3,Cold Beer B,9.77,19,185.63
25/06/2024,4,Lost Lager,8.47,84,711.48
25/06/2024,5,King Crush,8.15,48,391.2
25/06/2024,6,Wingman Tro,9.48,94,891.12
25/06/2024,7,Grind Stout,9.36,0,0
25/06/2024,8,Juice Shack,8.02,100,802
25/06/2024,9,Rocky Road,8.25,61,503.25
25/06/2024,10,Wingman,9.19,41,376.79
25/06/2024,11,Arcade Made,8.32,88,732.16
25/06/2024,12,Punk IPA,9.53,38,362.14
25/06/2024,13,Hazy Jane,9.78,24,234.72
25/06/2024,14,Shore Leave,8.59,24,206.16
25/06/2024,15,Simcoe Solo,8.59,89,764.51
25/06/2024,16,Lucky Break,9.52,40,380.8
26/06/2024,1,Black Heart,8.84,82,724.88
26/06/2024,2,Fools Gold,9.15,38,347.7
26/06/2024,3,Cold Beer B,9.77,40,390.8
26/06/2024,4,Lost Lager,8.47,54,457.38
26/06/2024,5,King Crush,8.15,93,757.95
26/06/2024,6,Wingman Tro,9.48,53,502.44
26/06/2024,7,Grind Stout,9.36,38,355.68
26/06/2024,8,Juice Shack,8.02,87,697.74
26/06/2024,9,Rocky Road,8.25,57,470.25
26/06/2024,10,Wingman,9.19,25,229.75
26/06/2024,11,Arcade Made,8.32,79,657.28
26/06/2024,12,Punk IPA,9.53,3,28.59
26/06/2024,13,Hazy Jane,9.78,27,264.06
26/06/2024,14,Shore Leave,8.59,64,549.76
26/06/2024,15,Simcoe Solo,8.59,79,678.61
26/06/2024,16,Lucky Break,9.52,55,523.6
27/06/2024,1,Black Heart,8.84,79,698.36
27/06/2024,2,Fools Gold,9.15,19,173.85
27/06/2024,3,Cold Beer B,9.77,50,488.5
27/06/2024,4,Lost Lager,8.47,66,559.02
27/06/2024,5,King Crush,8.15,48,391.2
27/06/2024,6,Wingman Tro,9.48,95,900.6
27/06/2024,7,Grind Stout,9.36,35,327.6
27/06/2024,8,Juice Shack,8.02,87,697.74
27/06/2024,9,Rocky Road,8.25,47,387.75
27/06/2024,10,Wingman,9.19,9,82.71
27/06/2024,11,Arcade Made,8.32,60,499.2
27/06/2024,12,Punk IPA,9.53,17,162.01
27/06/2024,13,Hazy Jane,9.78,97,948.66
27/06/2024,14,Shore Leave,8.59,67,575.53
27/06/2024,15,Simcoe Solo,8.59,85,730.15
27/06/2024,16,Lucky Break,9.52,24,228.48
28/06/2024,1,Black Heart,8.84,95,839.8
28/06/2024,2,Fools Gold,9.15,55,503.25
28/06/2024,3,Cold Beer B,9.77,61,595.97
28/06/2024,4,Lost Lager,8.47,38,321.86
28/06/2024,5,King Crush,8.15,6,48.9
28/06/2024,6,Wingman Tro,9.48,16,151.68
28/06/2024,7,Grind Stout,9.36,56,524.16
28/06/2024,8,Juice Shack,8.02,25,200.5
28/06/2024,9,Rocky Road,8.25,54,445.5
28/06/2024,10,Wingman,9.19,56,514.64
28/06/2024,11,Arcade Made,8.32,82,682.24
28/06/2024,12,Punk IPA,9.53,100,953
28/06/2024,13,Hazy Jane,9.78,86,841.08
28/06/2024,14,Shore Leave,8.59,52,446.68
28/06/2024,15,Simcoe Solo,8.59,76,652.84
28/06/2024,16,Lucky Break,9.52,44,418.88
29/06/2024,1,Black Heart,8.84,75,663
29/06/2024,2,Fools Gold,9.15,58,530.7
29/06/2024,3,Cold Beer B,9.77,79,771.83
29/06/2024,4,Lost Lager,8.47,73,618.31
29/06/2024,5,King Crush,8.15,98,798.7
29/06/2024,6,Wingman Tro,9.48,85,805.8
29/06/2024,7,Grind Stout,9.36,2,18.72
29/06/2024,8,Juice Shack,8.02,74,593.48
29/06/2024,9,Rocky Road,8.25,93,767.25
29/06/2024,10,Wingman,9.19,70,643.3
29/06/2024,11,Arcade Made,8.32,64,532.48
29/06/2024,12,Punk IPA,9.53,89,848.17
29/06/2024,13,Hazy Jane,9.78,2,19.56
29/06/2024,14,Shore Leave,8.59,49,420.91
29/06/2024,15,Simcoe Solo,8.59,21,180.39
29/06/2024,16,Lucky Break,9.52,91,866.32
30/06/2024,1,Black Heart,8.84,56,495.04
30/06/2024,2,Fools Gold,9.15,26,237.9
30/06/2024,3,Cold Beer B,9.77,45,439.65
30/06/2024,4,Lost Lager,8.47,40,338.8
30/06/2024,5,King Crush,8.15,45,366.75
30/06/2024,6,Wingman Tro,9.48,25,237
30/06/2024,7,Grind Stout,9.36,58,542.88
30/06/2024,8,Juice Shack,8.02,29,232.58
30/06/2024,9,Rocky Road,8.25,0,0
30/06/2024,10,Wingman,9.19,1,9.19
30/06/2024,11,Arcade Made,8.32,48,399.36
30/06/2024,12,Punk IPA,9.53,34,324.02
30/06/2024,13,Hazy Jane,9.78,71,694.38
30/06/2024,14,Shore Leave,8.59,79,678.61
30/06/2024,15,Simcoe Solo,8.59,25,214.75
30/06/2024,16,Lucky Break,9.52,75,714
01/07/2024,1,Black Heart,8.84,26,229.84
01/07/2024,2,Fools Gold,9.15,8,73.2
01/07/2024,3,Cold Beer B,9.77,36,351.72
01/07/2024,4,Lost Lager,8.47,97,821.59
01/07/2024,5,King Crush,8.15,82,668.3
01/07/2024,6,Wingman Tro,9.48,74,701.52
01/07/2024,7,Grind Stout,9.36,45,421.2
01/07/2024,8,Juice Shack,8.02,83,665.66
01/07/2024,9,Rocky Road,8.25,27,222.75
01/07/2024,10,Wingman,9.19,35,321.65
01/07/2024,11,Arcade Made,8.32,21,174.72
01/07/2024,12,Punk IPA,9.53,59,562.27
01/07/2024,13,Hazy Jane,9.78,25,244.5
01/07/2024,14,Shore Leave,8.59,53,455.27
01/07/2024,15,Simcoe Solo,8.59,58,498.22
01/07/2024,16,Lucky Break,9.52,37,352.24
02/07/2024,1,Black Heart,8.84,13,114.92
02/07/2024,2,Fools Gold,9.15,23,210.45
02/07/2024,3,Cold Beer B,9.77,1,9.77
02/07/2024,4,Lost Lager,8.47,6,50.82
02/07/2024,5,King Crush,8.15,39,317.85
02/07/2024,6,Wingman Tro,9.48,27,255.96
02/07/2024,7,Grind Stout,9.36,65,608.4
02/07/2024,8,Juice Shack,8.02,91,729.82
02/07/2024,9,Rocky Road,8.25,26,214.5
02/07/2024,10,Wingman,9.19,14,128.66
02/07/2024,11,Arcade Made,8.32,94,782.08
02/07/2024,12,Punk IPA,9.53,38,362.14
02/07/2024,13,Hazy Jane,9.78,53,518.34
02/07/2024,14,Shore Leave,8.59,34,292.06
02/07/2024,15,Simcoe Solo,8.59,55,472.45
02/07/2024,16,Lucky Break,9.52,37,352.24
03/07/2024,1,Black Heart,8.84,31,274.04
03/07/2024,2,Fools Gold,9.15,1,9.15
03/07/2024,3,Cold Beer B,9.77,99,967.23
03/07/2024,4,Lost Lager,8.47,12,101.64
03/07/2024,5,King Crush,8.15,8,65.2
03/07/2024,6,Wingman Tro,9.48,18,170.64
03/07/2024,7,Grind Stout,9.36,41,383.76
03/07/2024,8,Juice Shack,8.02,55,441.1
03/07/2024,9,Rocky Road,8.25,9,74.25
03/07/2024,10,Wingman,9.19,80,735.2
03/07/2024,11,Arcade Made,8.32,71,590.72
03/07/2024,12,Punk IPA,9.53,34,324.02
03/07/2024,13,Hazy Jane,9.78,47,459.66
03/07/2024,14,Shore Leave,8.59,81,695.79
03/07/2024,15,Simcoe Solo,8.59,32,274.88
03/07/2024,16,Lucky Break,9.52,44,418.88
04/07/2024,1,Black Heart,8.84,28,247.52
04/07/2024,2,Fools Gold,9.15,10,91.5
04/07/2024,3,Cold Beer B,9.77,30,293.1
04/07/2024,4,Lost Lager,8.47,44,372.68
04/07/2024,5,King Crush,8.15,43,350.45
04/07/2024,6,Wingman Tro,9.48,80,758.4
04/07/2024,7,Grind Stout,9.36,54,505.44
04/07/2024,8,Juice Shack,8.02,42,336.84
04/07/2024,9,Rocky Road,8.25,99,816.75
04/07/2024,10,Wingman,9.19,40,367.6
04/07/2024,11,Arcade Made,8.32,78,648.96
04/07/2024,12,Punk IPA,9.53,14,133.42
04/07/2024,13,Hazy Jane,9.78,1,9.78
04/07/2024,14,Shore Leave,8.59,53,455.27
04/07/2024,15,Simcoe Solo,8.59,20,171.8
04/07/2024,16,Lucky Break,9.52,8,76.16
05/07/2024,1,Black Heart,8.84,85,751.4
05/07/2024,2,Fools Gold,9.15,34,311.1
05/07/2024,3,Cold Beer B,9.77,25,244.25
05/07/2024,4,Lost Lager,8.47,81,686.07
05/07/2024,5,King Crush,8.15,83,676.45
05/07/2024,6,Wingman Tro,9.48,17,161.16
05/07/2024,7,Grind Stout,9.36,72,673.92
05/07/2024,8,Juice Shack,8.02,26,208.52
05/07/2024,9,Rocky Road,8.25,53,437.25
05/07/2024,10,Wingman,9.19,8,73.52
05/07/2024,11,Arcade Made,8.32,31,257.92
05/07/2024,12,Punk IPA,9.53,59,562.27
05/07/2024,13,Hazy Jane,9.78,81,792.18
05/07/2024,14,Shore Leave,8.59,13,111.67
05/07/2024,15,Simcoe Solo,8.59,40,343.6
05/07/2024,16,Lucky Break,9.52,69,656.88
06/07/2024,1,Black Heart,8.84,89,786.76
06/07/2024,2,Fools Gold,9.15,97,887.55
06/07/2024,3,Cold Beer B,9.77,74,722.98
06/07/2024,4,Lost Lager,8.47,34,287.98
06/07/2024,5,King Crush,8.15,1,8.15
06/07/2024,6,Wingman Tro,9.48,94,891.12
06/07/2024,7,Grind Stout,9.36,23,215.28
06/07/2024,8,Juice Shack,8.02,39,312.78
06/07/2024,9,Rocky Road,8.25,13,107.25
06/07/2024,10,Wingman,9.19,58,533.02
06/07/2024,11,Arcade Made,8.32,52,432.64
06/07/2024,12,Punk IPA,9.53,5,47.65
06/07/2024,13,Hazy Jane,9.78,10,97.8
06/07/2024,14,Shore Leave,8.59,5,42.95
06/07/2024,15,Simcoe Solo,8.59,64,549.76
06/07/2024,16,Lucky Break,9.52,59,561.68
07/07/2024,1,Black Heart,8.84,83,733.72
07/07/2024,2,Fools Gold,9.15,50,457.5
07/07/2024,3,Cold Beer B,9.77,75,732.75
07/07/2024,4,Lost Lager,8.47,65,550.55
07/07/2024,5,King Crush,8.15,22,179.3
07/07/2024,6,Wingman Tro,9.48,56,530.88
07/07/2024,7,Grind Stout,9.36,84,786.24
07/07/2024,8,Juice Shack,8.02,22,176.44
07/07/2024,9,Rocky Road,8.25,99,816.75
07/07/2024,10,Wingman,9.19,13,119.47
07/07/2024,11,Arcade Made,8.32,67,557.44
07/07/2024,12,Punk IPA,9.53,35,333.55
07/07/2024,13,Hazy Jane,9.78,74,723.72
07/07/2024,14,Shore Leave,8.59,76,652.84
07/07/2024,15,Simcoe Solo,8.59,54,463.86
07/07/2024,16,Lucky Break,9.52,49,466.48
08/07/2024,1,Black Heart,8.84,27,238.68
08/07/2024,2,Fools Gold,9.15,93,850.95
08/07/2024,3,Cold Beer B,9.77,8,78.16
08/07/2024,4,Lost Lager,8.47,30,254.1
08/07/2024,5,King Crush,8.15,26,211.9
08/07/2024,6,Wingman Tro,9.48,76,720.48
08/07/2024,7,Grind Stout,9.36,64,599.04
08/07/2024,8,Juice Shack,8.02,43,344.86
08/07/2024,9,Rocky Road,8.25,85,701.25
08/07/2024,10,Wingman,9.19,91,836.29
08/07/2024,11,Arcade Made,8.32,41,341.12
08/07/2024,12,Punk IPA,9.53,26,247.78
08/07/2024,13,Hazy Jane,9.78,0,0
08/07/2024,14,Shore Leave,8.59,58,498.22
08/07/2024,15,Simcoe Solo,8.59,89,764.51
08/07/2024,16,Lucky Break,9.52,9,85.68
09/07/2024,1,Black Heart,8.84,87,769.08
09/07/2024,2,Fools Gold,9.15,34,311.1
09/07/2024,3,Cold Beer B,9.77,17,166.09
09/07/2024,4,Lost Lager,8.47,94,796.18
09/07/2024,5,King Crush,8.15,75,611.25
09/07/2024,6,Wingman Tro,9.48,53,502.44
09/07/2024,7,Grind Stout,9.36,55,514.8
09/07/2024,8,Juice Shack,8.02,15,120.3
09/07/2024,9,Rocky Road,8.25,14,115.5
09/07/2024,10,Wingman,9.19,57,523.83
09/07/2024,11,Arcade Made,8.32,83,690.56
09/07/2024,12,Punk IPA,9.53,64,609.92
09/07/2024,13,Hazy Jane,9.78,17,166.26
09/07/2024,14,Shore Leave,8.59,24,206.16
09/07/2024,15,Simcoe Solo,8.59,41,352.19
09/07/2024,16,Lucky Break,9.52,32,304.64
10/07/2024,1,Black Heart,8.84,89,786.76
10/07/2024,2,Fools Gold,9.15,81,741.15
10/07/2024,3,Cold Beer B,9.77,14,136.78
10/07/2024,4,Lost Lager,8.47,60,508.2
10/07/2024,5,King Crush,8.15,62,505.3
10/07/2024,6,Wingman Tro,9.48,28,265.44
10/07/2024,7,Grind Stout,9.36,100,936
10/07/2024,8,Juice Shack,8.02,48,384.96
10/07/2024,9,Rocky Road,8.25,85,701.25
10/07/2024,10,Wingman,9.19,3,27.57
10/07/2024,11,Arcade Made,8.32,22,183.04
10/07/2024,12,Punk IPA,9.53,75,714.75
10/07/2024,13,Hazy Jane,9.78,65,635.7
10/07/2024,14,Shore Leave,8.59,71,609.89
10/07/2024,15,Simcoe Solo,8.59,26,223.34
10/07/2024,16,Lucky Break,9.52,50,476
11/07/2024,1,Black Heart,8.84,39,344.76
11/07/2024,2,Fools Gold,9.15,88,805.2
11/07/2024,3,Cold Beer B,9.77,67,654.59
11/07/2024,4,Lost Lager,8.47,64,542.08
11/07/2024,5,King Crush,8.15,65,529.75
11/07/2024,6,Wingman Tro,9.48,19,180.12
11/07/2024,7,Grind Stout,9.36,78,730.08
11/07/2024,8,Juice Shack,8.02,84,673.68
11/07/2024,9,Rocky Road,8.25,36,297
11/07/2024,10,Wingman,9.19,7,64.33
11/07/2024,11,Arcade Made,8.32,90,748.8
11/07/2024,12,Punk IPA,9.53,58,552.74
11/07/2024,13,Hazy Jane,9.78,75,733.5
11/07/2024,14,Shore Leave,8.59,68,584.12
11/07/2024,15,Simcoe Solo,8.59,5,42.95
11/07/2024,16,Lucky Break,9.52,46,437.92
12/07/2024,1,Black Heart,8.84,0,0
12/07/2024,2,Fools Gold,9.15,97,887.55
12/07/2024,3,Cold Beer B,9.77,58,566.66
12/07/2024,4,Lost Lager,8.47,70,592.9
12/07/2024,5,King Crush,8.15,88,717.2
12/07/2024,6,Wingman Tro,9.48,76,720.48
12/07/2024,7,Grind Stout,9.36,18,168.48
12/07/2024,8,Juice Shack,8.02,70,561.4
12/07/2024,9,Rocky Road,8.25,55,453.75
12/07/2024,10,Wingman,9.19,22,202.18
12/07/2024,11,Arcade Made,8.32,79,657.28
12/07/2024,12,Punk IPA,9.53,44,419.32
12/07/2024,13,Hazy Jane,9.78,3,29.34
12/07/2024,14,Shore Leave,8.59,65,558.35
12/07/2024,15,Simcoe Solo,8.59,69,592.71
12/07/2024,16,Lucky Break,9.52,23,218.96
13/07/2024,1,Black Heart,8.84,27,238.68
13/07/2024,2,Fools Gold,9.15,48,439.2
13/07/2024,3,Cold Beer B,9.77,92,898.84
13/07/2024,4,Lost Lager,8.47,86,728.42
13/07/2024,5,King Crush,8.15,13,105.95
13/07/2024,6,Wingman Tro,9.48,72,682.56
13/07/2024,7,Grind Stout,9.36,38,355.68
13/07/2024,8,Juice Shack,8.02,32,256.64
13/07/2024,9,Rocky Road,8.25,71,585.75
13/07/2024,10,Wingman,9.19,51,468.69
13/07/2024,11,Arcade Made,8.32,56,465.92
13/07/2024,12,Punk IPA,9.53,75,714.75
13/07/2024,13,Hazy Jane,9.78,41,400.98
13/07/2024,14,Shore Leave,8.59,87,747.33
13/07/2024,15,Simcoe Solo,8.59,30,257.7
13/07/2024,16,Lucky Break,9.52,21,199.92
14/07/2024,1,Black Heart,8.84,38,335.92
14/07/2024,2,Fools Gold,9.15,15,137.25
14/07/2024,3,Cold Beer B,9.77,100,977
14/07/2024,4,Lost Lager,8.47,15,127.05
14/07/2024,5,King Crush,8.15,32,260.8
14/07/2024,6,Wingman Tro,9.48,10,94.8
14/07/2024,7,Grind Stout,9.36,86,804.96
14/07/2024,8,Juice Shack,8.02,95,761.9
14/07/2024,9,Rocky Road,8.25,20,165
14/07/2024,10,Wingman,9.19,92,845.48
14/07/2024,11,Arcade Made,8.32,63,524.16
14/07/2024,12,Punk IPA,9.53,88,838.64
14/07/2024,13,Hazy Jane,9.78,98,958.44
14/07/2024,14,Shore Leave,8.59,0,0
14/07/2024,15,Simcoe Solo,8.59,67,575.53
14/07/2024,16,Lucky Break,9.52,42,399.84
15/07/2024,1,Black Heart,8.84,31,274.04
15/07/2024,2,Fools Gold,9.15,70,640.5
15/07/2024,3,Cold Beer B,9.77,29,283.33
15/07/2024,4,Lost Lager,8.47,57,482.79
15/07/2024,5,King Crush,8.15,11,89.65
15/07/2024,6,Wingman Tro,9.48,26,246.48
15/07/2024,7,Grind Stout,9.36,70,655.2
15/07/2024,8,Juice Shack,8.02,12,96.24
15/07/2024,9,Rocky Road,8.25,88,726
15/07/2024,10,Wingman,9.19,30,275.7
15/07/2024,11,Arcade Made,8.32,68,565.76
15/07/2024,12,Punk IPA,9.53,97,924.41
15/07/2024,13,Hazy Jane,9.78,42,410.76
15/07/2024,14,Shore Leave,8.59,79,678.61
15/07/2024,15,Simcoe Solo,8.59,39,335.01
15/07/2024,16,Lucky Break,9.52,74,704.48
16/07/2024,1,Black Heart,8.84,88,777.92
16/07/2024,2,Fools Gold,9.15,17,155.55
16/07/2024,3,Cold Beer B,9.77,39,381.03
16/07/2024,4,Lost Lager,8.47,27,228.69
16/07/2024,5,King Crush,8.15,36,293.4
16/07/2024,6,Wingman Tro,9.48,10,94.8
16/07/2024,7,Grind Stout,9.36,78,730.08
16/07/2024,8,Juice Shack,8.02,1,8.02
16/07/2024,9,Rocky Road,8.25,81,668.25
16/07/2024,10,Wingman,9.19,76,698.44
16/07/2024,11,Arcade Made,8.32,97,807.04
16/07/2024,12,Punk IPA,9.53,62,590.86
16/07/2024,13,Hazy Jane,9.78,24,234.72
16/07/2024,14,Shore Leave,8.59,100,859
16/07/2024,15,Simcoe Solo,8.59,14,120.26
16/07/2024,16,Lucky Break,9.52,79,752.08
17/07/2024,1,Black Heart,8.84,7,61.88
17/07/2024,2,Fools Gold,9.15,3,27.45
17/07/2024,3,Cold Beer B,9.77,0,0
17/07/2024,4,Lost Lager,8.47,10,84.7
17/07/2024,5,King Crush,8.15,62,505.3
17/07/2024,6,Wingman Tro,9.48,85,805.8
17/07/2024,7,Grind Stout,9.36,12,112.32
17/07/2024,8,Juice Shack,8.02,9,72.18
17/07/2024,9,Rocky Road,8.25,60,495
17/07/2024,10,Wingman,9.19,63,578.97
17/07/2024,11,Arcade Made,8.32,26,216.32
17/07/2024,12,Punk IPA,9.53,19,181.07
17/07/2024,13,Hazy Jane,9.78,34,332.52
17/07/2024,14,Shore Leave,8.59,4,34.36
17/07/2024,15,Simcoe Solo,8.59,11,94.49
17/07/2024,16,Lucky Break,9.52,55,523.6
18/07/2024,1,Black Heart,8.84,43,380.12
18/07/2024,2,Fools Gold,9.15,53,484.95
18/07/2024,3,Cold Beer B,9.77,81,791.37
18/07/2024,4,Lost Lager,8.47,2,16.94
18/07/2024,5,King Crush,8.15,16,130.4
18/07/2024,6,Wingman Tro,9.48,47,445.56
18/07/2024,7,Grind Stout,9.36,100,936
18/07/2024,8,Juice Shack,8.02,7,56.14
18/07/2024,9,Rocky Road,8.25,88,726
18/07/2024,10,Wingman,9.19,38,349.22
18/07/2024,11,Arcade Made,8.32,15,124.8
18/07/2024,12,Punk IPA,9.53,64,609.92
18/07/2024,13,Hazy Jane,9.78,0,0
18/07/2024,14,Shore Leave,8.59,88,755.92
18/07/2024,15,Simcoe Solo,8.59,42,360.78
18/07/2024,16,Lucky Break,9.52,73,694.96
19/07/2024,1,Black Heart,8.84,77,680.68
19/07/2024,2,Fools Gold,9.15,55,503.25
19/07/2024,3,Cold Beer B,9.77,92,898.84
19/07/2024,4,Lost Lager,8.47,22,186.34
19/07/2024,5,King Crush,8.15,58,472.7
19/07/2024,6,Wingman Tro,9.48,89,843.72
19/07/2024,7,Grind Stout,9.36,75,702
19/07/2024,8,Juice Shack,8.02,14,112.28
19/07/2024,9,Rocky Road,8.25,86,709.5
19/07/2024,10,Wingman,9.19,62,569.78
19/07/2024,11,Arcade Made,8.32,52,432.64
19/07/2024,12,Punk IPA,9.53,50,476.5
19/07/2024,13,Hazy Jane,9.78,78,762.84
19/07/2024,14,Shore Leave,8.59,66,566.94
19/07/2024,15,Simcoe Solo,8.59,52,446.68
19/07/2024,16,Lucky Break,9.52,78,742.56
20/07/2024,1,Black Heart,8.84,72,636.48
20/07/2024,2,Fools Gold,9.15,30,274.5
20/07/2024,3,Cold Beer B,9.77,8,78.16
20/07/2024,4,Lost Lager,8.47,49,415.03
20/07/2024,5,King Crush,8.15,21,171.15
20/07/2024,6,Wingman Tro,9.48,43,407.64
20/07/2024,7,Grind Stout,9.36,94,879.84
20/07/2024,8,Juice Shack,8.02,25,200.5
20/07/2024,9,Rocky Road,8.25,54,445.5
20/07/2024,10,Wingman,9.19,78,716.82
20/07/2024,11,Arcade Made,8.32,8,66.56
20/07/2024,12,Punk IPA,9.53,3,28.59
20/07/2024,13,Hazy Jane,9.78,95,929.1
20/07/2024,14,Shore Leave,8.59,27,231.93
20/07/2024,15,Simcoe Solo,8.59,4,34.36
20/07/2024,16,Lucky Break,9.52,57,542.64
21/07/2024,1,Black Heart,8.84,8,70.72
21/07/2024,2,Fools Gold,9.15,12,109.8
21/07/2024,3,Cold Beer B,9.77,2,19.54
21/07/2024,4,Lost Lager,8.47,77,652.19
21/07/2024,5,King Crush,8.15,27,220.05
21/07/2024,6,Wingman Tro,9.48,49,464.52
21/07/2024,7,Grind Stout,9.36,94,879.84
21/07/2024,8,Juice Shack,8.02,61,489.22
21/07/2024,9,Rocky Road,8.25,38,313.5
21/07/2024,10,Wingman,9.19,60,551.4
21/07/2024,11,Arcade Made,8.32,19,158.08
21/07/2024,12,Punk IPA,9.53,50,476.5
21/07/2024,13,Hazy Jane,9.78,3,29.34
21/07/2024,14,Shore Leave,8.59,13,111.67
21/07/2024,15,Simcoe Solo,8.59,24,206.16
21/07/2024,16,Lucky Break,9.52,65,618.8
22/07/2024,1,Black Heart,8.84,33,291.72
22/07/2024,2,Fools Gold,9.15,75,686.25
22/07/2024,3,Cold Beer B,9.77,73,713.21
22/07/2024,4,Lost Lager,8.47,95,804.65
22/07/2024,5,King Crush,8.15,72,586.8
22/07/2024,6,Wingman Tro,9.48,62,587.76
22/07/2024,7,Grind Stout,9.36,97,907.92
22/07/2024,8,Juice Shack,8.02,66,529.32
22/07/2024,9,Rocky Road,8.25,65,536.25
22/07/2024,10,Wingman,9.19,19,174.61
22/07/2024,11,Arcade Made,8.32,79,657.28
22/07/2024,12,Punk IPA,9.53,30,285.9
22/07/2024,13,Hazy Jane,9.78,26,254.28
22/07/2024,14,Shore Leave,8.59,98,841.82
22/07/2024,15,Simcoe Solo,8.59,35,300.65
22/07/2024,16,Lucky Break,9.52,80,761.6
23/07/2024,1,Black Heart,8.84,13,114.92
23/07/2024,2,Fools Gold,9.15,87,796.05
23/07/2024,3,Cold Beer B,9.77,14,136.78
23/07/2024,4,Lost Lager,8.47,41,347.27
23/07/2024,5,King Crush,8.15,32,260.8
23/07/2024,6,Wingman Tro,9.48,88,834.24
23/07/2024,7,Grind Stout,9.36,65,608.4
23/07/2024,8,Juice Shack,8.02,24,192.48
23/07/2024,9,Rocky Road,8.25,42,346.5
23/07/2024,10,Wingman,9.19,47,431.93
23/07/2024,11,Arcade Made,8.32,90,748.8
23/07/2024,12,Punk IPA,9.53,58,552.74
23/07/2024,13,Hazy Jane,9.78,88,860.64
23/07/2024,14,Shore Leave,8.59,63,541.17
23/07/2024,15,Simcoe Solo,8.59,17,146.03
23/07/2024,16,Lucky Break,9.52,53,504.56
24/07/2024,1,Black Heart,8.84,10,88.4
24/07/2024,2,Fools Gold,9.15,25,228.75
24/07/2024,3,Cold Beer B,9.77,33,322.41
24/07/2024,4,Lost Lager,8.47,39,330.33
24/07/2024,5,King Crush,8.15,25,203.75
24/07/2024,6,Wingman Tro,9.48,27,255.96
24/07/2024,7,Grind Stout,9.36,59,552.24
24/07/2024,8,Juice Shack,8.02,49,392.98
24/07/2024,9,Rocky Road,8.25,95,783.75
24/07/2024,10,Wingman,9.19,26,238.94
24/07/2024,11,Arcade Made,8.32,81,673.92
24/07/2024,12,Punk IPA,9.53,42,400.26
24/07/2024,13,Hazy Jane,9.78,80,782.4
24/07/2024,14,Shore Leave,8.59,15,128.85
24/07/2024,15,Simcoe Solo,8.59,59,506.81
24/07/2024,16,Lucky Break,9.52,91,866.32
25/07/2024,1,Black Heart,8.84,80,707.2
25/07/2024,2,Fools Gold,9.15,26,237.9
25/07/2024,3,Cold Beer B,9.77,65,635.05
25/07/2024,4,Lost Lager,8.47,25,211.75
25/07/2024,5,King Crush,8.15,50,407.5
25/07/2024,6,Wingman Tro,9.48,64,606.72
25/07/2024,7,Grind Stout,9.36,18,168.48
25/07/2024,8,Juice Shack,8.02,6,48.12
25/07/2024,9,Rocky Road,8.25,75,618.75
25/07/2024,10,Wingman,9.19,74,680.06
25/07/2024,11,Arcade Made,8.32,15,124.8
25/07/2024,12,Punk IPA,9.53,25,238.25
25/07/2024,13,Hazy Jane,9.78,19,185.82
25/07/2024,14,Shore Leave,8.59,94,807.46
25/07/2024,15,Simcoe Solo,8.59,25,214.75
25/07/2024,16,Lucky Break,9.52,35,333.2
26/07/2024,1,Black Heart,8.84,55,486.2
26/07/2024,2,Fools Gold,9.15,43,393.45
26/07/2024,3,Cold Beer B,9.77,92,898.84
26/07/2024,4,Lost Lager,8.47,48,406.56
26/07/2024,5,King Crush,8.15,10,81.5
26/07/2024,6,Wingman Tro,9.48,72,682.56
26/07/2024,7,Grind Stout,9.36,90,842.4
26/07/2024,8,Juice Shack,8.02,73,585.46
26/07/2024,9,Rocky Road,8.25,72,594
26/07/2024,10,Wingman,9.19,12,110.28
26/07/2024,11,Arcade Made,8.32,94,782.08
26/07/2024,12,Punk IPA,9.53,99,943.47
26/07/2024,13,Hazy Jane,9.78,31,303.18
26/07/2024,14,Shore Leave,8.59,24,206.16
26/07/2024,15,Simcoe Solo,8.59,61,523.99
26/07/2024,16,Lucky Break,9.52,88,837.76
27/07/2024,1,Black Heart,8.84,24,212.16
27/07/2024,2,Fools Gold,9.15,75,686.25
27/07/2024,3,Cold Beer B,9.77,73,713.21
27/07/2024,4,Lost Lager,8.47,67,567.49
27/07/2024,5,King Crush,8.15,92,749.8
27/07/2024,6,Wingman Tro,9.48,98,929.04
27/07/2024,7,Grind Stout,9.36,58,542.88
27/07/2024,8,Juice Shack,8.02,75,601.5
27/07/2024,9,Rocky Road,8.25,27,222.75
27/07/2024,10,Wingman,9.19,3,27.57
27/07/2024,11,Arcade Made,8.32,93,773.76
27/07/2024,12,Punk IPA,9.53,79,752.87
27/07/2024,13,Hazy Jane,9.78,24,234.72
27/07/2024,14,Shore Leave,8.59,85,730.15
27/07/2024,15,Simcoe Solo,8.59,73,627.07
27/07/2024,16,Lucky Break,9.52,48,456.96
28/07/2024,1,Black Heart,8.84,84,742.56
28/07/2024,2,Fools Gold,9.15,84,768.6
28/07/2024,3,Cold Beer B,9.77,90,879.3
28/07/2024,4,Lost Lager,8.47,0,0
28/07/2024,5,King Crush,8.15,0,0
28/07/2024,6,Wingman Tro,9.48,80,758.4
28/07/2024,7,Grind Stout,9.36,69,645.84
28/07/2024,8,Juice Shack,8.02,74,593.48
28/07/2024,9,Rocky Road,8.25,27,222.75
28/07/2024,10,Wingman,9.19,37,340.03
28/07/2024,11,Arcade Made,8.32,75,624
28/07/2024,12,Punk IPA,9.53,87,829.11
28/07/2024,13,Hazy Jane,9.78,31,303.18
28/07/2024,14,Shore Leave,8.59,51,438.09
28/07/2024,15,Simcoe Solo,8.59,56,481.04
28/07/2024,16,Lucky Break,9.52,16,152.32
29/07/2024,1,Black Heart,8.84,28,247.52
29/07/2024,2,Fools Gold,9.15,48,439.2
29/07/2024,3,Cold Beer B,9.77,30,293.1
29/07/2024,4,Lost Lager,8.47,97,821.59
29/07/2024,5,King Crush,8.15,24,195.6
29/07/2024,6,Wingman Tro,9.48,43,407.64
29/07/2024,7,Grind Stout,9.36,29,271.44
29/07/2024,8,Juice Shack,8.02,69,553.38
29/07/2024,9,Rocky Road,8.25,41,338.25
29/07/2024,10,Wingman,9.19,77,707.63
29/07/2024,11,Arcade Made,8.32,2,16.64
29/07/2024,12,Punk IPA,9.53,98,933.94
29/07/2024,13,Hazy Jane,9.78,91,889.98
29/07/2024,14,Shore Leave,8.59,78,670.02
29/07/2024,15,Simcoe Solo,8.59,10,85.9
29/07/2024,16,Lucky Break,9.52,86,818.72
30/07/2024,1,Black Heart,8.84,63,556.92
30/07/2024,2,Fools Gold,9.15,79,722.85
30/07/2024,3,Cold Beer B,9.77,79,771.83
30/07/2024,4,Lost Lager,8.47,93,787.71
30/07/2024,5,King Crush,8.15,60,489
30/07/2024,6,Wingman Tro,9.48,53,502.44
30/07/2024,7,Grind Stout,9.36,18,168.48
30/07/2024,8,Juice Shack,8.02,80,641.6
30/07/2024,9,Rocky Road,8.25,37,305.25
30/07/2024,10,Wingman,9.19,44,404.36
30/07/2024,11,Arcade Made,8.32,33,274.56
30/07/2024,12,Punk IPA,9.53,47,447.91
30/07/2024,13,Hazy Jane,9.78,48,469.44
30/07/2024,14,Shore Leave,8.59,100,859
30/07/2024,15,Simcoe Solo,8.59,84,721.56
30/07/2024,16,Lucky Break,9.52,89,847.28
31/07/2024,1,Black Heart,8.84,15,132.6
31/07/2024,2,Fools Gold,9.15,98,896.7
31/07/2024,3,Cold Beer B,9.77,0,0
31/07/2024,4,Lost Lager,8.47,87,736.89
31/07/2024,5,King Crush,8.15,14,114.1
31/07/2024,6,Wingman Tro,9.48,38,360.24
31/07/2024,7,Grind Stout,9.36,24,224.64
31/07/2024,8,Juice Shack,8.02,68,545.36
31/07/2024,9,Rocky Road,8.25,42,346.5
31/07/2024,10,Wingman,9.19,99,909.81
31/07/2024,11,Arcade Made,8.32,52,432.64
31/07/2024,12,Punk IPA,9.53,59,562.27
31/07/2024,13,Hazy Jane,9.78,32,312.96
31/07/2024,14,Shore Leave,8.59,85,730.15
31/07/2024,15,Simcoe Solo,8.59,22,188.98
31/07/2024,16,Lucky Break,9.52,70,666.4
01/08/2024,1,Black Heart,8.84,89,786.76
01/08/2024,2,Fools Gold,9.15,28,256.2
01/08/2024,3,Cold Beer B,9.77,88,859.76
01/08/2024,4,Lost Lager,8.47,36,304.92
01/08/2024,5,King Crush,8.15,6,48.9
01/08/2024,6,Wingman Tro,9.48,14,132.72
01/08/2024,7,Grind Stout,9.36,76,711.36
01/08/2024,8,Juice Shack,8.02,18,144.36
01/08/2024,9,Rocky Road,8.25,64,528
01/08/2024,10,Wingman,9.19,61,560.59
01/08/2024,11,Arcade Made,8.32,31,257.92
01/08/2024,12,Punk IPA,9.53,81,771.93
01/08/2024,13,Hazy Jane,9.78,59,577.02
01/08/2024,14,Shore Leave,8.59,31,266.29
01/08/2024,15,Simcoe Solo,8.59,58,498.22
01/08/2024,16,Lucky Break,9.52,49,466.48
02/08/2024,1,Black Heart,8.84,55,486.2
02/08/2024,2,Fools Gold,9.15,72,658.8
02/08/2024,3,Cold Beer B,9.77,82,801.14
02/08/2024,4,Lost Lager,8.47,73,618.31
02/08/2024,5,King Crush,8.15,82,668.3
02/08/2024,6,Wingman Tro,9.48,55,521.4
02/08/2024,7,Grind Stout,9.36,24,224.64
02/08/2024,8,Juice Shack,8.02,79,633.58
02/08/2024,9,Rocky Road,8.25,80,660
02/08/2024,10,Wingman,9.19,55,505.45
02/08/2024,11,Arcade Made,8.32,67,557.44
02/08/2024,12,Punk IPA,9.53,81,771.93
02/08/2024,13,Hazy Jane,9.78,12,117.36
02/08/2024,14,Shore Leave,8.59,66,566.94
02/08/2024,15,Simcoe Solo,8.59,70,601.3
02/08/2024,16,Lucky Break,9.52,90,856.8
03/08/2024,1,Black Heart,8.84,77,680.68
03/08/2024,2,Fools Gold,9.15,72,658.8
03/08/2024,3,Cold Beer B,9.77,21,205.17
03/08/2024,4,Lost Lager,8.47,92,779.24
03/08/2024,5,King Crush,8.15,70,570.5
03/08/2024,6,Wingman Tro,9.48,18,170.64
03/08/2024,7,Grind Stout,9.36,99,926.64
03/08/2024,8,Juice Shack,8.02,29,232.58
03/08/2024,9,Rocky Road,8.25,27,222.75
03/08/2024,10,Wingman,9.19,46,422.74
03/08/2024,11,Arcade Made,8.32,73,607.36
03/08/2024,12,Punk IPA,9.53,75,714.75
03/08/2024,13,Hazy Jane,9.78,5,48.9
03/08/2024,14,Shore Leave,8.59,62,532.58
03/08/2024,15,Simcoe Solo,8.59,87,747.33
03/08/2024,16,Lucky Break,9.52,76,723.52
04/08/2024,1,Black Heart,8.84,86,760.24
04/08/2024,2,Fools Gold,9.15,16,146.4
04/08/2024,3,Cold Beer B,9.77,45,439.65
04/08/2024,4,Lost Lager,8.47,18,152.46
04/08/2024,5,King Crush,8.15,82,668.3
04/08/2024,6,Wingman Tro,9.48,96,910.08
04/08/2024,7,Grind Stout,9.36,31,290.16
04/08/2024,8,Juice Shack,8.02,19,152.38
04/08/2024,9,Rocky Road,8.25,30,247.5
04/08/2024,10,Wingman,9.19,33,303.27
04/08/2024,11,Arcade Made,8.32,68,565.76
04/08/2024,12,Punk IPA,9.53,50,476.5
04/08/2024,13,Hazy Jane,9.78,39,381.42
04/08/2024,14,Shore Leave,8.59,43,369.37
04/08/2024,15,Simcoe Solo,8.59,2,17.18
04/08/2024,16,Lucky Break,9.52,39,371.28
05/08/2024,1,Black Heart,8.84,98,866.32
05/08/2024,2,Fools Gold,9.15,63,576.45
05/08/2024,3,Cold Beer B,9.77,70,683.9
05/08/2024,4,Lost Lager,8.47,91,770.77
05/08/2024,5,King Crush,8.15,71,578.65
05/08/2024,6,Wingman Tro,9.48,58,549.84
05/08/2024,7,Grind Stout,9.36,7,65.52
05/08/2024,8,Juice Shack,8.02,19,152.38
05/08/2024,9,Rocky Road,8.25,82,676.5
05/08/2024,10,Wingman,9.19,33,303.27
05/08/2024,11,Arcade Made,8.32,44,366.08
05/08/2024,12,Punk IPA,9.53,36,343.08
05/08/2024,13,Hazy Jane,9.78,83,811.74
05/08/2024,14,Shore Leave,8.59,54,463.86
05/08/2024,15,Simcoe Solo,8.59,43,369.37
05/08/2024,16,Lucky Break,9.52,7,66.64
06/08/2024,1,Black Heart,8.84,98,866.32
06/08/2024,2,Fools Gold,9.15,40,366
06/08/2024,3,Cold Beer B,9.77,18,175.86
06/08/2024,4,Lost Lager,8.47,54,457.38
06/08/2024,5,King Crush,8.15,59,480.85
06/08/2024,6,Wingman Tro,9.48,39,369.72
06/08/2024,7,Grind Stout,9.36,71,664.56
06/08/2024,8,Juice Shack,8.02,39,312.78
06/08/2024,9,Rocky Road,8.25,19,156.75
06/08/2024,10,Wingman,9.19,50,459.5
06/08/2024,11,Arcade Made,8.32,59,490.88
06/08/2024,12,Punk IPA,9.53,32,304.96
06/08/2024,13,Hazy Jane,9.78,3,29.34
06/08/2024,14,Shore Leave,8.59,44,377.96
06/08/2024,15,Simcoe Solo,8.59,17,146.03
06/08/2024,16,Lucky Break,9.52,62,590.24
07/08/2024,1,Black Heart,8.84,58,512.72
07/08/2024,2,Fools Gold,9.15,19,173.85
07/08/2024,3,Cold Beer B,9.77,89,869.53
07/08/2024,4,Lost Lager,8.47,19,160.93
07/08/2024,5,King Crush,8.15,81,660.15
07/08/2024,6,Wingman Tro,9.48,33,312.84
07/08/2024,7,Grind Stout,9.36,45,421.2
07/08/2024,8,Juice Shack,8.02,29,232.58
07/08/2024,9,Rocky Road,8.25,49,404.25
07/08/2024,10,Wingman,9.19,51,468.69
07/08/2024,11,Arcade Made,8.32,33,274.56
07/08/2024,12,Punk IPA,9.53,32,304.96
07/08/2024,13,Hazy Jane,9.78,91,889.98
07/08/2024,14,Shore Leave,8.59,15,128.85
07/08/2024,15,Simcoe Solo,8.59,8,68.72
07/08/2024,16,Lucky Break,9.52,18,171.36
08/08/2024,1,Black Heart,8.84,76,671.84
08/08/2024,2,Fools Gold,9.15,7,64.05
08/08/2024,3,Cold Beer B,9.77,13,127.01
08/08/2024,4,Lost Lager,8.47,64,542.08
08/08/2024,5,King Crush,8.15,27,220.05
08/08/2024,6,Wingman Tro,9.48,48,455.04
08/08/2024,7,Grind Stout,9.36,23,215.28
08/08/2024,8,Juice Shack,8.02,26,208.52
08/08/2024,9,Rocky Road,8.25,48,396
08/08/2024,10,Wingman,9.19,28,257.32
08/08/2024,11,Arcade Made,8.32,30,249.6
08/08/2024,12,Punk IPA,9.53,95,905.35
08/08/2024,13,Hazy Jane,9.78,59,577.02
08/08/2024,14,Shore Leave,8.59,39,335.01
08/08/2024,15,Simcoe Solo,8.59,38,326.42
08/08/2024,16,Lucky Break,9.52,41,390.32
09/08/2024,1,Black Heart,8.84,32,282.88
09/08/2024,2,Fools Gold,9.15,87,796.05
09/08/2024,3,Cold Beer B,9.77,2,19.54
09/08/2024,4,Lost Lager,8.47,81,686.07
09/08/2024,5,King Crush,8.15,69,562.35
09/08/2024,6,Wingman Tro,9.48,45,426.6
09/08/2024,7,Grind Stout,9.36,26,243.36
09/08/2024,8,Juice Shack,8.02,55,441.1
09/08/2024,9,Rocky Road,8.25,7,57.75
09/08/2024,10,Wingman,9.19,8,73.52
09/08/2024,11,Arcade Made,8.32,36,299.52
09/08/2024,12,Punk IPA,9.53,42,400.26
09/08/2024,13,Hazy Jane,9.78,57,557.46
09/08/2024,14,Shore Leave,8.59,1,8.59
09/08/2024,15,Simcoe Solo,8.59,4,34.36
09/08/2024,16,Lucky Break,9.52,1,9.52
10/08/2024,1,Black Heart,8.84,40,353.6
10/08/2024,2,Fools Gold,9.15,94,860.1
10/08/2024,3,Cold Beer B,9.77,85,830.45
10/08/2024,4,Lost Lager,8.47,25,211.75
10/08/2024,5,King Crush,8.15,66,537.9
10/08/2024,6,Wingman Tro,9.48,98,929.04
10/08/2024,7,Grind Stout,9.36,52,486.72
10/08/2024,8,Juice Shack,8.02,46,368.92
10/08/2024,9,Rocky Road,8.25,60,495
10/08/2024,10,Wingman,9.19,36,330.84
10/08/2024,11,Arcade Made,8.32,75,624
10/08/2024,12,Punk IPA,9.53,32,304.96
10/08/2024,13,Hazy Jane,9.78,18,176.04
10/08/2024,14,Shore Leave,8.59,23,197.57
10/08/2024,15,Simcoe Solo,8.59,55,472.45
10/08/2024,16,Lucky Break,9.52,46,437.92
11/08/2024,1,Black Heart,8.84,22,194.48
11/08/2024,2,Fools Gold,9.15,42,384.3
11/08/2024,3,Cold Beer B,9.77,38,371.26
11/08/2024,4,Lost Lager,8.47,82,694.54
11/08/2024,5,King Crush,8.15,29,236.35
11/08/2024,6,Wingman Tro,9.48,85,805.8
11/08/2024,7,Grind Stout,9.36,51,477.36
11/08/2024,8,Juice Shack,8.02,49,392.98
11/08/2024,9,Rocky Road,8.25,52,429
11/08/2024,10,Wingman,9.19,92,845.48
11/08/2024,11,Arcade Made,8.32,33,274.56
11/08/2024,12,Punk IPA,9.53,90,857.7
11/08/2024,13,Hazy Jane,9.78,84,821.52
11/08/2024,14,Shore Leave,8.59,45,386.55
11/08/2024,15,Simcoe Solo,8.59,86,738.74
11/08/2024,16,Lucky Break,9.52,12,114.24
12/08/2024,1,Black Heart,8.84,21,185.64
12/08/2024,2,Fools Gold,9.15,53,484.95
12/08/2024,3,Cold Beer B,9.77,68,664.36
12/08/2024,4,Lost Lager,8.47,96,813.12
12/08/2024,5,King Crush,8.15,53,431.95
12/08/2024,6,Wingman Tro,9.48,21,199.08
12/08/2024,7,Grind Stout,9.36,72,673.92
12/08/2024,8,Juice Shack,8.02,93,745.86
12/08/2024,9,Rocky Road,8.25,61,503.25
12/08/2024,10,Wingman,9.19,39,358.41
12/08/2024,11,Arcade Made,8.32,57,474.24
12/08/2024,12,Punk IPA,9.53,72,686.16
12/08/2024,13,Hazy Jane,9.78,87,850.86
12/08/2024,14,Shore Leave,8.59,52,446.68
12/08/2024,15,Simcoe Solo,8.59,89,764.51
12/08/2024,16,Lucky Break,9.52,41,390.32
13/08/2024,1,Black Heart,8.84,22,194.48
13/08/2024,2,Fools Gold,9.15,33,301.95
13/08/2024,3,Cold Beer B,9.77,98,957.46
13/08/2024,4,Lost Lager,8.47,12,101.64
13/08/2024,5,King Crush,8.15,3,24.45
13/08/2024,6,Wingman Tro,9.48,61,578.28
13/08/2024,7,Grind Stout,9.36,50,468
13/08/2024,8,Juice Shack,8.02,26,208.52
13/08/2024,9,Rocky Road,8.25,42,346.5
13/08/2024,10,Wingman,9.19,71,652.49
13/08/2024,11,Arcade Made,8.32,40,332.8
13/08/2024,12,Punk IPA,9.53,49,466.97
13/08/2024,13,Hazy Jane,9.78,25,244.5
13/08/2024,14,Shore Leave,8.59,7,60.13
13/08/2024,15,Simcoe Solo,8.59,29,249.11
13/08/2024,16,Lucky Break,9.52,36,342.72
14/08/2024,1,Black Heart,8.84,95,839.8
14/08/2024,2,Fools Gold,9.15,50,457.5
14/08/2024,3,Cold Beer B,9.77,33,322.41
14/08/2024,4,Lost Lager,8.47,61,516.67
14/08/2024,5,King Crush,8.15,29,236.35
14/08/2024,6,Wingman Tro,9.48,88,834.24
14/08/2024,7,Grind Stout,9.36,68,636.48
14/08/2024,8,Juice Shack,8.02,49,392.98
14/08/2024,9,Rocky Road,8.25,56,462
14/08/2024,10,Wingman,9.19,44,404.36
14/08/2024,11,Arcade Made,8.32,80,665.6
14/08/2024,12,Punk IPA,9.53,99,943.47
14/08/2024,13,Hazy Jane,9.78,31,303.18
14/08/2024,14,Shore Leave,8.59,52,446.68
14/08/2024,15,Simcoe Solo,8.59,0,0
14/08/2024,16,Lucky Break,9.52,14,133.28
15/08/2024,1,Black Heart,8.84,81,716.04
15/08/2024,2,Fools Gold,9.15,39,356.85
15/08/2024,3,Cold Beer B,9.77,100,977
15/08/2024,4,Lost Lager,8.47,45,381.15
15/08/2024,5,King Crush,8.15,27,220.05
15/08/2024,6,Wingman Tro,9.48,9,85.32
15/08/2024,7,Grind Stout,9.36,39,365.04
15/08/2024,8,Juice Shack,8.02,8,64.16
15/08/2024,9,Rocky Road,8.25,11,90.75
15/08/2024,10,Wingman,9.19,89,817.91
15/08/2024,11,Arcade Made,8.32,96,798.72
15/08/2024,12,Punk IPA,9.53,93,886.29
15/08/2024,13,Hazy Jane,9.78,14,136.92
15/08/2024,14,Shore Leave,8.59,99,850.41
15/08/2024,15,Simcoe Solo,8.59,78,670.02
15/08/2024,16,Lucky Break,9.52,83,790.16
16/08/2024,1,Black Heart,8.84,24,212.16
16/08/2024,2,Fools Gold,9.15,38,347.7
16/08/2024,3,Cold Beer B,9.77,70,683.9
16/08/2024,4,Lost Lager,8.47,75,635.25
16/08/2024,5,King Crush,8.15,54,440.1
16/08/2024,6,Wingman Tro,9.48,68,644.64
16/08/2024,7,Grind Stout,9.36,47,439.92
16/08/2024,8,Juice Shack,8.02,54,433.08
16/08/2024,9,Rocky Road,8.25,88,726
16/08/2024,10,Wingman,9.19,23,211.37
16/08/2024,11,Arcade Made,8.32,46,382.72
16/08/2024,12,Punk IPA,9.53,14,133.42
16/08/2024,13,Hazy Jane,9.78,77,753.06
16/08/2024,14,Shore Leave,8.59,11,94.49
16/08/2024,15,Simcoe Solo,8.59,77,661.43
16/08/2024,16,Lucky Break,9.52,7,66.64
17/08/2024,1,Black Heart,8.84,15,132.6
17/08/2024,2,Fools Gold,9.15,78,713.7
17/08/2024,3,Cold Beer B,9.77,55,537.35
17/08/2024,4,Lost Lager,8.47,77,652.19
17/08/2024,5,King Crush,8.15,39,317.85
17/08/2024,6,Wingman Tro,9.48,71,673.08
17/08/2024,7,Grind Stout,9.36,5,46.8
17/08/2024,8,Juice Shack,8.02,41,328.82
17/08/2024,9,Rocky Road,8.25,95,783.75
17/08/2024,10,Wingman,9.19,53,487.07
17/08/2024,11,Arcade Made,8.32,41,341.12
17/08/2024,12,Punk IPA,9.53,2,19.06
17/08/2024,13,Hazy Jane,9.78,49,479.22
17/08/2024,14,Shore Leave,8.59,27,231.93
17/08/2024,15,Simcoe Solo,8.59,29,249.11
17/08/2024,16,Lucky Break,9.52,5,47.6
18/08/2024,1,Black Heart,8.84,67,592.28
18/08/2024,2,Fools Gold,9.15,2,18.3
18/08/2024,3,Cold Beer B,9.77,65,635.05
18/08/2024,4,Lost Lager,8.47,26,220.22
18/08/2024,5,King Crush,8.15,57,464.55
18/08/2024,6,Wingman Tro,9.48,28,265.44
18/08/2024,7,Grind Stout,9.36,30,280.8
18/08/2024,8,Juice Shack,8.02,63,505.26
18/08/2024,9,Rocky Road,8.25,13,107.25
18/08/2024,10,Wingman,9.19,9,82.71
18/08/2024,11,Arcade Made,8.32,96,798.72
18/08/2024,12,Punk IPA,9.53,66,628.98
18/08/2024,13,Hazy Jane,9.78,76,743.28
18/08/2024,14,Shore Leave,8.59,39,335.01
18/08/2024,15,Simcoe Solo,8.59,43,369.37
18/08/2024,16,Lucky Break,9.52,42,399.84
19/08/2024,1,Black Heart,8.84,48,424.32
19/08/2024,2,Fools Gold,9.15,14,128.1
19/08/2024,3,Cold Beer B,9.77,0,0
19/08/2024,4,Lost Lager,8.47,91,770.77
19/08/2024,5,King Crush,8.15,10,81.5
19/08/2024,6,Wingman Tro,9.48,15,142.2
19/08/2024,7,Grind Stout,9.36,66,617.76
19/08/2024,8,Juice Shack,8.02,96,769.92
19/08/2024,9,Rocky Road,8.25,96,792
19/08/2024,10,Wingman,9.19,27,248.13
19/08/2024,11,Arcade Made,8.32,40,332.8
19/08/2024,12,Punk IPA,9.53,100,953
19/08/2024,13,Hazy Jane,9.78,30,293.4
19/08/2024,14,Shore Leave,8.59,99,850.41
19/08/2024,15,Simcoe Solo,8.59,41,352.19
19/08/2024,16,Lucky Break,9.52,92,875.84
20/08/2024,1,Black Heart,8.84,30,265.2
20/08/2024,2,Fools Gold,9.15,32,292.8
20/08/2024,3,Cold Beer B,9.77,83,810.91
20/08/2024,4,Lost Lager,8.47,10,84.7
20/08/2024,5,King Crush,8.15,28,228.2
20/08/2024,6,Wingman Tro,9.48,83,786.84
20/08/2024,7,Grind Stout,9.36,49,458.64
20/08/2024,8,Juice Shack,8.02,88,705.76
20/08/2024,9,Rocky Road,8.25,41,338.25
20/08/2024,10,Wingman,9.19,95,873.05
20/08/2024,11,Arcade Made,8.32,43,357.76
20/08/2024,12,Punk IPA,9.53,47,447.91
20/08/2024,13,Hazy Jane,9.78,16,156.48
20/08/2024,14,Shore Leave,8.59,43,369.37
20/08/2024,15,Simcoe Solo,8.59,9,77.31
20/08/2024,16,Lucky Break,9.52,21,199.92
21/08/2024,1,Black Heart,8.84,39,344.76
21/08/2024,2,Fools Gold,9.15,89,814.35
21/08/2024,3,Cold Beer B,9.77,23,224.71
21/08/2024,4,Lost Lager,8.47,65,550.55
21/08/2024,5,King Crush,8.15,99,806.85
21/08/2024,6,Wingman Tro,9.48,54,511.92
21/08/2024,7,Grind Stout,9.36,21,196.56
21/08/2024,8,Juice Shack,8.02,22,176.44
21/08/2024,9,Rocky Road,8.25,8,66
21/08/2024,10,Wingman,9.19,86,790.34
21/08/2024,11,Arcade Made,8.32,52,432.64
21/08/2024,12,Punk IPA,9.53,72,686.16
21/08/2024,13,Hazy Jane,9.78,43,420.54
21/08/2024,14,Shore Leave,8.59,54,463.86
21/08/2024,15,Simcoe Solo,8.59,5,42.95
21/08/2024,16,Lucky Break,9.52,69,656.88
22/08/2024,1,Black Heart,8.84,7,61.88
22/08/2024,2,Fools Gold,9.15,89,814.35
22/08/2024,3,Cold Beer B,9.77,60,586.2
22/08/2024,4,Lost Lager,8.47,72,609.84
22/08/2024,5,King Crush,8.15,3,24.45
22/08/2024,6,Wingman Tro,9.48,51,483.48
22/08/2024,7,Grind Stout,9.36,3,28.08
22/08/2024,8,Juice Shack,8.02,75,601.5
22/08/2024,9,Rocky Road,8.25,65,536.25
22/08/2024,10,Wingman,9.19,52,477.88
22/08/2024,11,Arcade Made,8.32,36,299.52
22/08/2024,12,Punk IPA,9.53,27,257.31
22/08/2024,13,Hazy Jane,9.78,55,537.9
22/08/2024,14,Shore Leave,8.59,5,42.95
22/08/2024,15,Simcoe Solo,8.59,26,223.34
22/08/2024,16,Lucky Break,9.52,17,161.84
23/08/2024,1,Black Heart,8.84,98,866.32
23/08/2024,2,Fools Gold,9.15,22,201.3
23/08/2024,3,Cold Beer B,9.77,74,722.98
23/08/2024,4,Lost Lager,8.47,88,745.36
23/08/2024,5,King Crush,8.15,18,146.7
23/08/2024,6,Wingman Tro,9.48,43,407.64
23/08/2024,7,Grind Stout,9.36,0,0
23/08/2024,8,Juice Shack,8.02,90,721.8
23/08/2024,9,Rocky Road,8.25,64,528
23/08/2024,10,Wingman,9.19,1,9.19
23/08/2024,11,Arcade Made,8.32,3,24.96
23/08/2024,12,Punk IPA,9.53,65,619.45
23/08/2024,13,Hazy Jane,9.78,81,792.18
23/08/2024,14,Shore Leave,8.59,52,446.68
23/08/2024,15,Simcoe Solo,8.59,81,695.79
23/08/2024,16,Lucky Break,9.52,27,257.04
24/08/2024,1,Black Heart,8.84,64,565.76
24/08/2024,2,Fools Gold,9.15,28,256.2
24/08/2024,3,Cold Beer B,9.77,89,869.53
24/08/2024,4,Lost Lager,8.47,73,618.31
24/08/2024,5,King Crush,8.15,33,268.95
24/08/2024,6,Wingman Tro,9.48,52,492.96
24/08/2024,7,Grind Stout,9.36,15,140.4
24/08/2024,8,Juice Shack,8.02,68,545.36
24/08/2024,9,Rocky Road,8.25,75,618.75
24/08/2024,10,Wingman,9.19,84,771.96
24/08/2024,11,Arcade Made,8.32,86,715.52
24/08/2024,12,Punk IPA,9.53,67,638.51
24/08/2024,13,Hazy Jane,9.78,32,312.96
24/08/2024,14,Shore Leave,8.59,47,403.73
24/08/2024,15,Simcoe Solo,8.59,9,77.31
24/08/2024,16,Lucky Break,9.52,15,142.8
25/08/2024,1,Black Heart,8.84,23,203.32
25/08/2024,2,Fools Gold,9.15,51,466.65
25/08/2024,3,Cold Beer B,9.77,44,429.88
25/08/2024,4,Lost Lager,8.47,29,245.63
25/08/2024,5,King Crush,8.15,21,171.15
25/08/2024,6,Wingman Tro,9.48,37,350.76
25/08/2024,7,Grind Stout,9.36,69,645.84
25/08/2024,8,Juice Shack,8.02,52,417.04
25/08/2024,9,Rocky Road,8.25,7,57.75
25/08/2024,10,Wingman,9.19,53,487.07
25/08/2024,11,Arcade Made,8.32,81,673.92
25/08/2024,12,Punk IPA,9.53,42,400.26
25/08/2024,13,Hazy Jane,9.78,97,948.66
25/08/2024,14,Shore Leave,8.59,64,549.76
25/08/2024,15,Simcoe Solo,8.59,39,335.01
25/08/2024,16,Lucky Break,9.52,6,57.12
26/08/2024,1,Black Heart,8.84,61,539.24
26/08/2024,2,Fools Gold,9.15,40,366
26/08/2024,3,Cold Beer B,9.77,22,214.94
26/08/2024,4,Lost Lager,8.47,25,211.75
26/08/2024,5,King Crush,8.15,3,24.45
26/08/2024,6,Wingman Tro,9.48,50,474
26/08/2024,7,Grind Stout,9.36,25,234
26/08/2024,8,Juice Shack,8.02,17,136.34
26/08/2024,9,Rocky Road,8.25,27,222.75
26/08/2024,10,Wingman,9.19,53,487.07
26/08/2024,11,Arcade Made,8.32,36,299.52
26/08/2024,12,Punk IPA,9.53,10,95.3
26/08/2024,13,Hazy Jane,9.78,5,48.9
26/08/2024,14,Shore Leave,8.59,22,188.98
26/08/2024,15,Simcoe Solo,8.59,28,240.52
26/08/2024,16,Lucky Break,9.52,72,685.44
27/08/2024,1,Black Heart,8.84,26,229.84
27/08/2024,2,Fools Gold,9.15,78,713.7
27/08/2024,3,Cold Beer B,9.77,42,410.34
27/08/2024,4,Lost Lager,8.47,38,321.86
27/08/2024,5,King Crush,8.15,6,48.9
27/08/2024,6,Wingman Tro,9.48,92,872.16
27/08/2024,7,Grind Stout,9.36,11,102.96
27/08/2024,8,Juice Shack,8.02,52,417.04
27/08/2024,9,Rocky Road,8.25,51,420.75
27/08/2024,10,Wingman,9.19,15,137.85
27/08/2024,11,Arcade Made,8.32,82,682.24
27/08/2024,12,Punk IPA,9.53,70,667.1
27/08/2024,13,Hazy Jane,9.78,31,303.18
27/08/2024,14,Shore Leave,8.59,77,661.43
27/08/2024,15,Simcoe Solo,8.59,91,781.69
27/08/2024,16,Lucky Break,9.52,32,304.64
28/08/2024,1,Black Heart,8.84,75,663
28/08/2024,2,Fools Gold,9.15,82,750.3
28/08/2024,3,Cold Beer B,9.77,48,468.96
28/08/2024,4,Lost Lager,8.47,14,118.58
28/08/2024,5,King Crush,8.15,82,668.3
28/08/2024,6,Wingman Tro,9.48,96,910.08
28/08/2024,7,Grind Stout,9.36,5,46.8
28/08/2024,8,Juice Shack,8.02,15,120.3
28/08/2024,9,Rocky Road,8.25,6,49.5
28/08/2024,10,Wingman,9.19,42,385.98
28/08/2024,11,Arcade Made,8.32,26,216.32
28/08/2024,12,Punk IPA,9.53,3,28.59
28/08/2024,13,Hazy Jane,9.78,11,107.58
28/08/2024,14,Shore Leave,8.59,2,17.18
28/08/2024,15,Simcoe Solo,8.59,67,575.53
28/08/2024,16,Lucky Break,9.52,43,409.36
29/08/2024,1,Black Heart,8.84,46,406.64
29/08/2024,2,Fools Gold,9.15,72,658.8
29/08/2024,3,Cold Beer B,9.77,65,635.05
29/08/2024,4,Lost Lager,8.47,34,287.98
29/08/2024,5,King Crush,8.15,31,252.65
29/08/2024,6,Wingman Tro,9.48,86,815.28
29/08/2024,7,Grind Stout,9.36,96,898.56
29/08/2024,8,Juice Shack,8.02,94,753.88
29/08/2024,9,Rocky Road,8.25,70,577.5
29/08/2024,10,Wingman,9.19,12,110.28
29/08/2024,11,Arcade Made,8.32,44,366.08
29/08/2024,12,Punk IPA,9.53,1,9.53
29/08/2024,13,Hazy Jane,9.78,79,772.62
29/08/2024,14,Shore Leave,8.59,8,68.72
29/08/2024,15,Simcoe Solo,8.59,78,670.02
29/08/2024,16,Lucky Break,9.52,82,780.64
30/08/2024,1,Black Heart,8.84,86,760.24
30/08/2024,2,Fools Gold,9.15,17,155.55
30/08/2024,3,Cold Beer B,9.77,72,703.44
30/08/2024,4,Lost Lager,8.47,27,228.69
30/08/2024,5,King Crush,8.15,64,521.6
30/08/2024,6,Wingman Tro,9.48,8,75.84
30/08/2024,7,Grind Stout,9.36,65,608.4
30/08/2024,8,Juice Shack,8.02,23,184.46
30/08/2024,9,Rocky Road,8.25,33,272.25
30/08/2024,10,Wingman,9.19,2,18.38
30/08/2024,11,Arcade Made,8.32,25,208
30/08/2024,12,Punk IPA,9.53,36,343.08
30/08/2024,13,Hazy Jane,9.78,15,146.7
30/08/2024,14,Shore Leave,8.59,85,730.15
30/08/2024,15,Simcoe Solo,8.59,98,841.82
30/08/2024,16,Lucky Break,9.52,7,66.64
31/08/2024,1,Black Heart,8.84,44,388.96
31/08/2024,2,Fools Gold,9.15,8,73.2
31/08/2024,3,Cold Beer B,9.77,19,185.63
31/08/2024,4,Lost Lager,8.47,100,847
31/08/2024,5,King Crush,8.15,72,586.8
31/08/2024,6,Wingman Tro,9.48,49,464.52
31/08/2024,7,Grind Stout,9.36,66,617.76
31/08/2024,8,Juice Shack,8.02,60,481.2
31/08/2024,9,Rocky Road,8.25,9,74.25
31/08/2024,10,Wingman,9.19,65,597.35
31/08/2024,11,Arcade Made,8.32,87,723.84
31/08/2024,12,Punk IPA,9.53,77,733.81
31/08/2024,13,Hazy Jane,9.78,97,948.66
31/08/2024,14,Shore Leave,8.59,16,137.44
31/08/2024,15,Simcoe Solo,8.59,87,747.33
31/08/2024,16,Lucky Break,9.52,46,437.92
01/09/2024,1,Black Heart,8.84,30,265.2
01/09/2024,2,Fools Gold,9.15,42,384.3
01/09/2024,3,Cold Beer B,9.77,86,840.22
01/09/2024,4,Lost Lager,8.47,3,25.41
01/09/2024,5,King Crush,8.15,84,684.6
01/09/2024,6,Wingman Tro,9.48,94,891.12
01/09/2024,7,Grind Stout,9.36,69,645.84
01/09/2024,8,Juice Shack,8.02,20,160.4
01/09/2024,9,Rocky Road,8.25,60,495
01/09/2024,10,Wingman,9.19,76,698.44
01/09/2024,11,Arcade Made,8.32,1,8.32
01/09/2024,12,Punk IPA,9.53,49,466.97
01/09/2024,13,Hazy Jane,9.78,18,176.04
01/09/2024,14,Shore Leave,8.59,1,8.59
01/09/2024,15,Simcoe Solo,8.59,68,584.12
01/09/2024,16,Lucky Break,9.52,66,628.32
02/09/2024,1,Black Heart,8.84,88,777.92
02/09/2024,2,Fools Gold,9.15,11,100.65
02/09/2024,3,Cold Beer B,9.77,31,302.87
02/09/2024,4,Lost Lager,8.47,43,364.21
02/09/2024,5,King Crush,8.15,87,709.05
02/09/2024,6,Wingman Tro,9.48,46,436.08
02/09/2024,7,Grind Stout,9.36,31,290.16
02/09/2024,8,Juice Shack,8.02,46,368.92
02/09/2024,9,Rocky Road,8.25,63,519.75
02/09/2024,10,Wingman,9.19,62,569.78
02/09/2024,11,Arcade Made,8.32,57,474.24
02/09/2024,12,Punk IPA,9.53,38,362.14
02/09/2024,13,Hazy Jane,9.78,70,684.6
02/09/2024,14,Shore Leave,8.59,63,541.17
02/09/2024,15,Simcoe Solo,8.59,53,455.27
02/09/2024,16,Lucky Break,9.52,3,28.56
03/09/2024,1,Black Heart,8.84,35,309.4
03/09/2024,2,Fools Gold,9.15,96,878.4
03/09/2024,3,Cold Beer B,9.77,83,810.91
03/09/2024,4,Lost Lager,8.47,7,59.29
03/09/2024,5,King Crush,8.15,89,725.35
03/09/2024,6,Wingman Tro,9.48,41,388.68
03/09/2024,7,Grind Stout,9.36,56,524.16
03/09/2024,8,Juice Shack,8.02,28,224.56
03/09/2024,9,Rocky Road,8.25,53,437.25
03/09/2024,10,Wingman,9.19,84,771.96
03/09/2024,11,Arcade Made,8.32,73,607.36
03/09/2024,12,Punk IPA,9.53,96,914.88
03/09/2024,13,Hazy Jane,9.78,11,107.58
03/09/2024,14,Shore Leave,8.59,24,206.16
03/09/2024,15,Simcoe Solo,8.59,17,146.03
03/09/2024,16,Lucky Break,9.52,92,875.84
04/09/2024,1,Black Heart,8.84,12,106.08
04/09/2024,2,Fools Gold,9.15,65,594.75
04/09/2024,3,Cold Beer B,9.77,15,146.55
04/09/2024,4,Lost Lager,8.47,67,567.49
04/09/2024,5,King Crush,8.15,15,122.25
04/09/2024,6,Wingman Tro,9.48,26,246.48
04/09/2024,7,Grind Stout,9.36,81,758.16
04/09/2024,8,Juice Shack,8.02,22,176.44
04/09/2024,9,Rocky Road,8.25,85,701.25
04/09/2024,10,Wingman,9.19,86,790.34
04/09/2024,11,Arcade Made,8.32,43,357.76
04/09/2024,12,Punk IPA,9.53,2,19.06
04/09/2024,13,Hazy Jane,9.78,1,9.78
04/09/2024,14,Shore Leave,8.59,94,807.46
04/09/2024,15,Simcoe Solo,8.59,90,773.1
04/09/2024,16,Lucky Break,9.52,1,9.52
05/09/2024,1,Black Heart,8.84,0,0
05/09/2024,2,Fools Gold,9.15,56,512.4
05/09/2024,3,Cold Beer B,9.77,43,420.11
05/09/2024,4,Lost Lager,8.47,34,287.98
05/09/2024,5,King Crush,8.15,32,260.8
05/09/2024,6,Wingman Tro,9.48,59,559.32
05/09/2024,7,Grind Stout,9.36,100,936
05/09/2024,8,Juice Shack,8.02,61,489.22
05/09/2024,9,Rocky Road,8.25,3,24.75
05/09/2024,10,Wingman,9.19,15,137.85
05/09/2024,11,Arcade Made,8.32,100,832
05/09/2024,12,Punk IPA,9.53,70,667.1
05/09/2024,13,Hazy Jane,9.78,18,176.04
05/09/2024,14,Shore Leave,8.59,88,755.92
05/09/2024,15,Simcoe Solo,8.59,1,8.59
05/09/2024,16,Lucky Break,9.52,17,161.84
06/09/2024,1,Black Heart,8.84,96,848.64
06/09/2024,2,Fools Gold,9.15,96,878.4
06/09/2024,3,Cold Beer B,9.77,30,293.1
06/09/2024,4,Lost Lager,8.47,40,338.8
06/09/2024,5,King Crush,8.15,13,105.95
06/09/2024,6,Wingman Tro,9.48,13,123.24
06/09/2024,7,Grind Stout,9.36,23,215.28
06/09/2024,8,Juice Shack,8.02,59,473.18
06/09/2024,9,Rocky Road,8.25,80,660
06/09/2024,10,Wingman,9.19,43,395.17
06/09/2024,11,Arcade Made,8.32,74,615.68
06/09/2024,12,Punk IPA,9.53,52,495.56
06/09/2024,13,Hazy Jane,9.78,87,850.86
06/09/2024,14,Shore Leave,8.59,91,781.69
06/09/2024,15,Simcoe Solo,8.59,35,300.65
06/09/2024,16,Lucky Break,9.52,73,694.96
07/09/2024,1,Black Heart,8.84,54,477.36
07/09/2024,2,Fools Gold,9.15,82,750.3
07/09/2024,3,Cold Beer B,9.77,84,820.68
07/09/2024,4,Lost Lager,8.47,61,516.67
07/09/2024,5,King Crush,8.15,40,326
07/09/2024,6,Wingman Tro,9.48,55,521.4
07/09/2024,7,Grind Stout,9.36,28,262.08
07/09/2024,8,Juice Shack,8.02,59,473.18
07/09/2024,9,Rocky Road,8.25,48,396
07/09/2024,10,Wingman,9.19,94,863.86
07/09/2024,11,Arcade Made,8.32,85,707.2
07/09/2024,12,Punk IPA,9.53,80,762.4
07/09/2024,13,Hazy Jane,9.78,99,968.22
07/09/2024,14,Shore Leave,8.59,96,824.64
07/09/2024,15,Simcoe Solo,8.59,50,429.5
07/09/2024,16,Lucky Break,9.52,19,180.88
08/09/2024,1,Black Heart,8.84,66,583.44
08/09/2024,2,Fools Gold,9.15,33,301.95
08/09/2024,3,Cold Beer B,9.77,54,527.58
08/09/2024,4,Lost Lager,8.47,17,143.99
08/09/2024,5,King Crush,8.15,76,619.4
08/09/2024,6,Wingman Tro,9.48,48,455.04
08/09/2024,7,Grind Stout,9.36,99,926.64
08/09/2024,8,Juice Shack,8.02,5,40.1
08/09/2024,9,Rocky Road,8.25,2,16.5
08/09/2024,10,Wingman,9.19,45,413.55
08/09/2024,11,Arcade Made,8.32,94,782.08
08/09/2024,12,Punk IPA,9.53,42,400.26
08/09/2024,13,Hazy Jane,9.78,40,391.2
08/09/2024,14,Shore Leave,8.59,74,635.66
08/09/2024,15,Simcoe Solo,8.59,82,704.38
08/09/2024,16,Lucky Break,9.52,36,342.72
09/09/2024,1,Black Heart,8.84,33,291.72
09/09/2024,2,Fools Gold,9.15,67,613.05
09/09/2024,3,Cold Beer B,9.77,31,302.87
09/09/2024,4,Lost Lager,8.47,70,592.9
09/09/2024,5,King Crush,8.15,40,326
09/09/2024,6,Wingman Tro,9.48,67,635.16
09/09/2024,7,Grind Stout,9.36,45,421.2
09/09/2024,8,Juice Shack,8.02,15,120.3
09/09/2024,9,Rocky Road,8.25,40,330
09/09/2024,10,Wingman,9.19,70,643.3
09/09/2024,11,Arcade Made,8.32,22,183.04
09/09/2024,12,Punk IPA,9.53,61,581.33
09/09/2024,13,Hazy Jane,9.78,18,176.04
09/09/2024,14,Shore Leave,8.59,27,231.93
09/09/2024,15,Simcoe Solo,8.59,45,386.55
09/09/2024,16,Lucky Break,9.52,28,266.56
10/09/2024,1,Black Heart,8.84,73,645.32
10/09/2024,2,Fools Gold,9.15,10,91.5
10/09/2024,3,Cold Beer B,9.77,9,87.93
10/09/2024,4,Lost Lager,8.47,24,203.28
10/09/2024,5,King Crush,8.15,77,627.55
10/09/2024,6,Wingman Tro,9.48,21,199.08
10/09/2024,7,Grind Stout,9.36,76,711.36
10/09/2024,8,Juice Shack,8.02,4,32.08
10/09/2024,9,Rocky Road,8.25,60,495
10/09/2024,10,Wingman,9.19,44,404.36
10/09/2024,11,Arcade Made,8.32,47,391.04
10/09/2024,12,Punk IPA,9.53,32,304.96
10/09/2024,13,Hazy Jane,9.78,89,870.42
10/09/2024,14,Shore Leave,8.59,53,455.27
10/09/2024,15,Simcoe Solo,8.59,79,678.61
10/09/2024,16,Lucky Break,9.52,58,552.16
11/09/2024,1,Black Heart,8.84,64,565.76
11/09/2024,2,Fools Gold,9.15,78,713.7
11/09/2024,3,Cold Beer B,9.77,66,644.82
11/09/2024,4,Lost Lager,8.47,86,728.42
11/09/2024,5,King Crush,8.15,20,163
11/09/2024,6,Wingman Tro,9.48,65,616.2
11/09/2024,7,Grind Stout,9.36,42,393.12
11/09/2024,8,Juice Shack,8.02,48,384.96
11/09/2024,9,Rocky Road,8.25,44,363
11/09/2024,10,Wingman,9.19,18,165.42
11/09/2024,11,Arcade Made,8.32,60,499.2
11/09/2024,12,Punk IPA,9.53,83,790.99
11/09/2024,13,Hazy Jane,9.78,89,870.42
11/09/2024,14,Shore Leave,8.59,25,214.75
11/09/2024,15,Simcoe Solo,8.59,98,841.82
11/09/2024,16,Lucky Break,9.52,36,342.72
12/09/2024,1,Black Heart,8.84,23,203.32
12/09/2024,2,Fools Gold,9.15,2,18.3
12/09/2024,3,Cold Beer B,9.77,58,566.66
12/09/2024,4,Lost Lager,8.47,31,262.57
12/09/2024,5,King Crush,8.15,13,105.95
12/09/2024,6,Wingman Tro,9.48,56,530.88
12/09/2024,7,Grind Stout,9.36,6,56.16
12/09/2024,8,Juice Shack,8.02,8,64.16
12/09/2024,9,Rocky Road,8.25,26,214.5
12/09/2024,10,Wingman,9.19,45,413.55
12/09/2024,11,Arcade Made,8.32,25,208
12/09/2024,12,Punk IPA,9.53,63,600.39
12/09/2024,13,Hazy Jane,9.78,30,293.4
12/09/2024,14,Shore Leave,8.59,24,206.16
12/09/2024,15,Simcoe Solo,8.59,41,352.19
12/09/2024,16,Lucky Break,9.52,78,742.56
13/09/2024,1,Black Heart,8.84,32,282.88
13/09/2024,2,Fools Gold,9.15,0,0
13/09/2024,3,Cold Beer B,9.77,3,29.31
13/09/2024,4,Lost Lager,8.47,7,59.29
13/09/2024,5,King Crush,8.15,79,643.85
13/09/2024,6,Wingman Tro,9.48,6,56.88
13/09/2024,7,Grind Stout,9.36,66,617.76
13/09/2024,8,Juice Shack,8.02,98,785.96
13/09/2024,9,Rocky Road,8.25,31,255.75
13/09/2024,10,Wingman,9.19,99,909.81
13/09/2024,11,Arcade Made,8.32,47,391.04
13/09/2024,12,Punk IPA,9.53,100,953
13/09/2024,13,Hazy Jane,9.78,5,48.9
13/09/2024,14,Shore Leave,8.59,49,420.91
13/09/2024,15,Simcoe Solo,8.59,87,747.33
13/09/2024,16,Lucky Break,9.52,37,352.24
14/09/2024,1,Black Heart,8.84,26,229.84
14/09/2024,2,Fools Gold,9.15,96,878.4
14/09/2024,3,Cold Beer B,9.77,25,244.25
14/09/2024,4,Lost Lager,8.47,66,559.02
14/09/2024,5,King Crush,8.15,85,692.75
14/09/2024,6,Wingman Tro,9.48,60,568.8
14/09/2024,7,Grind Stout,9.36,12,112.32
14/09/2024,8,Juice Shack,8.02,76,609.52
14/09/2024,9,Rocky Road,8.25,98,808.5
14/09/2024,10,Wingman,9.19,29,266.51
14/09/2024,11,Arcade Made,8.32,78,648.96
14/09/2024,12,Punk IPA,9.53,26,247.78
14/09/2024,13,Hazy Jane,9.78,76,743.28
14/09/2024,14,Shore Leave,8.59,13,111.67
14/09/2024,15,Simcoe Solo,8.59,61,523.99
14/09/2024,16,Lucky Break,9.52,85,809.2
15/09/2024,1,Black Heart,8.84,66,583.44
15/09/2024,2,Fools Gold,9.15,66,603.9
15/09/2024,3,Cold Beer B,9.77,20,195.4
15/09/2024,4,Lost Lager,8.47,22,186.34
15/09/2024,5,King Crush,8.15,2,16.3
15/09/2024,6,Wingman Tro,9.48,45,426.6
15/09/2024,7,Grind Stout,9.36,26,243.36
15/09/2024,8,Juice Shack,8.02,98,785.96
15/09/2024,9,Rocky Road,8.25,21,173.25
15/09/2024,10,Wingman,9.19,33,303.27
15/09/2024,11,Arcade Made,8.32,8,66.56
15/09/2024,12,Punk IPA,9.53,43,409.79
15/09/2024,13,Hazy Jane,9.78,85,831.3
15/09/2024,14,Shore Leave,8.59,81,695.79
15/09/2024,15,Simcoe Solo,8.59,74,635.66
15/09/2024,16,Lucky Break,9.52,26,247.52
16/09/2024,1,Black Heart,8.84,59,521.56
16/09/2024,2,Fools Gold,9.15,86,786.9
16/09/2024,3,Cold Beer B,9.77,66,644.82
16/09/2024,4,Lost Lager,8.47,95,804.65
16/09/2024,5,King Crush,8.15,99,806.85
16/09/2024,6,Wingman Tro,9.48,24,227.52
16/09/2024,7,Grind Stout,9.36,25,234
16/09/2024,8,Juice Shack,8.02,46,368.92
16/09/2024,9,Rocky Road,8.25,78,643.5
16/09/2024,10,Wingman,9.19,45,413.55
16/09/2024,11,Arcade Made,8.32,76,632.32
16/09/2024,12,Punk IPA,9.53,77,733.81
16/09/2024,13,Hazy Jane,9.78,40,391.2
16/09/2024,14,Shore Leave,8.59,75,644.25
16/09/2024,15,Simcoe Solo,8.59,36,309.24
16/09/2024,16,Lucky Break,9.52,14,133.28
17/09/2024,1,Black Heart,8.84,9,79.56
17/09/2024,2,Fools Gold,9.15,21,192.15
17/09/2024,3,Cold Beer B,9.77,61,595.97
17/09/2024,4,Lost Lager,8.47,48,406.56
17/09/2024,5,King Crush,8.15,73,594.95
17/09/2024,6,Wingman Tro,9.48,32,303.36
17/09/2024,7,Grind Stout,9.36,57,533.52
17/09/2024,8,Juice Shack,8.02,26,208.52
17/09/2024,9,Rocky Road,8.25,96,792
17/09/2024,10,Wingman,9.19,34,312.46
17/09/2024,11,Arcade Made,8.32,18,149.76
17/09/2024,12,Punk IPA,9.53,71,676.63
17/09/2024,13,Hazy Jane,9.78,5,48.9
17/09/2024,14,Shore Leave,8.59,24,206.16
17/09/2024,15,Simcoe Solo,8.59,35,300.65
17/09/2024,16,Lucky Break,9.52,83,790.16
18/09/2024,1,Black Heart,8.84,13,114.92
18/09/2024,2,Fools Gold,9.15,18,164.7
18/09/2024,3,Cold Beer B,9.77,45,439.65
18/09/2024,4,Lost Lager,8.47,93,787.71
18/09/2024,5,King Crush,8.15,44,358.6
18/09/2024,6,Wingman Tro,9.48,19,180.12
18/09/2024,7,Grind Stout,9.36,2,18.72
18/09/2024,8,Juice Shack,8.02,83,665.66
18/09/2024,9,Rocky Road,8.25,30,247.5
18/09/2024,10,Wingman,9.19,16,147.04
18/09/2024,11,Arcade Made,8.32,85,707.2
18/09/2024,12,Punk IPA,9.53,30,285.9
18/09/2024,13,Hazy Jane,9.78,13,127.14
18/09/2024,14,Shore Leave,8.59,8,68.72
18/09/2024,15,Simcoe Solo,8.59,47,403.73
18/09/2024,16,Lucky Break,9.52,40,380.8
19/09/2024,1,Black Heart,8.84,31,274.04
19/09/2024,2,Fools Gold,9.15,99,905.85
19/09/2024,3,Cold Beer B,9.77,50,488.5
19/09/2024,4,Lost Lager,8.47,7,59.29
19/09/2024,5,King Crush,8.15,15,122.25
19/09/2024,6,Wingman Tro,9.48,61,578.28
19/09/2024,7,Grind Stout,9.36,32,299.52
19/09/2024,8,Juice Shack,8.02,39,312.78
19/09/2024,9,Rocky Road,8.25,24,198
19/09/2024,10,Wingman,9.19,27,248.13
19/09/2024,11,Arcade Made,8.32,47,391.04
19/09/2024,12,Punk IPA,9.53,61,581.33
19/09/2024,13,Hazy Jane,9.78,8,78.24
19/09/2024,14,Shore Leave,8.59,91,781.69
19/09/2024,15,Simcoe Solo,8.59,82,704.38
19/09/2024,16,Lucky Break,9.52,87,828.24
20/09/2024,1,Black Heart,8.84,41,362.44
20/09/2024,2,Fools Gold,9.15,68,622.2
20/09/2024,3,Cold Beer B,9.77,69,674.13
20/09/2024,4,Lost Lager,8.47,39,330.33
20/09/2024,5,King Crush,8.15,32,260.8
20/09/2024,6,Wingman Tro,9.48,72,682.56
20/09/2024,7,Grind Stout,9.36,23,215.28
20/09/2024,8,Juice Shack,8.02,82,657.64
20/09/2024,9,Rocky Road,8.25,69,569.25
20/09/2024,10,Wingman,9.19,90,827.1
20/09/2024,11,Arcade Made,8.32,13,108.16
20/09/2024,12,Punk IPA,9.53,75,714.75
20/09/2024,13,Hazy Jane,9.78,44,430.32
20/09/2024,14,Shore Leave,8.59,6,51.54
20/09/2024,15,Simcoe Solo,8.59,21,180.39
20/09/2024,16,Lucky Break,9.52,38,361.76
21/09/2024,1,Black Heart,8.84,53,468.52
21/09/2024,2,Fools Gold,9.15,72,658.8
21/09/2024,3,Cold Beer B,9.77,60,586.2
21/09/2024,4,Lost Lager,8.47,77,652.19
21/09/2024,5,King Crush,8.15,29,236.35
21/09/2024,6,Wingman Tro,9.48,88,834.24
21/09/2024,7,Grind Stout,9.36,34,318.24
21/09/2024,8,Juice Shack,8.02,19,152.38
21/09/2024,9,Rocky Road,8.25,32,264
21/09/2024,10,Wingman,9.19,32,294.08
21/09/2024,11,Arcade Made,8.32,49,407.68
21/09/2024,12,Punk IPA,9.53,40,381.2
21/09/2024,13,Hazy Jane,9.78,32,312.96
21/09/2024,14,Shore Leave,8.59,92,790.28
21/09/2024,15,Simcoe Solo,8.59,68,584.12
21/09/2024,16,Lucky Break,9.52,52,495.04
22/09/2024,1,Black Heart,8.84,78,689.52
22/09/2024,2,Fools Gold,9.15,97,887.55
22/09/2024,3,Cold Beer B,9.77,58,566.66
22/09/2024,4,Lost Lager,8.47,37,313.39
22/09/2024,5,King Crush,8.15,24,195.6
22/09/2024,6,Wingman Tro,9.48,61,578.28
22/09/2024,7,Grind Stout,9.36,28,262.08
22/09/2024,8,Juice Shack,8.02,59,473.18
22/09/2024,9,Rocky Road,8.25,26,214.5
22/09/2024,10,Wingman,9.19,75,689.25
22/09/2024,11,Arcade Made,8.32,2,16.64
22/09/2024,12,Punk IPA,9.53,29,276.37
22/09/2024,13,Hazy Jane,9.78,96,938.88
22/09/2024,14,Shore Leave,8.59,23,197.57
22/09/2024,15,Simcoe Solo,8.59,6,51.54
22/09/2024,16,Lucky Break,9.52,93,885.36
23/09/2024,1,Black Heart,8.84,76,671.84
23/09/2024,2,Fools Gold,9.15,69,631.35
23/09/2024,3,Cold Beer B,9.77,51,498.27
23/09/2024,4,Lost Lager,8.47,33,279.51
23/09/2024,5,King Crush,8.15,73,594.95
23/09/2024,6,Wingman Tro,9.48,76,720.48
23/09/2024,7,Grind Stout,9.36,31,290.16
23/09/2024,8,Juice Shack,8.02,67,537.34
23/09/2024,9,Rocky Road,8.25,85,701.25
23/09/2024,10,Wingman,9.19,80,735.2
23/09/2024,11,Arcade Made,8.32,6,49.92
23/09/2024,12,Punk IPA,9.53,0,0
23/09/2024,13,Hazy Jane,9.78,25,244.5
23/09/2024,14,Shore Leave,8.59,10,85.9
23/09/2024,15,Simcoe Solo,8.59,19,163.21
23/09/2024,16,Lucky Break,9.52,3,28.56
24/09/2024,1,Black Heart,8.84,63,556.92
24/09/2024,2,Fools Gold,9.15,81,741.15
24/09/2024,3,Cold Beer B,9.77,30,293.1
24/09/2024,4,Lost Lager,8.47,31,262.57
24/09/2024,5,King Crush,8.15,47,383.05
24/09/2024,6,Wingman Tro,9.48,69,654.12
24/09/2024,7,Grind Stout,9.36,64,599.04
24/09/2024,8,Juice Shack,8.02,2,16.04
24/09/2024,9,Rocky Road,8.25,53,437.25
24/09/2024,10,Wingman,9.19,74,680.06
24/09/2024,11,Arcade Made,8.32,63,524.16
24/09/2024,12,Punk IPA,9.53,29,276.37
24/09/2024,13,Hazy Jane,9.78,58,567.24
24/09/2024,14,Shore Leave,8.59,49,420.91
24/09/2024,15,Simcoe Solo,8.59,58,498.22
24/09/2024,16,Lucky Break,9.52,52,495.04
25/09/2024,1,Black Heart,8.84,51,450.84
25/09/2024,2,Fools Gold,9.15,64,585.6
25/09/2024,3,Cold Beer B,9.77,4,39.08
25/09/2024,4,Lost Lager,8.47,13,110.11
25/09/2024,5,King Crush,8.15,88,717.2
25/09/2024,6,Wingman Tro,9.48,38,360.24
25/09/2024,7,Grind Stout,9.36,43,402.48
25/09/2024,8,Juice Shack,8.02,28,224.56
25/09/2024,9,Rocky Road,8.25,52,429
25/09/2024,10,Wingman,9.19,38,349.22
25/09/2024,11,Arcade Made,8.32,56,465.92
25/09/2024,12,Punk IPA,9.53,21,200.13
25/09/2024,13,Hazy Jane,9.78,50,489
25/09/2024,14,Shore Leave,8.59,75,644.25
25/09/2024,15,Simcoe Solo,8.59,3,25.77
25/09/2024,16,Lucky Break,9.52,78,742.56
26/09/2024,1,Black Heart,8.84,66,583.44
26/09/2024,2,Fools Gold,9.15,81,741.15
26/09/2024,3,Cold Beer B,9.77,95,928.15
26/09/2024,4,Lost Lager,8.47,21,177.87
26/09/2024,5,King Crush,8.15,84,684.6
26/09/2024,6,Wingman Tro,9.48,0,0
26/09/2024,7,Grind Stout,9.36,31,290.16
26/09/2024,8,Juice Shack,8.02,78,625.56
26/09/2024,9,Rocky Road,8.25,24,198
26/09/2024,10,Wingman,9.19,10,91.9
26/09/2024,11,Arcade Made,8.32,21,174.72
26/09/2024,12,Punk IPA,9.53,47,447.91
26/09/2024,13,Hazy Jane,9.78,37,361.86
26/09/2024,14,Shore Leave,8.59,97,833.23
26/09/2024,15,Simcoe Solo,8.59,32,274.88
26/09/2024,16,Lucky Break,9.52,92,875.84
27/09/2024,1,Black Heart,8.84,75,663
27/09/2024,2,Fools Gold,9.15,34,311.1
27/09/2024,3,Cold Beer B,9.77,21,205.17
27/09/2024,4,Lost Lager,8.47,65,550.55
27/09/2024,5,King Crush,8.15,35,285.25
27/09/2024,6,Wingman Tro,9.48,64,606.72
27/09/2024,7,Grind Stout,9.36,19,177.84
27/09/2024,8,Juice Shack,8.02,11,88.22
27/09/2024,9,Rocky Road,8.25,28,231
27/09/2024,10,Wingman,9.19,59,542.21
27/09/2024,11,Arcade Made,8.32,73,607.36
27/09/2024,12,Punk IPA,9.53,3,28.59
27/09/2024,13,Hazy Jane,9.78,32,312.96
27/09/2024,14,Shore Leave,8.59,61,523.99
27/09/2024,15,Simcoe Solo,8.59,79,678.61
27/09/2024,16,Lucky Break,9.52,18,171.36
28/09/2024,1,Black Heart,8.84,72,636.48
28/09/2024,2,Fools Gold,9.15,64,585.6
28/09/2024,3,Cold Beer B,9.77,2,19.54
28/09/2024,4,Lost Lager,8.47,71,601.37
28/09/2024,5,King Crush,8.15,6,48.9
28/09/2024,6,Wingman Tro,9.48,81,767.88
28/09/2024,7,Grind Stout,9.36,87,814.32
28/09/2024,8,Juice Shack,8.02,62,497.24
28/09/2024,9,Rocky Road,8.25,38,313.5
28/09/2024,10,Wingman,9.19,20,183.8
28/09/2024,11,Arcade Made,8.32,69,574.08
28/09/2024,12,Punk IPA,9.53,80,762.4
28/09/2024,13,Hazy Jane,9.78,51,498.78
28/09/2024,14,Shore Leave,8.59,40,343.6
28/09/2024,15,Simcoe Solo,8.59,20,171.8
28/09/2024,16,Lucky Break,9.52,90,856.8
29/09/2024,1,Black Heart,8.84,80,707.2
29/09/2024,2,Fools Gold,9.15,66,603.9
29/09/2024,3,Cold Beer B,9.77,75,732.75
29/09/2024,4,Lost Lager,8.47,3,25.41
29/09/2024,5,King Crush,8.15,73,594.95
29/09/2024,6,Wingman Tro,9.48,96,910.08
29/09/2024,7,Grind Stout,9.36,11,102.96
29/09/2024,8,Juice Shack,8.02,62,497.24
29/09/2024,9,Rocky Road,8.25,19,156.75
29/09/2024,10,Wingman,9.19,82,753.58
29/09/2024,11,Arcade Made,8.32,12,99.84
29/09/2024,12,Punk IPA,9.53,17,162.01
29/09/2024,13,Hazy Jane,9.78,65,635.7
29/09/2024,14,Shore Leave,8.59,14,120.26
29/09/2024,15,Simcoe Solo,8.59,66,566.94
29/09/2024,16,Lucky Break,9.52,69,656.88
30/09/2024,1,Black Heart,8.84,81,716.04
30/09/2024,2,Fools Gold,9.15,1,9.15
30/09/2024,3,Cold Beer B,9.77,64,625.28
30/09/2024,4,Lost Lager,8.47,58,491.26
30/09/2024,5,King Crush,8.15,28,228.2
30/09/2024,6,Wingman Tro,9.48,13,123.24
30/09/2024,7,Grind Stout,9.36,93,870.48
30/09/2024,8,Juice Shack,8.02,34,272.68
30/09/2024,9,Rocky Road,8.25,1,8.25
30/09/2024,10,Wingman,9.19,30,275.7
30/09/2024,11,Arcade Made,8.32,85,707.2
30/09/2024,12,Punk IPA,9.53,64,609.92
30/09/2024,13,Hazy Jane,9.78,95,929.1
30/09/2024,14,Shore Leave,8.59,64,549.76
30/09/2024,15,Simcoe Solo,8.59,5,42.95
30/09/2024,16,Lucky Break,9.52,84,799.68
01/10/2024,1,Black Heart,8.84,44,388.96
01/10/2024,2,Fools Gold,9.15,96,878.4
01/10/2024,3,Cold Beer B,9.77,87,849.99
01/10/2024,4,Lost Lager,8.47,96,813.12
01/10/2024,5,King Crush,8.15,3,24.45
01/10/2024,6,Wingman Tro,9.48,15,142.2
01/10/2024,7,Grind Stout,9.36,85,795.6
01/10/2024,8,Juice Shack,8.02,25,200.5
01/10/2024,9,Rocky Road,8.25,32,264
01/10/2024,10,Wingman,9.19,68,624.92
01/10/2024,11,Arcade Made,8.32,53,440.96
01/10/2024,12,Punk IPA,9.53,76,724.28
01/10/2024,13,Hazy Jane,9.78,1,9.78
01/10/2024,14,Shore Leave,8.59,3,25.77
01/10/2024,15,Simcoe Solo,8.59,47,403.73
01/10/2024,16,Lucky Break,9.52,24,228.48
02/10/2024,1,Black Heart,8.84,41,362.44
02/10/2024,2,Fools Gold,9.15,13,118.95
02/10/2024,3,Cold Beer B,9.77,31,302.87
02/10/2024,4,Lost Lager,8.47,50,423.5
02/10/2024,5,King Crush,8.15,54,440.1
02/10/2024,6,Wingman Tro,9.48,36,341.28
02/10/2024,7,Grind Stout,9.36,50,468
02/10/2024,8,Juice Shack,8.02,48,384.96
02/10/2024,9,Rocky Road,8.25,50,412.5
02/10/2024,10,Wingman,9.19,0,0
02/10/2024,11,Arcade Made,8.32,14,116.48
02/10/2024,12,Punk IPA,9.53,12,114.36
02/10/2024,13,Hazy Jane,9.78,79,772.62
02/10/2024,14,Shore Leave,8.59,12,103.08
02/10/2024,15,Simcoe Solo,8.59,77,661.43
02/10/2024,16,Lucky Break,9.52,86,818.72
03/10/2024,1,Black Heart,8.84,33,291.72
03/10/2024,2,Fools Gold,9.15,39,356.85
03/10/2024,3,Cold Beer B,9.77,50,488.5
03/10/2024,4,Lost Lager,8.47,23,194.81
03/10/2024,5,King Crush,8.15,38,309.7
03/10/2024,6,Wingman Tro,9.48,33,312.84
03/10/2024,7,Grind Stout,9.36,69,645.84
03/10/2024,8,Juice Shack,8.02,14,112.28
03/10/2024,9,Rocky Road,8.25,74,610.5
03/10/2024,10,Wingman,9.19,65,597.35
03/10/2024,11,Arcade Made,8.32,9,74.88
03/10/2024,12,Punk IPA,9.53,45,428.85
03/10/2024,13,Hazy Jane,9.78,12,117.36
03/10/2024,14,Shore Leave,8.59,57,489.63
03/10/2024,15,Simcoe Solo,8.59,55,472.45
03/10/2024,16,Lucky Break,9.52,99,942.48
04/10/2024,1,Black Heart,8.84,6,53.04
04/10/2024,2,Fools Gold,9.15,98,896.7
04/10/2024,3,Cold Beer B,9.77,90,879.3
04/10/2024,4,Lost Lager,8.47,60,508.2
04/10/2024,5,King Crush,8.15,50,407.5
04/10/2024,6,Wingman Tro,9.48,87,824.76
04/10/2024,7,Grind Stout,9.36,90,842.4
04/10/2024,8,Juice Shack,8.02,62,497.24
04/10/2024,9,Rocky Road,8.25,46,379.5
04/10/2024,10,Wingman,9.19,14,128.66
04/10/2024,11,Arcade Made,8.32,68,565.76
04/10/2024,12,Punk IPA,9.53,4,38.12
04/10/2024,13,Hazy Jane,9.78,54,528.12
04/10/2024,14,Shore Leave,8.59,13,111.67
04/10/2024,15,Simcoe Solo,8.59,17,146.03
04/10/2024,16,Lucky Break,9.52,79,752.08
05/10/2024,1,Black Heart,8.84,75,663
05/10/2024,2,Fools Gold,9.15,52,475.8
05/10/2024,3,Cold Beer B,9.77,77,752.29
05/10/2024,4,Lost Lager,8.47,9,76.23
05/10/2024,5,King Crush,8.15,99,806.85
05/10/2024,6,Wingman Tro,9.48,65,616.2
05/10/2024,7,Grind Stout,9.36,10,93.6
05/10/2024,8,Juice Shack,8.02,15,120.3
05/10/2024,9,Rocky Road,8.25,69,569.25
05/10/2024,10,Wingman,9.19,50,459.5
05/10/2024,11,Arcade Made,8.32,56,465.92
05/10/2024,12,Punk IPA,9.53,71,676.63
05/10/2024,13,Hazy Jane,9.78,20,195.6
05/10/2024,14,Shore Leave,8.59,47,403.73
05/10/2024,15,Simcoe Solo,8.59,30,257.7
05/10/2024,16,Lucky Break,9.52,82,780.64
06/10/2024,1,Black Heart,8.84,19,167.96
06/10/2024,2,Fools Gold,9.15,19,173.85
06/10/2024,3,Cold Beer B,9.77,88,859.76
06/10/2024,4,Lost Lager,8.47,88,745.36
06/10/2024,5,King Crush,8.15,97,790.55
06/10/2024,6,Wingman Tro,9.48,17,161.16
06/10/2024,7,Grind Stout,9.36,43,402.48
06/10/2024,8,Juice Shack,8.02,11,88.22
06/10/2024,9,Rocky Road,8.25,55,453.75
06/10/2024,10,Wingman,9.19,25,229.75
06/10/2024,11,Arcade Made,8.32,7,58.24
06/10/2024,12,Punk IPA,9.53,40,381.2
06/10/2024,13,Hazy Jane,9.78,6,58.68
06/10/2024,14,Shore Leave,8.59,92,790.28
06/10/2024,15,Simcoe Solo,8.59,23,197.57
06/10/2024,16,Lucky Break,9.52,45,428.4
07/10/2024,1,Black Heart,8.84,79,698.36
07/10/2024,2,Fools Gold,9.15,2,18.3
07/10/2024,3,Cold Beer B,9.77,35,341.95
07/10/2024,4,Lost Lager,8.47,5,42.35
07/10/2024,5,King Crush,8.15,36,293.4
07/10/2024,6,Wingman Tro,9.48,2,18.96
07/10/2024,7,Grind Stout,9.36,1,9.36
07/10/2024,8,Juice Shack,8.02,24,192.48
07/10/2024,9,Rocky Road,8.25,75,618.75
07/10/2024,10,Wingman,9.19,53,487.07
07/10/2024,11,Arcade Made,8.32,39,324.48
07/10/2024,12,Punk IPA,9.53,79,752.87
07/10/2024,13,Hazy Jane,9.78,25,244.5
07/10/2024,14,Shore Leave,8.59,45,386.55
07/10/2024,15,Simcoe Solo,8.59,0,0
07/10/2024,16,Lucky Break,9.52,94,894.88
08/10/2024,1,Black Heart,8.84,76,671.84
08/10/2024,2,Fools Gold,9.15,30,274.5
08/10/2024,3,Cold Beer B,9.77,21,205.17
08/10/2024,4,Lost Lager,8.47,93,787.71
08/10/2024,5,King Crush,8.15,67,546.05
08/10/2024,6,Wingman Tro,9.48,80,758.4
08/10/2024,7,Grind Stout,9.36,97,907.92
08/10/2024,8,Juice Shack,8.02,88,705.76
08/10/2024,9,Rocky Road,8.25,80,660
08/10/2024,10,Wingman,9.19,58,533.02
08/10/2024,11,Arcade Made,8.32,12,99.84
08/10/2024,12,Punk IPA,9.53,80,762.4
08/10/2024,13,Hazy Jane,9.78,75,733.5
08/10/2024,14,Shore Leave,8.59,27,231.93
08/10/2024,15,Simcoe Solo,8.59,78,670.02
08/10/2024,16,Lucky Break,9.52,33,314.16
09/10/2024,1,Black Heart,8.84,81,716.04
09/10/2024,2,Fools Gold,9.15,7,64.05
09/10/2024,3,Cold Beer B,9.77,31,302.87
09/10/2024,4,Lost Lager,8.47,3,25.41
09/10/2024,5,King Crush,8.15,75,611.25
09/10/2024,6,Wingman Tro,9.48,69,654.12
09/10/2024,7,Grind Stout,9.36,69,645.84
09/10/2024,8,Juice Shack,8.02,5,40.1
09/10/2024,9,Rocky Road,8.25,87,717.75
09/10/2024,10,Wingman,9.19,80,735.2
09/10/2024,11,Arcade Made,8.32,69,574.08
09/10/2024,12,Punk IPA,9.53,84,800.52
09/10/2024,13,Hazy Jane,9.78,40,391.2
09/10/2024,14,Shore Leave,8.59,61,523.99
09/10/2024,15,Simcoe Solo,8.59,18,154.62
09/10/2024,16,Lucky Break,9.52,63,599.76
10/10/2024,1,Black Heart,8.84,44,388.96
10/10/2024,2,Fools Gold,9.15,0,0
10/10/2024,3,Cold Beer B,9.77,19,185.63
10/10/2024,4,Lost Lager,8.47,25,211.75
10/10/2024,5,King Crush,8.15,21,171.15
10/10/2024,6,Wingman Tro,9.48,55,521.4
10/10/2024,7,Grind Stout,9.36,35,327.6
10/10/2024,8,Juice Shack,8.02,15,120.3
10/10/2024,9,Rocky Road,8.25,91,750.75
10/10/2024,10,Wingman,9.19,3,27.57
10/10/2024,11,Arcade Made,8.32,66,549.12
10/10/2024,12,Punk IPA,9.53,54,514.62
10/10/2024,13,Hazy Jane,9.78,89,870.42
10/10/2024,14,Shore Leave,8.59,37,317.83
10/10/2024,15,Simcoe Solo,8.59,71,609.89
10/10/2024,16,Lucky Break,9.52,80,761.6
11/10/2024,1,Black Heart,8.84,33,291.72
11/10/2024,2,Fools Gold,9.15,71,649.65
11/10/2024,3,Cold Beer B,9.77,31,302.87
11/10/2024,4,Lost Lager,8.47,65,550.55
11/10/2024,5,King Crush,8.15,51,415.65
11/10/2024,6,Wingman Tro,9.48,93,881.64
11/10/2024,7,Grind Stout,9.36,10,93.6
11/10/2024,8,Juice Shack,8.02,73,585.46
11/10/2024,9,Rocky Road,8.25,54,445.5
11/10/2024,10,Wingman,9.19,83,762.77
11/10/2024,11,Arcade Made,8.32,75,624
11/10/2024,12,Punk IPA,9.53,87,829.11
11/10/2024,13,Hazy Jane,9.78,21,205.38
11/10/2024,14,Shore Leave,8.59,14,120.26
11/10/2024,15,Simcoe Solo,8.59,9,77.31
11/10/2024,16,Lucky Break,9.52,94,894.88
12/10/2024,1,Black Heart,8.84,7,61.88
12/10/2024,2,Fools Gold,9.15,21,192.15
12/10/2024,3,Cold Beer B,9.77,36,351.72
12/10/2024,4,Lost Lager,8.47,15,127.05
12/10/2024,5,King Crush,8.15,46,374.9
12/10/2024,6,Wingman Tro,9.48,79,748.92
12/10/2024,7,Grind Stout,9.36,90,842.4
12/10/2024,8,Juice Shack,8.02,68,545.36
12/10/2024,9,Rocky Road,8.25,28,231
12/10/2024,10,Wingman,9.19,50,459.5
12/10/2024,11,Arcade Made,8.32,55,457.6
12/10/2024,12,Punk IPA,9.53,100,953
12/10/2024,13,Hazy Jane,9.78,98,958.44
12/10/2024,14,Shore Leave,8.59,46,395.14
12/10/2024,15,Simcoe Solo,8.59,37,317.83
12/10/2024,16,Lucky Break,9.52,74,704.48
13/10/2024,1,Black Heart,8.84,72,636.48
13/10/2024,2,Fools Gold,9.15,42,384.3
13/10/2024,3,Cold Beer B,9.77,69,674.13
13/10/2024,4,Lost Lager,8.47,56,474.32
13/10/2024,5,King Crush,8.15,15,122.25
13/10/2024,6,Wingman Tro,9.48,99,938.52
13/10/2024,7,Grind Stout,9.36,0,0
13/10/2024,8,Juice Shack,8.02,26,208.52
13/10/2024,9,Rocky Road,8.25,4,33
13/10/2024,10,Wingman,9.19,87,799.53
13/10/2024,11,Arcade Made,8.32,23,191.36
13/10/2024,12,Punk IPA,9.53,78,743.34
13/10/2024,13,Hazy Jane,9.78,83,811.74
13/10/2024,14,Shore Leave,8.59,37,317.83
13/10/2024,15,Simcoe Solo,8.59,18,154.62
13/10/2024,16,Lucky Break,9.52,21,199.92
14/10/2024,1,Black Heart,8.84,100,884
14/10/2024,2,Fools Gold,9.15,88,805.2
14/10/2024,3,Cold Beer B,9.77,83,810.91
14/10/2024,4,Lost Lager,8.47,7,59.29
14/10/2024,5,King Crush,8.15,17,138.55
14/10/2024,6,Wingman Tro,9.48,39,369.72
14/10/2024,7,Grind Stout,9.36,6,56.16
14/10/2024,8,Juice Shack,8.02,59,473.18
14/10/2024,9,Rocky Road,8.25,40,330
14/10/2024,10,Wingman,9.19,70,643.3
14/10/2024,11,Arcade Made,8.32,9,74.88
14/10/2024,12,Punk IPA,9.53,11,104.83
14/10/2024,13,Hazy Jane,9.78,67,655.26
14/10/2024,14,Shore Leave,8.59,36,309.24
14/10/2024,15,Simcoe Solo,8.59,1,8.59
14/10/2024,16,Lucky Break,9.52,6,57.12
15/10/2024,1,Black Heart,8.84,92,813.28
15/10/2024,2,Fools Gold,9.15,76,695.4
15/10/2024,3,Cold Beer B,9.77,63,615.51
15/10/2024,4,Lost Lager,8.47,65,550.55
15/10/2024,5,King Crush,8.15,15,122.25
15/10/2024,6,Wingman Tro,9.48,82,777.36
15/10/2024,7,Grind Stout,9.36,72,673.92
15/10/2024,8,Juice Shack,8.02,22,176.44
15/10/2024,9,Rocky Road,8.25,7,57.75
15/10/2024,10,Wingman,9.19,21,192.99
15/10/2024,11,Arcade Made,8.32,37,307.84
15/10/2024,12,Punk IPA,9.53,40,381.2
15/10/2024,13,Hazy Jane,9.78,87,850.86
15/10/2024,14,Shore Leave,8.59,62,532.58
15/10/2024,15,Simcoe Solo,8.59,68,584.12
15/10/2024,16,Lucky Break,9.52,61,580.72
16/10/2024,1,Black Heart,8.84,59,521.56
16/10/2024,2,Fools Gold,9.15,31,283.65
16/10/2024,3,Cold Beer B,9.77,87,849.99
16/10/2024,4,Lost Lager,8.47,53,448.91
16/10/2024,5,King Crush,8.15,67,546.05
16/10/2024,6,Wingman Tro,9.48,76,720.48
16/10/2024,7,Grind Stout,9.36,96,898.56
16/10/2024,8,Juice Shack,8.02,54,433.08
16/10/2024,9,Rocky Road,8.25,13,107.25
16/10/2024,10,Wingman,9.19,97,891.43
16/10/2024,11,Arcade Made,8.32,10,83.2
16/10/2024,12,Punk IPA,9.53,21,200.13
16/10/2024,13,Hazy Jane,9.78,3,29.34
16/10/2024,14,Shore Leave,8.59,22,188.98
16/10/2024,15,Simcoe Solo,8.59,100,859
16/10/2024,16,Lucky Break,9.52,44,418.88
17/10/2024,1,Black Heart,8.84,18,159.12
17/10/2024,2,Fools Gold,9.15,10,91.5
17/10/2024,3,Cold Beer B,9.77,44,429.88
17/10/2024,4,Lost Lager,8.47,65,550.55
17/10/2024,5,King Crush,8.15,10,81.5
17/10/2024,6,Wingman Tro,9.48,41,388.68
17/10/2024,7,Grind Stout,9.36,37,346.32
17/10/2024,8,Juice Shack,8.02,96,769.92
17/10/2024,9,Rocky Road,8.25,51,420.75
17/10/2024,10,Wingman,9.19,24,220.56
17/10/2024,11,Arcade Made,8.32,29,241.28
17/10/2024,12,Punk IPA,9.53,47,447.91
17/10/2024,13,Hazy Jane,9.78,64,625.92
17/10/2024,14,Shore Leave,8.59,4,34.36
17/10/2024,15,Simcoe Solo,8.59,64,549.76
17/10/2024,16,Lucky Break,9.52,18,171.36
18/10/2024,1,Black Heart,8.84,24,212.16
18/10/2024,2,Fools Gold,9.15,53,484.95
18/10/2024,3,Cold Beer B,9.77,93,908.61
18/10/2024,4,Lost Lager,8.47,3,25.41
18/10/2024,5,King Crush,8.15,6,48.9
18/10/2024,6,Wingman Tro,9.48,80,758.4
18/10/2024,7,Grind Stout,9.36,7,65.52
18/10/2024,8,Juice Shack,8.02,70,561.4
18/10/2024,9,Rocky Road,8.25,61,503.25
18/10/2024,10,Wingman,9.19,66,606.54
18/10/2024,11,Arcade Made,8.32,95,790.4
18/10/2024,12,Punk IPA,9.53,17,162.01
18/10/2024,13,Hazy Jane,9.78,12,117.36
18/10/2024,14,Shore Leave,8.59,77,661.43
18/10/2024,15,Simcoe Solo,8.59,33,283.47
18/10/2024,16,Lucky Break,9.52,83,790.16
19/10/2024,1,Black Heart,8.84,96,848.64
19/10/2024,2,Fools Gold,9.15,61,558.15
19/10/2024,3,Cold Beer B,9.77,36,351.72
19/10/2024,4,Lost Lager,8.47,88,745.36
19/10/2024,5,King Crush,8.15,4,32.6
19/10/2024,6,Wingman Tro,9.48,24,227.52
19/10/2024,7,Grind Stout,9.36,87,814.32
19/10/2024,8,Juice Shack,8.02,26,208.52
19/10/2024,9,Rocky Road,8.25,7,57.75
19/10/2024,10,Wingman,9.19,88,808.72
19/10/2024,11,Arcade Made,8.32,23,191.36
19/10/2024,12,Punk IPA,9.53,23,219.19
19/10/2024,13,Hazy Jane,9.78,47,459.66
19/10/2024,14,Shore Leave,8.59,37,317.83
19/10/2024,15,Simcoe Solo,8.59,20,171.8
19/10/2024,16,Lucky Break,9.52,63,599.76
20/10/2024,1,Black Heart,8.84,87,769.08
20/10/2024,2,Fools Gold,9.15,58,530.7
20/10/2024,3,Cold Beer B,9.77,90,879.3
20/10/2024,4,Lost Lager,8.47,61,516.67
20/10/2024,5,King Crush,8.15,0,0
20/10/2024,6,Wingman Tro,9.48,97,919.56
20/10/2024,7,Grind Stout,9.36,88,823.68
20/10/2024,8,Juice Shack,8.02,71,569.42
20/10/2024,9,Rocky Road,8.25,87,717.75
20/10/2024,10,Wingman,9.19,41,376.79
20/10/2024,11,Arcade Made,8.32,10,83.2
20/10/2024,12,Punk IPA,9.53,83,790.99
20/10/2024,13,Hazy Jane,9.78,71,694.38
20/10/2024,14,Shore Leave,8.59,75,644.25
20/10/2024,15,Simcoe Solo,8.59,80,687.2
20/10/2024,16,Lucky Break,9.52,28,266.56
21/10/2024,1,Black Heart,8.84,74,654.16
21/10/2024,2,Fools Gold,9.15,36,329.4
21/10/2024,3,Cold Beer B,9.77,61,595.97
21/10/2024,4,Lost Lager,8.47,15,127.05
21/10/2024,5,King Crush,8.15,88,717.2
21/10/2024,6,Wingman Tro,9.48,8,75.84
21/10/2024,7,Grind Stout,9.36,39,365.04
21/10/2024,8,Juice Shack,8.02,41,328.82
21/10/2024,9,Rocky Road,8.25,38,313.5
21/10/2024,10,Wingman,9.19,90,827.1
21/10/2024,11,Arcade Made,8.32,31,257.92
21/10/2024,12,Punk IPA,9.53,20,190.6
21/10/2024,13,Hazy Jane,9.78,64,625.92
21/10/2024,14,Shore Leave,8.59,51,438.09
21/10/2024,15,Simcoe Solo,8.59,48,412.32
21/10/2024,16,Lucky Break,9.52,72,685.44
22/10/2024,1,Black Heart,8.84,4,35.36
22/10/2024,2,Fools Gold,9.15,80,732
22/10/2024,3,Cold Beer B,9.77,96,937.92
22/10/2024,4,Lost Lager,8.47,26,220.22
22/10/2024,5,King Crush,8.15,79,643.85
22/10/2024,6,Wingman Tro,9.48,85,805.8
22/10/2024,7,Grind Stout,9.36,34,318.24
22/10/2024,8,Juice Shack,8.02,68,545.36
22/10/2024,9,Rocky Road,8.25,0,0
22/10/2024,10,Wingman,9.19,1,9.19
22/10/2024,11,Arcade Made,8.32,94,782.08
22/10/2024,12,Punk IPA,9.53,29,276.37
22/10/2024,13,Hazy Jane,9.78,75,733.5
22/10/2024,14,Shore Leave,8.59,66,566.94
22/10/2024,15,Simcoe Solo,8.59,6,51.54
22/10/2024,16,Lucky Break,9.52,41,390.32
23/10/2024,1,Black Heart,8.84,74,654.16
23/10/2024,2,Fools Gold,9.15,3,27.45
23/10/2024,3,Cold Beer B,9.77,94,918.38
23/10/2024,4,Lost Lager,8.47,11,93.17
23/10/2024,5,King Crush,8.15,32,260.8
23/10/2024,6,Wingman Tro,9.48,17,161.16
23/10/2024,7,Grind Stout,9.36,53,496.08
23/10/2024,8,Juice Shack,8.02,91,729.82
23/10/2024,9,Rocky Road,8.25,59,486.75
23/10/2024,10,Wingman,9.19,80,735.2
23/10/2024,11,Arcade Made,8.32,99,823.68
23/10/2024,12,Punk IPA,9.53,2,19.06
23/10/2024,13,Hazy Jane,9.78,67,655.26
23/10/2024,14,Shore Leave,8.59,16,137.44
23/10/2024,15,Simcoe Solo,8.59,34,292.06
23/10/2024,16,Lucky Break,9.52,25,238
24/10/2024,1,Black Heart,8.84,67,592.28
24/10/2024,2,Fools Gold,9.15,22,201.3
24/10/2024,3,Cold Beer B,9.77,5,48.85
24/10/2024,4,Lost Lager,8.47,7,59.29
24/10/2024,5,King Crush,8.15,86,700.9
24/10/2024,6,Wingman Tro,9.48,22,208.56
24/10/2024,7,Grind Stout,9.36,89,833.04
24/10/2024,8,Juice Shack,8.02,51,409.02
24/10/2024,9,Rocky Road,8.25,5,41.25
24/10/2024,10,Wingman,9.19,28,257.32
24/10/2024,11,Arcade Made,8.32,47,391.04
24/10/2024,12,Punk IPA,9.53,59,562.27
24/10/2024,13,Hazy Jane,9.78,51,498.78
24/10/2024,14,Shore Leave,8.59,67,575.53
24/10/2024,15,Simcoe Solo,8.59,29,249.11
24/10/2024,16,Lucky Break,9.52,28,266.56
25/10/2024,1,Black Heart,8.84,19,167.96
25/10/2024,2,Fools Gold,9.15,58,530.7
25/10/2024,3,Cold Beer B,9.77,99,967.23
25/10/2024,4,Lost Lager,8.47,22,186.34
25/10/2024,5,King Crush,8.15,85,692.75
25/10/2024,6,Wingman Tro,9.48,92,872.16
25/10/2024,7,Grind Stout,9.36,20,187.2
25/10/2024,8,Juice Shack,8.02,62,497.24
25/10/2024,9,Rocky Road,8.25,56,462
25/10/2024,10,Wingman,9.19,35,321.65
25/10/2024,11,Arcade Made,8.32,73,607.36
25/10/2024,12,Punk IPA,9.53,21,200.13
25/10/2024,13,Hazy Jane,9.78,91,889.98
25/10/2024,14,Shore Leave,8.59,30,257.7
25/10/2024,15,Simcoe Solo,8.59,69,592.71
25/10/2024,16,Lucky Break,9.52,7,66.64
26/10/2024,1,Black Heart,8.84,89,786.76
26/10/2024,2,Fools Gold,9.15,64,585.6
26/10/2024,3,Cold Beer B,9.77,94,918.38
26/10/2024,4,Lost Lager,8.47,59,499.73
26/10/2024,5,King Crush,8.15,10,81.5
26/10/2024,6,Wingman Tro,9.48,18,170.64
26/10/2024,7,Grind Stout,9.36,58,542.88
26/10/2024,8,Juice Shack,8.02,60,481.2
26/10/2024,9,Rocky Road,8.25,17,140.25
26/10/2024,10,Wingman,9.19,95,873.05
26/10/2024,11,Arcade Made,8.32,50,416
26/10/2024,12,Punk IPA,9.53,77,733.81
26/10/2024,13,Hazy Jane,9.78,57,557.46
26/10/2024,14,Shore Leave,8.59,21,180.39
26/10/2024,15,Simcoe Solo,8.59,30,257.7
26/10/2024,16,Lucky Break,9.52,90,856.8
27/10/2024,1,Black Heart,8.84,99,875.16
27/10/2024,2,Fools Gold,9.15,16,146.4
27/10/2024,3,Cold Beer B,9.77,41,400.57
27/10/2024,4,Lost Lager,8.47,71,601.37
27/10/2024,5,King Crush,8.15,70,570.5
27/10/2024,6,Wingman Tro,9.48,84,796.32
27/10/2024,7,Grind Stout,9.36,82,767.52
27/10/2024,8,Juice Shack,8.02,95,761.9
27/10/2024,9,Rocky Road,8.25,77,635.25
27/10/2024,10,Wingman,9.19,3,27.57
27/10/2024,11,Arcade Made,8.32,46,382.72
27/10/2024,12,Punk IPA,9.53,9,85.77
27/10/2024,13,Hazy Jane,9.78,59,577.02
27/10/2024,14,Shore Leave,8.59,85,730.15
27/10/2024,15,Simcoe Solo,8.59,47,403.73
27/10/2024,16,Lucky Break,9.52,4,38.08
28/10/2024,1,Black Heart,8.84,44,388.96
28/10/2024,2,Fools Gold,9.15,86,786.9
28/10/2024,3,Cold Beer B,9.77,84,820.68
28/10/2024,4,Lost Lager,8.47,74,626.78
28/10/2024,5,King Crush,8.15,45,366.75
28/10/2024,6,Wingman Tro,9.48,40,379.2
28/10/2024,7,Grind Stout,9.36,4,37.44
28/10/2024,8,Juice Shack,8.02,23,184.46
28/10/2024,9,Rocky Road,8.25,11,90.75
28/10/2024,10,Wingman,9.19,53,487.07
28/10/2024,11,Arcade Made,8.32,74,615.68
28/10/2024,12,Punk IPA,9.53,10,95.3
28/10/2024,13,Hazy Jane,9.78,73,713.94
28/10/2024,14,Shore Leave,8.59,23,197.57
28/10/2024,15,Simcoe Solo,8.59,52,446.68
28/10/2024,16,Lucky Break,9.52,25,238
29/10/2024,1,Black Heart,8.84,28,247.52
29/10/2024,2,Fools Gold,9.15,32,292.8
29/10/2024,3,Cold Beer B,9.77,11,107.47
29/10/2024,4,Lost Lager,8.47,90,762.3
29/10/2024,5,King Crush,8.15,41,334.15
29/10/2024,6,Wingman Tro,9.48,68,644.64
29/10/2024,7,Grind Stout,9.36,16,149.76
29/10/2024,8,Juice Shack,8.02,100,802
29/10/2024,9,Rocky Road,8.25,66,544.5
29/10/2024,10,Wingman,9.19,61,560.59
29/10/2024,11,Arcade Made,8.32,34,282.88
29/10/2024,12,Punk IPA,9.53,64,609.92
29/10/2024,13,Hazy Jane,9.78,39,381.42
29/10/2024,14,Shore Leave,8.59,5,42.95
29/10/2024,15,Simcoe Solo,8.59,50,429.5
29/10/2024,16,Lucky Break,9.52,5,47.6
30/10/2024,1,Black Heart,8.84,96,848.64
30/10/2024,2,Fools Gold,9.15,33,301.95
30/10/2024,3,Cold Beer B,9.77,18,175.86
30/10/2024,4,Lost Lager,8.47,32,271.04
30/10/2024,5,King Crush,8.15,27,220.05
30/10/2024,6,Wingman Tro,9.48,90,853.2
30/10/2024,7,Grind Stout,9.36,60,561.6
30/10/2024,8,Juice Shack,8.02,33,264.66
30/10/2024,9,Rocky Road,8.25,95,783.75
30/10/2024,10,Wingman,9.19,16,147.04
30/10/2024,11,Arcade Made,8.32,31,257.92
30/10/2024,12,Punk IPA,9.53,4,38.12
30/10/2024,13,Hazy Jane,9.78,77,753.06
30/10/2024,14,Shore Leave,8.59,64,549.76
30/10/2024,15,Simcoe Solo,8.59,49,420.91
30/10/2024,16,Lucky Break,9.52,62,590.24
31/10/2024,1,Black Heart,8.84,0,0
31/10/2024,2,Fools Gold,9.15,3,27.45
31/10/2024,3,Cold Beer B,9.77,69,674.13
31/10/2024,4,Lost Lager,8.47,98,830.06
31/10/2024,5,King Crush,8.15,55,448.25
31/10/2024,6,Wingman Tro,9.48,67,635.16
31/10/2024,7,Grind Stout,9.36,46,430.56
31/10/2024,8,Juice Shack,8.02,38,304.76
31/10/2024,9,Rocky Road,8.25,61,503.25
31/10/2024,10,Wingman,9.19,2,18.38
31/10/2024,11,Arcade Made,8.32,59,490.88
31/10/2024,12,Punk IPA,9.53,72,686.16
31/10/2024,13,Hazy Jane,9.78,78,762.84
31/10/2024,14,Shore Leave,8.59,2,17.18
31/10/2024,15,Simcoe Solo,8.59,33,283.47
31/10/2024,16,Lucky Break,9.52,38,361.76
01/11/2024,1,Black Heart,8.84,82,724.88
01/11/2024,2,Fools Gold,9.15,70,640.5
01/11/2024,3,Cold Beer B,9.77,43,420.11
01/11/2024,4,Lost Lager,8.47,74,626.78
01/11/2024,5,King Crush,8.15,22,179.3
01/11/2024,6,Wingman Tro,9.48,0,0
01/11/2024,7,Grind Stout,9.36,23,215.28
01/11/2024,8,Juice Shack,8.02,52,417.04
01/11/2024,9,Rocky Road,8.25,13,107.25
01/11/2024,10,Wingman,9.19,91,836.29
01/11/2024,11,Arcade Made,8.32,35,291.2
01/11/2024,12,Punk IPA,9.53,86,819.58
01/11/2024,13,Hazy Jane,9.78,100,978
01/11/2024,14,Shore Leave,8.59,7,60.13
01/11/2024,15,Simcoe Solo,8.59,64,549.76
01/11/2024,16,Lucky Break,9.52,31,295.12
02/11/2024,1,Black Heart,8.84,38,335.92
02/11/2024,2,Fools Gold,9.15,64,585.6
02/11/2024,3,Cold Beer B,9.77,78,762.06
02/11/2024,4,Lost Lager,8.47,2,16.94
02/11/2024,5,King Crush,8.15,10,81.5
02/11/2024,6,Wingman Tro,9.48,2,18.96
02/11/2024,7,Grind Stout,9.36,49,458.64
02/11/2024,8,Juice Shack,8.02,84,673.68
02/11/2024,9,Rocky Road,8.25,14,115.5
02/11/2024,10,Wingman,9.19,68,624.92
02/11/2024,11,Arcade Made,8.32,54,449.28
02/11/2024,12,Punk IPA,9.53,98,933.94
02/11/2024,13,Hazy Jane,9.78,41,400.98
02/11/2024,14,Shore Leave,8.59,93,798.87
02/11/2024,15,Simcoe Solo,8.59,59,506.81
02/11/2024,16,Lucky Break,9.52,72,685.44
03/11/2024,1,Black Heart,8.84,23,203.32
03/11/2024,2,Fools Gold,9.15,72,658.8
03/11/2024,3,Cold Beer B,9.77,56,547.12
03/11/2024,4,Lost Lager,8.47,44,372.68
03/11/2024,5,King Crush,8.15,30,244.5
03/11/2024,6,Wingman Tro,9.48,1,9.48
03/11/2024,7,Grind Stout,9.36,11,102.96
03/11/2024,8,Juice Shack,8.02,94,753.88
03/11/2024,9,Rocky Road,8.25,16,132
03/11/2024,10,Wingman,9.19,20,183.8
03/11/2024,11,Arcade Made,8.32,1,8.32
03/11/2024,12,Punk IPA,9.53,97,924.41
03/11/2024,13,Hazy Jane,9.78,90,880.2
03/11/2024,14,Shore Leave,8.59,22,188.98
03/11/2024,15,Simcoe Solo,8.59,21,180.39
03/11/2024,16,Lucky Break,9.52,14,133.28
04/11/2024,1,Black Heart,8.84,74,654.16
04/11/2024,2,Fools Gold,9.15,11,100.65
04/11/2024,3,Cold Beer B,9.77,29,283.33
04/11/2024,4,Lost Lager,8.47,90,762.3
04/11/2024,5,King Crush,8.15,89,725.35
04/11/2024,6,Wingman Tro,9.48,69,654.12
04/11/2024,7,Grind Stout,9.36,60,561.6
04/11/2024,8,Juice Shack,8.02,81,649.62
04/11/2024,9,Rocky Road,8.25,51,420.75
04/11/2024,10,Wingman,9.19,78,716.82
04/11/2024,11,Arcade Made,8.32,38,316.16
04/11/2024,12,Punk IPA,9.53,51,486.03
04/11/2024,13,Hazy Jane,9.78,61,596.58
04/11/2024,14,Shore Leave,8.59,63,541.17
04/11/2024,15,Simcoe Solo,8.59,34,292.06
04/11/2024,16,Lucky Break,9.52,27,257.04
05/11/2024,1,Black Heart,8.84,2,17.68
05/11/2024,2,Fools Gold,9.15,47,430.05
05/11/2024,3,Cold Beer B,9.77,63,615.51
05/11/2024,4,Lost Lager,8.47,61,516.67
05/11/2024,5,King Crush,8.15,27,220.05
05/11/2024,6,Wingman Tro,9.48,21,199.08
05/11/2024,7,Grind Stout,9.36,67,627.12
05/11/2024,8,Juice Shack,8.02,63,505.26
05/11/2024,9,Rocky Road,8.25,50,412.5
05/11/2024,10,Wingman,9.19,61,560.59
05/11/2024,11,Arcade Made,8.32,54,449.28
05/11/2024,12,Punk IPA,9.53,82,781.46
05/11/2024,13,Hazy Jane,9.78,14,136.92
05/11/2024,14,Shore Leave,8.59,19,163.21
05/11/2024,15,Simcoe Solo,8.59,32,274.88
05/11/2024,16,Lucky Break,9.52,58,552.16
06/11/2024,1,Black Heart,8.84,26,229.84
06/11/2024,2,Fools Gold,9.15,44,402.6
06/11/2024,3,Cold Beer B,9.77,75,732.75
06/11/2024,4,Lost Lager,8.47,74,626.78
06/11/2024,5,King Crush,8.15,4,32.6
06/11/2024,6,Wingman Tro,9.48,94,891.12
06/11/2024,7,Grind Stout,9.36,6,56.16
06/11/2024,8,Juice Shack,8.02,54,433.08
06/11/2024,9,Rocky Road,8.25,3,24.75
06/11/2024,10,Wingman,9.19,76,698.44
06/11/2024,11,Arcade Made,8.32,22,183.04
06/11/2024,12,Punk IPA,9.53,14,133.42
06/11/2024,13,Hazy Jane,9.78,9,88.02
06/11/2024,14,Shore Leave,8.59,97,833.23
06/11/2024,15,Simcoe Solo,8.59,46,395.14
06/11/2024,16,Lucky Break,9.52,78,742.56
07/11/2024,1,Black Heart,8.84,97,857.48
07/11/2024,2,Fools Gold,9.15,53,484.95
07/11/2024,3,Cold Beer B,9.77,36,351.72
07/11/2024,4,Lost Lager,8.47,0,0
07/11/2024,5,King Crush,8.15,79,643.85
07/11/2024,6,Wingman Tro,9.48,73,692.04
07/11/2024,7,Grind Stout,9.36,83,776.88
07/11/2024,8,Juice Shack,8.02,5,40.1
07/11/2024,9,Rocky Road,8.25,31,255.75
07/11/2024,10,Wingman,9.19,28,257.32
07/11/2024,11,Arcade Made,8.32,3,24.96
07/11/2024,12,Punk IPA,9.53,57,543.21
07/11/2024,13,Hazy Jane,9.78,13,127.14
07/11/2024,14,Shore Leave,8.59,61,523.99
07/11/2024,15,Simcoe Solo,8.59,3,25.77
07/11/2024,16,Lucky Break,9.52,54,514.08
08/11/2024,1,Black Heart,8.84,74,654.16
08/11/2024,2,Fools Gold,9.15,46,420.9
08/11/2024,3,Cold Beer B,9.77,30,293.1
08/11/2024,4,Lost Lager,8.47,76,643.72
08/11/2024,5,King Crush,8.15,86,700.9
08/11/2024,6,Wingman Tro,9.48,24,227.52
08/11/2024,7,Grind Stout,9.36,77,720.72
08/11/2024,8,Juice Shack,8.02,17,136.34
08/11/2024,9,Rocky Road,8.25,14,115.5
08/11/2024,10,Wingman,9.19,82,753.58
08/11/2024,11,Arcade Made,8.32,26,216.32
08/11/2024,12,Punk IPA,9.53,2,19.06
08/11/2024,13,Hazy Jane,9.78,66,645.48
08/11/2024,14,Shore Leave,8.59,68,584.12
08/11/2024,15,Simcoe Solo,8.59,66,566.94
08/11/2024,16,Lucky Break,9.52,19,180.88
09/11/2024,1,Black Heart,8.84,11,97.24
09/11/2024,2,Fools Gold,9.15,90,823.5
09/11/2024,3,Cold Beer B,9.77,8,78.16
09/11/2024,4,Lost Lager,8.47,4,33.88
09/11/2024,5,King Crush,8.15,63,513.45
09/11/2024,6,Wingman Tro,9.48,92,872.16
09/11/2024,7,Grind Stout,9.36,55,514.8
09/11/2024,8,Juice Shack,8.02,1,8.02
09/11/2024,9,Rocky Road,8.25,11,90.75
09/11/2024,10,Wingman,9.19,7,64.33
09/11/2024,11,Arcade Made,8.32,81,673.92
09/11/2024,12,Punk IPA,9.53,76,724.28
09/11/2024,13,Hazy Jane,9.78,46,449.88
09/11/2024,14,Shore Leave,8.59,8,68.72
09/11/2024,15,Simcoe Solo,8.59,28,240.52
09/11/2024,16,Lucky Break,9.52,73,694.96
10/11/2024,1,Black Heart,8.84,78,689.52
10/11/2024,2,Fools Gold,9.15,49,448.35
10/11/2024,3,Cold Beer B,9.77,0,0
10/11/2024,4,Lost Lager,8.47,4,33.88
10/11/2024,5,King Crush,8.15,35,285.25
10/11/2024,6,Wingman Tro,9.48,35,331.8
10/11/2024,7,Grind Stout,9.36,64,599.04
10/11/2024,8,Juice Shack,8.02,54,433.08
10/11/2024,9,Rocky Road,8.25,83,684.75
10/11/2024,10,Wingman,9.19,7,64.33
10/11/2024,11,Arcade Made,8.32,37,307.84
10/11/2024,12,Punk IPA,9.53,42,400.26
10/11/2024,13,Hazy Jane,9.78,1,9.78
10/11/2024,14,Shore Leave,8.59,69,592.71
10/11/2024,15,Simcoe Solo,8.59,32,274.88
10/11/2024,16,Lucky Break,9.52,74,704.48
11/11/2024,1,Black Heart,8.84,96,848.64
11/11/2024,2,Fools Gold,9.15,40,366
11/11/2024,3,Cold Beer B,9.77,14,136.78
11/11/2024,4,Lost Lager,8.47,78,660.66
11/11/2024,5,King Crush,8.15,98,798.7
11/11/2024,6,Wingman Tro,9.48,65,616.2
11/11/2024,7,Grind Stout,9.36,70,655.2
11/11/2024,8,Juice Shack,8.02,81,649.62
11/11/2024,9,Rocky Road,8.25,68,561
11/11/2024,10,Wingman,9.19,95,873.05
11/11/2024,11,Arcade Made,8.32,45,374.4
11/11/2024,12,Punk IPA,9.53,28,266.84
11/11/2024,13,Hazy Jane,9.78,31,303.18
11/11/2024,14,Shore Leave,8.59,15,128.85
11/11/2024,15,Simcoe Solo,8.59,68,584.12
11/11/2024,16,Lucky Break,9.52,64,609.28
12/11/2024,1,Black Heart,8.84,32,282.88
12/11/2024,2,Fools Gold,9.15,39,356.85
12/11/2024,3,Cold Beer B,9.77,59,576.43
12/11/2024,4,Lost Lager,8.47,25,211.75
12/11/2024,5,King Crush,8.15,18,146.7
12/11/2024,6,Wingman Tro,9.48,19,180.12
12/11/2024,7,Grind Stout,9.36,53,496.08
12/11/2024,8,Juice Shack,8.02,53,425.06
12/11/2024,9,Rocky Road,8.25,49,404.25
12/11/2024,10,Wingman,9.19,95,873.05
12/11/2024,11,Arcade Made,8.32,86,715.52
12/11/2024,12,Punk IPA,9.53,67,638.51
12/11/2024,13,Hazy Jane,9.78,75,733.5
12/11/2024,14,Shore Leave,8.59,33,283.47
12/11/2024,15,Simcoe Solo,8.59,0,0
12/11/2024,16,Lucky Break,9.52,38,361.76
13/11/2024,1,Black Heart,8.84,68,601.12
13/11/2024,2,Fools Gold,9.15,63,576.45
13/11/2024,3,Cold Beer B,9.77,31,302.87
13/11/2024,4,Lost Lager,8.47,25,211.75
13/11/2024,5,King Crush,8.15,6,48.9
13/11/2024,6,Wingman Tro,9.48,68,644.64
13/11/2024,7,Grind Stout,9.36,80,748.8
13/11/2024,8,Juice Shack,8.02,48,384.96
13/11/2024,9,Rocky Road,8.25,36,297
13/11/2024,10,Wingman,9.19,97,891.43
13/11/2024,11,Arcade Made,8.32,31,257.92
13/11/2024,12,Punk IPA,9.53,74,705.22
13/11/2024,13,Hazy Jane,9.78,49,479.22
13/11/2024,14,Shore Leave,8.59,8,68.72
13/11/2024,15,Simcoe Solo,8.59,91,781.69
13/11/2024,16,Lucky Break,9.52,97,923.44
14/11/2024,1,Black Heart,8.84,89,786.76
14/11/2024,2,Fools Gold,9.15,72,658.8
14/11/2024,3,Cold Beer B,9.77,54,527.58
14/11/2024,4,Lost Lager,8.47,63,533.61
14/11/2024,5,King Crush,8.15,1,8.15
14/11/2024,6,Wingman Tro,9.48,43,407.64
14/11/2024,7,Grind Stout,9.36,59,552.24
14/11/2024,8,Juice Shack,8.02,40,320.8
14/11/2024,9,Rocky Road,8.25,61,503.25
14/11/2024,10,Wingman,9.19,9,82.71
14/11/2024,11,Arcade Made,8.32,21,174.72
14/11/2024,12,Punk IPA,9.53,75,714.75
14/11/2024,13,Hazy Jane,9.78,88,860.64
14/11/2024,14,Shore Leave,8.59,38,326.42
14/11/2024,15,Simcoe Solo,8.59,92,790.28
14/11/2024,16,Lucky Break,9.52,21,199.92
15/11/2024,1,Black Heart,8.84,61,539.24
15/11/2024,2,Fools Gold,9.15,65,594.75
15/11/2024,3,Cold Beer B,9.77,51,498.27
15/11/2024,4,Lost Lager,8.47,25,211.75
15/11/2024,5,King Crush,8.15,3,24.45
15/11/2024,6,Wingman Tro,9.48,17,161.16
15/11/2024,7,Grind Stout,9.36,52,486.72
15/11/2024,8,Juice Shack,8.02,63,505.26
15/11/2024,9,Rocky Road,8.25,66,544.5
15/11/2024,10,Wingman,9.19,78,716.82
15/11/2024,11,Arcade Made,8.32,1,8.32
15/11/2024,12,Punk IPA,9.53,67,638.51
15/11/2024,13,Hazy Jane,9.78,85,831.3
15/11/2024,14,Shore Leave,8.59,56,481.04
15/11/2024,15,Simcoe Solo,8.59,11,94.49
15/11/2024,16,Lucky Break,9.52,52,495.04
16/11/2024,1,Black Heart,8.84,99,875.16
16/11/2024,2,Fools Gold,9.15,34,311.1
16/11/2024,3,Cold Beer B,9.77,76,742.52
16/11/2024,4,Lost Lager,8.47,13,110.11
16/11/2024,5,King Crush,8.15,69,562.35
16/11/2024,6,Wingman Tro,9.48,4,37.92
16/11/2024,7,Grind Stout,9.36,15,140.4
16/11/2024,8,Juice Shack,8.02,50,401
16/11/2024,9,Rocky Road,8.25,53,437.25
16/11/2024,10,Wingman,9.19,26,238.94
16/11/2024,11,Arcade Made,8.32,16,133.12
16/11/2024,12,Punk IPA,9.53,24,228.72
16/11/2024,13,Hazy Jane,9.78,11,107.58
16/11/2024,14,Shore Leave,8.59,51,438.09
16/11/2024,15,Simcoe Solo,8.59,25,214.75
16/11/2024,16,Lucky Break,9.52,76,723.52
17/11/2024,1,Black Heart,8.84,94,830.96
17/11/2024,2,Fools Gold,9.15,48,439.2
17/11/2024,3,Cold Beer B,9.77,48,468.96
17/11/2024,4,Lost Lager,8.47,42,355.74
17/11/2024,5,King Crush,8.15,83,676.45
17/11/2024,6,Wingman Tro,9.48,62,587.76
17/11/2024,7,Grind Stout,9.36,22,205.92
17/11/2024,8,Juice Shack,8.02,35,280.7
17/11/2024,9,Rocky Road,8.25,9,74.25
17/11/2024,10,Wingman,9.19,68,624.92
17/11/2024,11,Arcade Made,8.32,25,208
17/11/2024,12,Punk IPA,9.53,93,886.29
17/11/2024,13,Hazy Jane,9.78,33,322.74
17/11/2024,14,Shore Leave,8.59,40,343.6
17/11/2024,15,Simcoe Solo,8.59,96,824.64
17/11/2024,16,Lucky Break,9.52,47,447.44
18/11/2024,1,Black Heart,8.84,80,707.2
18/11/2024,2,Fools Gold,9.15,44,402.6
18/11/2024,3,Cold Beer B,9.77,38,371.26
18/11/2024,4,Lost Lager,8.47,73,618.31
18/11/2024,5,King Crush,8.15,87,709.05
18/11/2024,6,Wingman Tro,9.48,49,464.52
18/11/2024,7,Grind Stout,9.36,61,570.96
18/11/2024,8,Juice Shack,8.02,89,713.78
18/11/2024,9,Rocky Road,8.25,100,825
18/11/2024,10,Wingman,9.19,34,312.46
18/11/2024,11,Arcade Made,8.32,91,757.12
18/11/2024,12,Punk IPA,9.53,73,695.69
18/11/2024,13,Hazy Jane,9.78,95,929.1
18/11/2024,14,Shore Leave,8.59,32,274.88
18/11/2024,15,Simcoe Solo,8.59,18,154.62
18/11/2024,16,Lucky Break,9.52,31,295.12
19/11/2024,1,Black Heart,8.84,45,397.8
19/11/2024,2,Fools Gold,9.15,29,265.35
19/11/2024,3,Cold Beer B,9.77,26,254.02
19/11/2024,4,Lost Lager,8.47,50,423.5
19/11/2024,5,King Crush,8.15,5,40.75
19/11/2024,6,Wingman Tro,9.48,35,331.8
19/11/2024,7,Grind Stout,9.36,66,617.76
19/11/2024,8,Juice Shack,8.02,82,657.64
19/11/2024,9,Rocky Road,8.25,38,313.5
19/11/2024,10,Wingman,9.19,22,202.18
19/11/2024,11,Arcade Made,8.32,80,665.6
19/11/2024,12,Punk IPA,9.53,97,924.41
19/11/2024,13,Hazy Jane,9.78,55,537.9
19/11/2024,14,Shore Leave,8.59,41,352.19
19/11/2024,15,Simcoe Solo,8.59,94,807.46
19/11/2024,16,Lucky Break,9.52,44,418.88
20/11/2024,1,Black Heart,8.84,35,309.4
20/11/2024,2,Fools Gold,9.15,71,649.65
20/11/2024,3,Cold Beer B,9.77,14,136.78
20/11/2024,4,Lost Lager,8.47,80,677.6
20/11/2024,5,King Crush,8.15,41,334.15
20/11/2024,6,Wingman Tro,9.48,0,0
20/11/2024,7,Grind Stout,9.36,45,421.2
20/11/2024,8,Juice Shack,8.02,12,96.24
20/11/2024,9,Rocky Road,8.25,98,808.5
20/11/2024,10,Wingman,9.19,95,873.05
20/11/2024,11,Arcade Made,8.32,49,407.68
20/11/2024,12,Punk IPA,9.53,29,276.37
20/11/2024,13,Hazy Jane,9.78,57,557.46
20/11/2024,14,Shore Leave,8.59,57,489.63
20/11/2024,15,Simcoe Solo,8.59,32,274.88
20/11/2024,16,Lucky Break,9.52,78,742.56
21/11/2024,1,Black Heart,8.84,22,194.48
21/11/2024,2,Fools Gold,9.15,61,558.15
21/11/2024,3,Cold Beer B,9.77,26,254.02
21/11/2024,4,Lost Lager,8.47,16,135.52
21/11/2024,5,King Crush,8.15,1,8.15
21/11/2024,6,Wingman Tro,9.48,98,929.04
21/11/2024,7,Grind Stout,9.36,66,617.76
21/11/2024,8,Juice Shack,8.02,37,296.74
21/11/2024,9,Rocky Road,8.25,8,66
21/11/2024,10,Wingman,9.19,38,349.22
21/11/2024,11,Arcade Made,8.32,56,465.92
21/11/2024,12,Punk IPA,9.53,68,648.04
21/11/2024,13,Hazy Jane,9.78,0,0
21/11/2024,14,Shore Leave,8.59,82,704.38
21/11/2024,15,Simcoe Solo,8.59,6,51.54
21/11/2024,16,Lucky Break,9.52,96,913.92
22/11/2024,1,Black Heart,8.84,73,645.32
22/11/2024,2,Fools Gold,9.15,75,686.25
22/11/2024,3,Cold Beer B,9.77,56,547.12
22/11/2024,4,Lost Lager,8.47,74,626.78
22/11/2024,5,King Crush,8.15,89,725.35
22/11/2024,6,Wingman Tro,9.48,23,218.04
22/11/2024,7,Grind Stout,9.36,28,262.08
22/11/2024,8,Juice Shack,8.02,99,793.98
22/11/2024,9,Rocky Road,8.25,45,371.25
22/11/2024,10,Wingman,9.19,42,385.98
22/11/2024,11,Arcade Made,8.32,21,174.72
22/11/2024,12,Punk IPA,9.53,35,333.55
22/11/2024,13,Hazy Jane,9.78,68,665.04
22/11/2024,14,Shore Leave,8.59,27,231.93
22/11/2024,15,Simcoe Solo,8.59,8,68.72
22/11/2024,16,Lucky Break,9.52,69,656.88
23/11/2024,1,Black Heart,8.84,21,185.64
23/11/2024,2,Fools Gold,9.15,59,539.85
23/11/2024,3,Cold Beer B,9.77,43,420.11
23/11/2024,4,Lost Lager,8.47,31,262.57
23/11/2024,5,King Crush,8.15,49,399.35
23/11/2024,6,Wingman Tro,9.48,49,464.52
23/11/2024,7,Grind Stout,9.36,98,917.28
23/11/2024,8,Juice Shack,8.02,12,96.24
23/11/2024,9,Rocky Road,8.25,50,412.5
23/11/2024,10,Wingman,9.19,74,680.06
23/11/2024,11,Arcade Made,8.32,34,282.88
23/11/2024,12,Punk IPA,9.53,66,628.98
23/11/2024,13,Hazy Jane,9.78,98,958.44
23/11/2024,14,Shore Leave,8.59,84,721.56
23/11/2024,15,Simcoe Solo,8.59,14,120.26
23/11/2024,16,Lucky Break,9.52,88,837.76
24/11/2024,1,Black Heart,8.84,71,627.64
24/11/2024,2,Fools Gold,9.15,20,183
24/11/2024,3,Cold Beer B,9.77,76,742.52
24/11/2024,4,Lost Lager,8.47,73,618.31
24/11/2024,5,King Crush,8.15,86,700.9
24/11/2024,6,Wingman Tro,9.48,4,37.92
24/11/2024,7,Grind Stout,9.36,19,177.84
24/11/2024,8,Juice Shack,8.02,61,489.22
24/11/2024,9,Rocky Road,8.25,65,536.25
24/11/2024,10,Wingman,9.19,73,670.87
24/11/2024,11,Arcade Made,8.32,72,599.04
24/11/2024,12,Punk IPA,9.53,48,457.44
24/11/2024,13,Hazy Jane,9.78,10,97.8
24/11/2024,14,Shore Leave,8.59,8,68.72
24/11/2024,15,Simcoe Solo,8.59,41,352.19
24/11/2024,16,Lucky Break,9.52,23,218.96
25/11/2024,1,Black Heart,8.84,65,574.6
25/11/2024,2,Fools Gold,9.15,33,301.95
25/11/2024,3,Cold Beer B,9.77,36,351.72
25/11/2024,4,Lost Lager,8.47,10,84.7
25/11/2024,5,King Crush,8.15,7,57.05
25/11/2024,6,Wingman Tro,9.48,28,265.44
25/11/2024,7,Grind Stout,9.36,12,112.32
25/11/2024,8,Juice Shack,8.02,35,280.7
25/11/2024,9,Rocky Road,8.25,9,74.25
25/11/2024,10,Wingman,9.19,46,422.74
25/11/2024,11,Arcade Made,8.32,39,324.48
25/11/2024,12,Punk IPA,9.53,37,352.61
25/11/2024,13,Hazy Jane,9.78,40,391.2
25/11/2024,14,Shore Leave,8.59,74,635.66
25/11/2024,15,Simcoe Solo,8.59,0,0
25/11/2024,16,Lucky Break,9.52,41,390.32
26/11/2024,1,Black Heart,8.84,91,804.44
26/11/2024,2,Fools Gold,9.15,37,338.55
26/11/2024,3,Cold Beer B,9.77,30,293.1
26/11/2024,4,Lost Lager,8.47,42,355.74
26/11/2024,5,King Crush,8.15,44,358.6
26/11/2024,6,Wingman Tro,9.48,68,644.64
26/11/2024,7,Grind Stout,9.36,61,570.96
26/11/2024,8,Juice Shack,8.02,25,200.5
26/11/2024,9,Rocky Road,8.25,77,635.25
26/11/2024,10,Wingman,9.19,42,385.98
26/11/2024,11,Arcade Made,8.32,52,432.64
26/11/2024,12,Punk IPA,9.53,89,848.17
26/11/2024,13,Hazy Jane,9.78,31,303.18
26/11/2024,14,Shore Leave,8.59,98,841.82
26/11/2024,15,Simcoe Solo,8.59,93,798.87
26/11/2024,16,Lucky Break,9.52,57,542.64
27/11/2024,1,Black Heart,8.84,0,0
27/11/2024,2,Fools Gold,9.15,2,18.3
27/11/2024,3,Cold Beer B,9.77,9,87.93
27/11/2024,4,Lost Lager,8.47,95,804.65
27/11/2024,5,King Crush,8.15,0,0
27/11/2024,6,Wingman Tro,9.48,4,37.92
27/11/2024,7,Grind Stout,9.36,22,205.92
27/11/2024,8,Juice Shack,8.02,56,449.12
27/11/2024,9,Rocky Road,8.25,91,750.75
27/11/2024,10,Wingman,9.19,84,771.96
27/11/2024,11,Arcade Made,8.32,23,191.36
27/11/2024,12,Punk IPA,9.53,17,162.01
27/11/2024,13,Hazy Jane,9.78,21,205.38
27/11/2024,14,Shore Leave,8.59,75,644.25
27/11/2024,15,Simcoe Solo,8.59,47,403.73
27/11/2024,16,Lucky Break,9.52,55,523.6
28/11/2024,1,Black Heart,8.84,6,53.04
28/11/2024,2,Fools Gold,9.15,19,173.85
28/11/2024,3,Cold Beer B,9.77,78,762.06
28/11/2024,4,Lost Lager,8.47,85,719.95
28/11/2024,5,King Crush,8.15,24,195.6
28/11/2024,6,Wingman Tro,9.48,63,597.24
28/11/2024,7,Grind Stout,9.36,71,664.56
28/11/2024,8,Juice Shack,8.02,98,785.96
28/11/2024,9,Rocky Road,8.25,19,156.75
28/11/2024,10,Wingman,9.19,16,147.04
28/11/2024,11,Arcade Made,8.32,98,815.36
28/11/2024,12,Punk IPA,9.53,11,104.83
28/11/2024,13,Hazy Jane,9.78,90,880.2
28/11/2024,14,Shore Leave,8.59,91,781.69
28/11/2024,15,Simcoe Solo,8.59,48,412.32
28/11/2024,16,Lucky Break,9.52,56,533.12
29/11/2024,1,Black Heart,8.84,89,786.76
29/11/2024,2,Fools Gold,9.15,36,329.4
29/11/2024,3,Cold Beer B,9.77,59,576.43
29/11/2024,4,Lost Lager,8.47,37,313.39
29/11/2024,5,King Crush,8.15,53,431.95
29/11/2024,6,Wingman Tro,9.48,0,0
29/11/2024,7,Grind Stout,9.36,9,84.24
29/11/2024,8,Juice Shack,8.02,30,240.6
29/11/2024,9,Rocky Road,8.25,16,132
29/11/2024,10,Wingman,9.19,54,496.26
29/11/2024,11,Arcade Made,8.32,90,748.8
29/11/2024,12,Punk IPA,9.53,81,771.93
29/11/2024,13,Hazy Jane,9.78,73,713.94
29/11/2024,14,Shore Leave,8.59,62,532.58
29/11/2024,15,Simcoe Solo,8.59,74,635.66
29/11/2024,16,Lucky Break,9.52,31,295.12
30/11/2024,1,Black Heart,8.84,22,194.48
30/11/2024,2,Fools Gold,9.15,15,137.25
30/11/2024,3,Cold Beer B,9.77,21,205.17
30/11/2024,4,Lost Lager,8.47,47,398.09
30/11/2024,5,King Crush,8.15,37,301.55
30/11/2024,6,Wingman Tro,9.48,44,417.12
30/11/2024,7,Grind Stout,9.36,40,374.4
30/11/2024,8,Juice Shack,8.02,47,376.94
30/11/2024,9,Rocky Road,8.25,48,396
30/11/2024,10,Wingman,9.19,69,634.11
30/11/2024,11,Arcade Made,8.32,23,191.36
30/11/2024,12,Punk IPA,9.53,98,933.94
30/11/2024,13,Hazy Jane,9.78,33,322.74
30/11/2024,14,Shore Leave,8.59,20,171.8
30/11/2024,15,Simcoe Solo,8.59,57,489.63
30/11/2024,16,Lucky Break,9.52,43,409.36
01/12/2024,1,Black Heart,8.84,39,344.76
01/12/2024,2,Fools Gold,9.15,82,750.3
01/12/2024,3,Cold Beer B,9.77,0,0
01/12/2024,4,Lost Lager,8.47,37,313.39
01/12/2024,5,King Crush,8.15,5,40.75
01/12/2024,6,Wingman Tro,9.48,26,246.48
01/12/2024,7,Grind Stout,9.36,47,439.92
01/12/2024,8,Juice Shack,8.02,49,392.98
01/12/2024,9,Rocky Road,8.25,46,379.5
01/12/2024,10,Wingman,9.19,79,726.01
01/12/2024,11,Arcade Made,8.32,96,798.72
01/12/2024,12,Punk IPA,9.53,93,886.29
01/12/2024,13,Hazy Jane,9.78,80,782.4
01/12/2024,14,Shore Leave,8.59,81,695.79
01/12/2024,15,Simcoe Solo,8.59,19,163.21
01/12/2024,16,Lucky Break,9.52,90,856.8
02/12/2024,1,Black Heart,8.84,74,654.16
02/12/2024,2,Fools Gold,9.15,29,265.35
02/12/2024,3,Cold Beer B,9.77,12,117.24
02/12/2024,4,Lost Lager,8.47,59,499.73
02/12/2024,5,King Crush,8.15,7,57.05
02/12/2024,6,Wingman Tro,9.48,93,881.64
02/12/2024,7,Grind Stout,9.36,56,524.16
02/12/2024,8,Juice Shack,8.02,64,513.28
02/12/2024,9,Rocky Road,8.25,64,528
02/12/2024,10,Wingman,9.19,77,707.63
02/12/2024,11,Arcade Made,8.32,24,199.68
02/12/2024,12,Punk IPA,9.53,74,705.22
02/12/2024,13,Hazy Jane,9.78,75,733.5
02/12/2024,14,Shore Leave,8.59,34,292.06
02/12/2024,15,Simcoe Solo,8.59,81,695.79
02/12/2024,16,Lucky Break,9.52,79,752.08
03/12/2024,1,Black Heart,8.84,4,35.36
03/12/2024,2,Fools Gold,9.15,76,695.4
03/12/2024,3,Cold Beer B,9.77,19,185.63
03/12/2024,4,Lost Lager,8.47,26,220.22
03/12/2024,5,King Crush,8.15,14,114.1
03/12/2024,6,Wingman Tro,9.48,25,237
03/12/2024,7,Grind Stout,9.36,40,374.4
03/12/2024,8,Juice Shack,8.02,67,537.34
03/12/2024,9,Rocky Road,8.25,34,280.5
03/12/2024,10,Wingman,9.19,42,385.98
03/12/2024,11,Arcade Made,8.32,70,582.4
03/12/2024,12,Punk IPA,9.53,55,524.15
03/12/2024,13,Hazy Jane,9.78,9,88.02
03/12/2024,14,Shore Leave,8.59,13,111.67
03/12/2024,15,Simcoe Solo,8.59,63,541.17
03/12/2024,16,Lucky Break,9.52,47,447.44
04/12/2024,1,Black Heart,8.84,38,335.92
04/12/2024,2,Fools Gold,9.15,29,265.35
04/12/2024,3,Cold Beer B,9.77,76,742.52
04/12/2024,4,Lost Lager,8.47,93,787.71
04/12/2024,5,King Crush,8.15,71,578.65
04/12/2024,6,Wingman Tro,9.48,80,758.4
04/12/2024,7,Grind Stout,9.36,83,776.88
04/12/2024,8,Juice Shack,8.02,40,320.8
04/12/2024,9,Rocky Road,8.25,20,165
04/12/2024,10,Wingman,9.19,22,202.18
04/12/2024,11,Arcade Made,8.32,5,41.6
04/12/2024,12,Punk IPA,9.53,34,324.02
04/12/2024,13,Hazy Jane,9.78,2,19.56
04/12/2024,14,Shore Leave,8.59,30,257.7
04/12/2024,15,Simcoe Solo,8.59,18,154.62
04/12/2024,16,Lucky Break,9.52,4,38.08
05/12/2024,1,Black Heart,8.84,68,601.12
05/12/2024,2,Fools Gold,9.15,79,722.85
05/12/2024,3,Cold Beer B,9.77,22,214.94
05/12/2024,4,Lost Lager,8.47,98,830.06
05/12/2024,5,King Crush,8.15,38,309.7
05/12/2024,6,Wingman Tro,9.48,40,379.2
05/12/2024,7,Grind Stout,9.36,10,93.6
05/12/2024,8,Juice Shack,8.02,29,232.58
05/12/2024,9,Rocky Road,8.25,38,313.5
05/12/2024,10,Wingman,9.19,62,569.78
05/12/2024,11,Arcade Made,8.32,9,74.88
05/12/2024,12,Punk IPA,9.53,22,209.66
05/12/2024,13,Hazy Jane,9.78,27,264.06
05/12/2024,14,Shore Leave,8.59,61,523.99
05/12/2024,15,Simcoe Solo,8.59,87,747.33
05/12/2024,16,Lucky Break,9.52,43,409.36
06/12/2024,1,Black Heart,8.84,22,194.48
06/12/2024,2,Fools Gold,9.15,56,512.4
06/12/2024,3,Cold Beer B,9.77,28,273.56
06/12/2024,4,Lost Lager,8.47,41,347.27
06/12/2024,5,King Crush,8.15,61,497.15
06/12/2024,6,Wingman Tro,9.48,0,0
06/12/2024,7,Grind Stout,9.36,17,159.12
06/12/2024,8,Juice Shack,8.02,42,336.84
06/12/2024,9,Rocky Road,8.25,48,396
06/12/2024,10,Wingman,9.19,91,836.29
06/12/2024,11,Arcade Made,8.32,88,732.16
06/12/2024,12,Punk IPA,9.53,20,190.6
06/12/2024,13,Hazy Jane,9.78,100,978
06/12/2024,14,Shore Leave,8.59,72,618.48
06/12/2024,15,Simcoe Solo,8.59,8,68.72
06/12/2024,16,Lucky Break,9.52,83,790.16
07/12/2024,1,Black Heart,8.84,30,265.2
07/12/2024,2,Fools Gold,9.15,28,256.2
07/12/2024,3,Cold Beer B,9.77,17,166.09
07/12/2024,4,Lost Lager,8.47,19,160.93
07/12/2024,5,King Crush,8.15,97,790.55
07/12/2024,6,Wingman Tro,9.48,36,341.28
07/12/2024,7,Grind Stout,9.36,90,842.4
07/12/2024,8,Juice Shack,8.02,46,368.92
07/12/2024,9,Rocky Road,8.25,26,214.5
07/12/2024,10,Wingman,9.19,46,422.74
07/12/2024,11,Arcade Made,8.32,16,133.12
07/12/2024,12,Punk IPA,9.53,67,638.51
07/12/2024,13,Hazy Jane,9.78,27,264.06
07/12/2024,14,Shore Leave,8.59,10,85.9
07/12/2024,15,Simcoe Solo,8.59,91,781.69
07/12/2024,16,Lucky Break,9.52,29,276.08
08/12/2024,1,Black Heart,8.84,49,433.16
08/12/2024,2,Fools Gold,9.15,90,823.5
08/12/2024,3,Cold Beer B,9.77,14,136.78
08/12/2024,4,Lost Lager,8.47,66,559.02
08/12/2024,5,King Crush,8.15,80,652
08/12/2024,6,Wingman Tro,9.48,57,540.36
08/12/2024,7,Grind Stout,9.36,85,795.6
08/12/2024,8,Juice Shack,8.02,100,802
08/12/2024,9,Rocky Road,8.25,71,585.75
08/12/2024,10,Wingman,9.19,62,569.78
08/12/2024,11,Arcade Made,8.32,75,624
08/12/2024,12,Punk IPA,9.53,59,562.27
08/12/2024,13,Hazy Jane,9.78,100,978
08/12/2024,14,Shore Leave,8.59,45,386.55
08/12/2024,15,Simcoe Solo,8.59,83,712.97
08/12/2024,16,Lucky Break,9.52,94,894.88
09/12/2024,1,Black Heart,8.84,3,26.52
09/12/2024,2,Fools Gold,9.15,41,375.15
09/12/2024,3,Cold Beer B,9.77,95,928.15
09/12/2024,4,Lost Lager,8.47,36,304.92
09/12/2024,5,King Crush,8.15,29,236.35
09/12/2024,6,Wingman Tro,9.48,86,815.28
09/12/2024,7,Grind Stout,9.36,5,46.8
09/12/2024,8,Juice Shack,8.02,59,473.18
09/12/2024,9,Rocky Road,8.25,6,49.5
09/12/2024,10,Wingman,9.19,66,606.54
09/12/2024,11,Arcade Made,8.32,84,698.88
09/12/2024,12,Punk IPA,9.53,19,181.07
09/12/2024,13,Hazy Jane,9.78,68,665.04
09/12/2024,14,Shore Leave,8.59,87,747.33
09/12/2024,15,Simcoe Solo,8.59,50,429.5
09/12/2024,16,Lucky Break,9.52,65,618.8
10/12/2024,1,Black Heart,8.84,94,830.96
10/12/2024,2,Fools Gold,9.15,30,274.5
10/12/2024,3,Cold Beer B,9.77,71,693.67
10/12/2024,4,Lost Lager,8.47,34,287.98
10/12/2024,5,King Crush,8.15,64,521.6
10/12/2024,6,Wingman Tro,9.48,4,37.92
10/12/2024,7,Grind Stout,9.36,6,56.16
10/12/2024,8,Juice Shack,8.02,89,713.78
10/12/2024,9,Rocky Road,8.25,61,503.25
10/12/2024,10,Wingman,9.19,83,762.77
10/12/2024,11,Arcade Made,8.32,18,149.76
10/12/2024,12,Punk IPA,9.53,86,819.58
10/12/2024,13,Hazy Jane,9.78,8,78.24
10/12/2024,14,Shore Leave,8.59,69,592.71
10/12/2024,15,Simcoe Solo,8.59,53,455.27
10/12/2024,16,Lucky Break,9.52,97,923.44
11/12/2024,1,Black Heart,8.84,39,344.76
11/12/2024,2,Fools Gold,9.15,67,613.05
11/12/2024,3,Cold Beer B,9.77,36,351.72
11/12/2024,4,Lost Lager,8.47,67,567.49
11/12/2024,5,King Crush,8.15,37,301.55
11/12/2024,6,Wingman Tro,9.48,6,56.88
11/12/2024,7,Grind Stout,9.36,28,262.08
11/12/2024,8,Juice Shack,8.02,29,232.58
11/12/2024,9,Rocky Road,8.25,32,264
11/12/2024,10,Wingman,9.19,57,523.83
11/12/2024,11,Arcade Made,8.32,40,332.8
11/12/2024,12,Punk IPA,9.53,27,257.31
11/12/2024,13,Hazy Jane,9.78,50,489
11/12/2024,14,Shore Leave,8.59,57,489.63
11/12/2024,15,Simcoe Solo,8.59,52,446.68
11/12/2024,16,Lucky Break,9.52,18,171.36
12/12/2024,1,Black Heart,8.84,49,433.16
12/12/2024,2,Fools Gold,9.15,35,320.25
12/12/2024,3,Cold Beer B,9.77,10,97.7
12/12/2024,4,Lost Lager,8.47,61,516.67
12/12/2024,5,King Crush,8.15,74,603.1
12/12/2024,6,Wingman Tro,9.48,47,445.56
12/12/2024,7,Grind Stout,9.36,21,196.56
12/12/2024,8,Juice Shack,8.02,84,673.68
12/12/2024,9,Rocky Road,8.25,57,470.25
12/12/2024,10,Wingman,9.19,90,827.1
12/12/2024,11,Arcade Made,8.32,62,515.84
12/12/2024,12,Punk IPA,9.53,68,648.04
12/12/2024,13,Hazy Jane,9.78,4,39.12
12/12/2024,14,Shore Leave,8.59,27,231.93
12/12/2024,15,Simcoe Solo,8.59,14,120.26
12/12/2024,16,Lucky Break,9.52,90,856.8
13/12/2024,1,Black Heart,8.84,93,822.12
13/12/2024,2,Fools Gold,9.15,21,192.15
13/12/2024,3,Cold Beer B,9.77,13,127.01
13/12/2024,4,Lost Lager,8.47,15,127.05
13/12/2024,5,King Crush,8.15,93,757.95
13/12/2024,6,Wingman Tro,9.48,48,455.04
13/12/2024,7,Grind Stout,9.36,18,168.48
13/12/2024,8,Juice Shack,8.02,83,665.66
13/12/2024,9,Rocky Road,8.25,50,412.5
13/12/2024,10,Wingman,9.19,35,321.65
13/12/2024,11,Arcade Made,8.32,47,391.04
13/12/2024,12,Punk IPA,9.53,72,686.16
13/12/2024,13,Hazy Jane,9.78,57,557.46
13/12/2024,14,Shore Leave,8.59,52,446.68
13/12/2024,15,Simcoe Solo,8.59,12,103.08
13/12/2024,16,Lucky Break,9.52,3,28.56
14/12/2024,1,Black Heart,8.84,60,530.4
14/12/2024,2,Fools Gold,9.15,39,356.85
14/12/2024,3,Cold Beer B,9.77,17,166.09
14/12/2024,4,Lost Lager,8.47,77,652.19
14/12/2024,5,King Crush,8.15,33,268.95
14/12/2024,6,Wingman Tro,9.48,78,739.44
14/12/2024,7,Grind Stout,9.36,39,365.04
14/12/2024,8,Juice Shack,8.02,31,248.62
14/12/2024,9,Rocky Road,8.25,79,651.75
14/12/2024,10,Wingman,9.19,63,578.97
14/12/2024,11,Arcade Made,8.32,57,474.24
14/12/2024,12,Punk IPA,9.53,68,648.04
14/12/2024,13,Hazy Jane,9.78,10,97.8
14/12/2024,14,Shore Leave,8.59,77,661.43
14/12/2024,15,Simcoe Solo,8.59,65,558.35
14/12/2024,16,Lucky Break,9.52,23,218.96
15/12/2024,1,Black Heart,8.84,48,424.32
15/12/2024,2,Fools Gold,9.15,82,750.3
15/12/2024,3,Cold Beer B,9.77,37,361.49
15/12/2024,4,Lost Lager,8.47,23,194.81
15/12/2024,5,King Crush,8.15,82,668.3
15/12/2024,6,Wingman Tro,9.48,86,815.28
15/12/2024,7,Grind Stout,9.36,5,46.8
15/12/2024,8,Juice Shack,8.02,36,288.72
15/12/2024,9,Rocky Road,8.25,100,825
15/12/2024,10,Wingman,9.19,24,220.56
15/12/2024,11,Arcade Made,8.32,34,282.88
15/12/2024,12,Punk IPA,9.53,0,0
15/12/2024,13,Hazy Jane,9.78,59,577.02
15/12/2024,14,Shore Leave,8.59,28,240.52
15/12/2024,15,Simcoe Solo,8.59,10,85.9
15/12/2024,16,Lucky Break,9.52,59,561.68
16/12/2024,1,Black Heart,8.84,89,786.76
16/12/2024,2,Fools Gold,9.15,84,768.6
16/12/2024,3,Cold Beer B,9.77,17,166.09
16/12/2024,4,Lost Lager,8.47,19,160.93
16/12/2024,5,King Crush,8.15,92,749.8
16/12/2024,6,Wingman Tro,9.48,46,436.08
16/12/2024,7,Grind Stout,9.36,45,421.2
16/12/2024,8,Juice Shack,8.02,15,120.3
16/12/2024,9,Rocky Road,8.25,67,552.75
16/12/2024,10,Wingman,9.19,10,91.9
16/12/2024,11,Arcade Made,8.32,16,133.12
16/12/2024,12,Punk IPA,9.53,38,362.14
16/12/2024,13,Hazy Jane,9.78,54,528.12
16/12/2024,14,Shore Leave,8.59,38,326.42
16/12/2024,15,Simcoe Solo,8.59,46,395.14
16/12/2024,16,Lucky Break,9.52,85,809.2
17/12/2024,1,Black Heart,8.84,26,229.84
17/12/2024,2,Fools Gold,9.15,85,777.75
17/12/2024,3,Cold Beer B,9.77,8,78.16
17/12/2024,4,Lost Lager,8.47,9,76.23
17/12/2024,5,King Crush,8.15,43,350.45
17/12/2024,6,Wingman Tro,9.48,58,549.84
17/12/2024,7,Grind Stout,9.36,31,290.16
17/12/2024,8,Juice Shack,8.02,46,368.92
17/12/2024,9,Rocky Road,8.25,62,511.5
17/12/2024,10,Wingman,9.19,2,18.38
17/12/2024,11,Arcade Made,8.32,77,640.64
17/12/2024,12,Punk IPA,9.53,56,533.68
17/12/2024,13,Hazy Jane,9.78,90,880.2
17/12/2024,14,Shore Leave,8.59,96,824.64
17/12/2024,15,Simcoe Solo,8.59,90,773.1
17/12/2024,16,Lucky Break,9.52,60,571.2
18/12/2024,1,Black Heart,8.84,64,565.76
18/12/2024,2,Fools Gold,9.15,86,786.9
18/12/2024,3,Cold Beer B,9.77,52,508.04
18/12/2024,4,Lost Lager,8.47,53,448.91
18/12/2024,5,King Crush,8.15,22,179.3
18/12/2024,6,Wingman Tro,9.48,87,824.76
18/12/2024,7,Grind Stout,9.36,44,411.84
18/12/2024,8,Juice Shack,8.02,71,569.42
18/12/2024,9,Rocky Road,8.25,90,742.5
18/12/2024,10,Wingman,9.19,78,716.82
18/12/2024,11,Arcade Made,8.32,86,715.52
18/12/2024,12,Punk IPA,9.53,5,47.65
18/12/2024,13,Hazy Jane,9.78,17,166.26
18/12/2024,14,Shore Leave,8.59,13,111.67
18/12/2024,15,Simcoe Solo,8.59,26,223.34
18/12/2024,16,Lucky Break,9.52,60,571.2
19/12/2024,1,Black Heart,8.84,5,44.2
19/12/2024,2,Fools Gold,9.15,89,814.35
19/12/2024,3,Cold Beer B,9.77,57,556.89
19/12/2024,4,Lost Lager,8.47,89,753.83
19/12/2024,5,King Crush,8.15,19,154.85
19/12/2024,6,Wingman Tro,9.48,41,388.68
19/12/2024,7,Grind Stout,9.36,28,262.08
19/12/2024,8,Juice Shack,8.02,69,553.38
19/12/2024,9,Rocky Road,8.25,28,231
19/12/2024,10,Wingman,9.19,94,863.86
19/12/2024,11,Arcade Made,8.32,59,490.88
19/12/2024,12,Punk IPA,9.53,76,724.28
19/12/2024,13,Hazy Jane,9.78,41,400.98
19/12/2024,14,Shore Leave,8.59,88,755.92
19/12/2024,15,Simcoe Solo,8.59,84,721.56
19/12/2024,16,Lucky Break,9.52,62,590.24
20/12/2024,1,Black Heart,8.84,57,503.88
20/12/2024,2,Fools Gold,9.15,24,219.6
20/12/2024,3,Cold Beer B,9.77,43,420.11
20/12/2024,4,Lost Lager,8.47,23,194.81
20/12/2024,5,King Crush,8.15,15,122.25
20/12/2024,6,Wingman Tro,9.48,35,331.8
20/12/2024,7,Grind Stout,9.36,55,514.8
20/12/2024,8,Juice Shack,8.02,77,617.54
20/12/2024,9,Rocky Road,8.25,100,825
20/12/2024,10,Wingman,9.19,97,891.43
20/12/2024,11,Arcade Made,8.32,67,557.44
20/12/2024,12,Punk IPA,9.53,27,257.31
20/12/2024,13,Hazy Jane,9.78,28,273.84
20/12/2024,14,Shore Leave,8.59,86,738.74
20/12/2024,15,Simcoe Solo,8.59,73,627.07
20/12/2024,16,Lucky Break,9.52,22,209.44
21/12/2024,1,Black Heart,8.84,86,760.24
21/12/2024,2,Fools Gold,9.15,74,677.1
21/12/2024,3,Cold Beer B,9.77,73,713.21
21/12/2024,4,Lost Lager,8.47,96,813.12
21/12/2024,5,King Crush,8.15,86,700.9
21/12/2024,6,Wingman Tro,9.48,59,559.32
21/12/2024,7,Grind Stout,9.36,99,926.64
21/12/2024,8,Juice Shack,8.02,100,802
21/12/2024,9,Rocky Road,8.25,18,148.5
21/12/2024,10,Wingman,9.19,52,477.88
21/12/2024,11,Arcade Made,8.32,45,374.4
21/12/2024,12,Punk IPA,9.53,4,38.12
21/12/2024,13,Hazy Jane,9.78,31,303.18
21/12/2024,14,Shore Leave,8.59,4,34.36
21/12/2024,15,Simcoe Solo,8.59,45,386.55
21/12/2024,16,Lucky Break,9.52,78,742.56
22/12/2024,1,Black Heart,8.84,74,654.16
22/12/2024,2,Fools Gold,9.15,7,64.05
22/12/2024,3,Cold Beer B,9.77,46,449.42
22/12/2024,4,Lost Lager,8.47,29,245.63
22/12/2024,5,King Crush,8.15,18,146.7
22/12/2024,6,Wingman Tro,9.48,61,578.28
22/12/2024,7,Grind Stout,9.36,38,355.68
22/12/2024,8,Juice Shack,8.02,98,785.96
22/12/2024,9,Rocky Road,8.25,53,437.25
22/12/2024,10,Wingman,9.19,96,882.24
22/12/2024,11,Arcade Made,8.32,81,673.92
22/12/2024,12,Punk IPA,9.53,95,905.35
22/12/2024,13,Hazy Jane,9.78,93,909.54
22/12/2024,14,Shore Leave,8.59,55,472.45
22/12/2024,15,Simcoe Solo,8.59,21,180.39
22/12/2024,16,Lucky Break,9.52,85,809.2
23/12/2024,1,Black Heart,8.84,75,663
23/12/2024,2,Fools Gold,9.15,68,622.2
23/12/2024,3,Cold Beer B,9.77,84,820.68
23/12/2024,4,Lost Lager,8.47,89,753.83
23/12/2024,5,King Crush,8.15,87,709.05
23/12/2024,6,Wingman Tro,9.48,74,701.52
23/12/2024,7,Grind Stout,9.36,65,608.4
23/12/2024,8,Juice Shack,8.02,11,88.22
23/12/2024,9,Rocky Road,8.25,73,602.25
23/12/2024,10,Wingman,9.19,10,91.9
23/12/2024,11,Arcade Made,8.32,35,291.2
23/12/2024,12,Punk IPA,9.53,76,724.28
23/12/2024,13,Hazy Jane,9.78,40,391.2
23/12/2024,14,Shore Leave,8.59,53,455.27
23/12/2024,15,Simcoe Solo,8.59,32,274.88
23/12/2024,16,Lucky Break,9.52,1,9.52
24/12/2024,1,Black Heart,8.84,25,221
24/12/2024,2,Fools Gold,9.15,69,631.35
24/12/2024,3,Cold Beer B,9.77,5,48.85
24/12/2024,4,Lost Lager,8.47,71,601.37
24/12/2024,5,King Crush,8.15,81,660.15
24/12/2024,6,Wingman Tro,9.48,10,94.8
24/12/2024,7,Grind Stout,9.36,76,711.36
24/12/2024,8,Juice Shack,8.02,20,160.4
24/12/2024,9,Rocky Road,8.25,42,346.5
24/12/2024,10,Wingman,9.19,94,863.86
24/12/2024,11,Arcade Made,8.32,58,482.56
24/12/2024,12,Punk IPA,9.53,48,457.44
24/12/2024,13,Hazy Jane,9.78,55,537.9
24/12/2024,14,Shore Leave,8.59,60,515.4
24/12/2024,15,Simcoe Solo,8.59,84,721.56
24/12/2024,16,Lucky Break,9.52,38,361.76
25/12/2024,1,Black Heart,8.84,92,813.28
25/12/2024,2,Fools Gold,9.15,64,585.6
25/12/2024,3,Cold Beer B,9.77,89,869.53
25/12/2024,4,Lost Lager,8.47,75,635.25
25/12/2024,5,King Crush,8.15,56,456.4
25/12/2024,6,Wingman Tro,9.48,91,862.68
25/12/2024,7,Grind Stout,9.36,96,898.56
25/12/2024,8,Juice Shack,8.02,29,232.58
25/12/2024,9,Rocky Road,8.25,43,354.75
25/12/2024,10,Wingman,9.19,32,294.08
25/12/2024,11,Arcade Made,8.32,2,16.64
25/12/2024,12,Punk IPA,9.53,74,705.22
25/12/2024,13,Hazy Jane,9.78,37,361.86
25/12/2024,14,Shore Leave,8.59,62,532.58
25/12/2024,15,Simcoe Solo,8.59,20,171.8
25/12/2024,16,Lucky Break,9.52,73,694.96
26/12/2024,1,Black Heart,8.84,69,609.96
26/12/2024,2,Fools Gold,9.15,2,18.3
26/12/2024,3,Cold Beer B,9.77,62,605.74
26/12/2024,4,Lost Lager,8.47,79,669.13
26/12/2024,5,King Crush,8.15,44,358.6
26/12/2024,6,Wingman Tro,9.48,85,805.8
26/12/2024,7,Grind Stout,9.36,32,299.52
26/12/2024,8,Juice Shack,8.02,54,433.08
26/12/2024,9,Rocky Road,8.25,62,511.5
26/12/2024,10,Wingman,9.19,20,183.8
26/12/2024,11,Arcade Made,8.32,35,291.2
26/12/2024,12,Punk IPA,9.53,0,0
26/12/2024,13,Hazy Jane,9.78,1,9.78
26/12/2024,14,Shore Leave,8.59,40,343.6
26/12/2024,15,Simcoe Solo,8.59,70,601.3
26/12/2024,16,Lucky Break,9.52,44,418.88
27/12/2024,1,Black Heart,8.84,59,521.56
27/12/2024,2,Fools Gold,9.15,15,137.25
27/12/2024,3,Cold Beer B,9.77,29,283.33
27/12/2024,4,Lost Lager,8.47,65,550.55
27/12/2024,5,King Crush,8.15,69,562.35
27/12/2024,6,Wingman Tro,9.48,100,948
27/12/2024,7,Grind Stout,9.36,16,149.76
27/12/2024,8,Juice Shack,8.02,50,401
27/12/2024,9,Rocky Road,8.25,19,156.75
27/12/2024,10,Wingman,9.19,8,73.52
27/12/2024,11,Arcade Made,8.32,34,282.88
27/12/2024,12,Punk IPA,9.53,99,943.47
27/12/2024,13,Hazy Jane,9.78,37,361.86
27/12/2024,14,Shore Leave,8.59,2,17.18
27/12/2024,15,Simcoe Solo,8.59,96,824.64
27/12/2024,16,Lucky Break,9.52,75,714
28/12/2024,1,Black Heart,8.84,32,282.88
28/12/2024,2,Fools Gold,9.15,65,594.75
28/12/2024,3,Cold Beer B,9.77,15,146.55
28/12/2024,4,Lost Lager,8.47,49,415.03
28/12/2024,5,King Crush,8.15,60,489
28/12/2024,6,Wingman Tro,9.48,94,891.12
28/12/2024,7,Grind Stout,9.36,52,486.72
28/12/2024,8,Juice Shack,8.02,9,72.18
28/12/2024,9,Rocky Road,8.25,23,189.75
28/12/2024,10,Wingman,9.19,47,431.93
28/12/2024,11,Arcade Made,8.32,45,374.4
28/12/2024,12,Punk IPA,9.53,31,295.43
28/12/2024,13,Hazy Jane,9.78,79,772.62
28/12/2024,14,Shore Leave,8.59,52,446.68
28/12/2024,15,Simcoe Solo,8.59,91,781.69
28/12/2024,16,Lucky Break,9.52,34,323.68
29/12/2024,1,Black Heart,8.84,97,857.48
29/12/2024,2,Fools Gold,9.15,91,832.65
29/12/2024,3,Cold Beer B,9.77,87,849.99
29/12/2024,4,Lost Lager,8.47,44,372.68
29/12/2024,5,King Crush,8.15,9,73.35
29/12/2024,6,Wingman Tro,9.48,51,483.48
29/12/2024,7,Grind Stout,9.36,98,917.28
29/12/2024,8,Juice Shack,8.02,35,280.7
29/12/2024,9,Rocky Road,8.25,77,635.25
29/12/2024,10,Wingman,9.19,38,349.22
29/12/2024,11,Arcade Made,8.32,50,416
29/12/2024,12,Punk IPA,9.53,47,447.91
29/12/2024,13,Hazy Jane,9.78,49,479.22
29/12/2024,14,Shore Leave,8.59,90,773.1
29/12/2024,15,Simcoe Solo,8.59,90,773.1
29/12/2024,16,Lucky Break,9.52,1,9.52
30/12/2024,1,Black Heart,8.84,59,521.56
30/12/2024,2,Fools Gold,9.15,73,667.95
30/12/2024,3,Cold Beer B,9.77,49,478.73
30/12/2024,4,Lost Lager,8.47,95,804.65
30/12/2024,5,King Crush,8.15,22,179.3
30/12/2024,6,Wingman Tro,9.48,59,559.32
30/12/2024,7,Grind Stout,9.36,16,149.76
30/12/2024,8,Juice Shack,8.02,62,497.24
30/12/2024,9,Rocky Road,8.25,90,742.5
30/12/2024,10,Wingman,9.19,30,275.7
30/12/2024,11,Arcade Made,8.32,48,399.36
30/12/2024,12,Punk IPA,9.53,43,409.79
30/12/2024,13,Hazy Jane,9.78,18,176.04
30/12/2024,14,Shore Leave,8.59,17,146.03
30/12/2024,15,Simcoe Solo,8.59,96,824.64
30/12/2024,16,Lucky Break,9.52,5,47.6
31/12/2024,1,Black Heart,8.84,81,716.04
31/12/2024,2,Fools Gold,9.15,65,594.75
31/12/2024,3,Cold Beer B,9.77,68,664.36
31/12/2024,4,Lost Lager,8.47,34,287.98
31/12/2024,5,King Crush,8.15,85,692.75
31/12/2024,6,Wingman Tro,9.48,18,170.64
31/12/2024,7,Grind Stout,9.36,80,748.8
31/12/2024,8,Juice Shack,8.02,67,537.34
31/12/2024,9,Rocky Road,8.25,16,132
31/12/2024,10,Wingman,9.19,56,514.64
31/12/2024,11,Arcade Made,8.32,77,640.64
31/12/2024,12,Punk IPA,9.53,18,171.54
31/12/2024,13,Hazy Jane,9.78,11,107.58
31/12/2024,14,Shore Leave,8.59,82,704.38
31/12/2024,15,Simcoe Solo,8.59,53,455.27
31/12/2024,16,Lucky Break,9.52,87,828.24
